ISO-10303-21;
HEADER;
FILE_DESCRIPTION (( 'STEP AP203' ),
    '1' );
FILE_NAME ('Repeat Compact 1806.STEP',
    '2026-01-28T18:28:11',
    ( '' ),
    ( '' ),
    'SwSTEP 2.0',
    'SolidWorks 2026',
    '' );
FILE_SCHEMA (( 'CONFIG_CONTROL_DESIGN' ));
ENDSEC;

DATA;
#1 = VERTEX_POINT ( 'NONE', #3399 ) ;
#2 = CARTESIAN_POINT ( 'NONE',  ( 3.766946802683242446, -7.438519677829211751, -24.39358317063245707 ) ) ;
#3 = FACE_BOUND ( 'NONE', #2136, .T. ) ;
#4 = EDGE_LOOP ( 'NONE', ( #6989 ) ) ;
#5 = ORIENTED_EDGE ( 'NONE', *, *, #1289, .F. ) ;
#6 = DIRECTION ( 'NONE',  ( 3.491483361109385222E-15, -1.000000000000000000, 0.000000000000000000 ) ) ;
#7 = AXIS2_PLACEMENT_3D ( 'NONE', #9588, #9383, #9486 ) ;
#8 = CIRCLE ( 'NONE', #6020, 0.8000000000000002665 ) ;
#9 = ORIENTED_EDGE ( 'NONE', *, *, #8834, .T. ) ;
#10 = EDGE_CURVE ( 'NONE', #6659, #5840, #9977, .T. ) ;
#11 = CARTESIAN_POINT ( 'NONE',  ( 1.050000000000000044, 9.000000000000000000, 0.000000000000000000 ) ) ;
#12 = DIRECTION ( 'NONE',  ( 0.000000000000000000, 0.000000000000000000, -1.000000000000000000 ) ) ;
#13 = CARTESIAN_POINT ( 'NONE',  ( 3.629958060373031259, -10.91292892193563091, -10.80000001056799874 ) ) ;
#14 = CARTESIAN_POINT ( 'NONE',  ( -5.868986283848387053, 4.808326112068473712, -26.67232776209101530 ) ) ;
#15 = AXIS2_PLACEMENT_3D ( 'NONE', #7800, #3512, #2799 ) ;
#16 = CARTESIAN_POINT ( 'NONE',  ( -3.500000000000060396, -11.49999999999961808, -10.80000000000001492 ) ) ;
#17 = ORIENTED_EDGE ( 'NONE', *, *, #6709, .F. ) ;
#18 = EDGE_LOOP ( 'NONE', ( #8349, #5160, #1060, #9180, #8312, #208 ) ) ;
#19 = ORIENTED_EDGE ( 'NONE', *, *, #4285, .T. ) ;
#20 = VERTEX_POINT ( 'NONE', #180 ) ;
#21 = CARTESIAN_POINT ( 'NONE',  ( 4.907905048204413312, -8.942095008309429716, -12.86824495793299228 ) ) ;
#22 = DIRECTION ( 'NONE',  ( -0.7071067811865522357, 0.7071067811865429098, -1.818814781641097311E-15 ) ) ;
#23 = VECTOR ( 'NONE', #5249, 1000.000000000000000 ) ;
#24 = PLANE ( 'NONE',  #6688 ) ;
#25 = DIRECTION ( 'NONE',  ( -0.7071067811865532349, 0.7071067811865416886, -1.304213562373106295E-15 ) ) ;
#26 = ORIENTED_EDGE ( 'NONE', *, *, #5995, .T. ) ;
#27 = CYLINDRICAL_SURFACE ( 'NONE', #2323, 3.000000000000000444 ) ;
#28 = ORIENTED_EDGE ( 'NONE', *, *, #4825, .T. ) ;
#29 = ORIENTED_EDGE ( 'NONE', *, *, #2971, .F. ) ;
#30 = VECTOR ( 'NONE', #9579, 1000.000000000000000 ) ;
#31 = CARTESIAN_POINT ( 'NONE',  ( -2.412728902227700090, 1.782901916639079376, -9.500000000000007105 ) ) ;
#32 = CARTESIAN_POINT ( 'NONE',  ( -5.868986283848387053, 4.808326112068473712, -26.67232776209101530 ) ) ;
#33 = DIRECTION ( 'NONE',  ( -3.750753461571474649E-15, 1.000000000000000000, 0.000000000000000000 ) ) ;
#34 = ADVANCED_FACE ( 'NONE', ( #3472 ), #6745, .T. ) ;
#35 = FACE_OUTER_BOUND ( 'NONE', #9743, .T. ) ;
#36 = CARTESIAN_POINT ( 'NONE',  ( 2.155497403577984805, -2.432350908723610150, 7.700000000000000178 ) ) ;
#37 = AXIS2_PLACEMENT_3D ( 'NONE', #6076, #7664, #1852 ) ;
#38 = ORIENTED_EDGE ( 'NONE', *, *, #4229, .T. ) ;
#39 = CARTESIAN_POINT ( 'NONE',  ( -7.014059722449595746, 5.953399550669653983, -23.80000000000001492 ) ) ;
#40 = ORIENTED_EDGE ( 'NONE', *, *, #895, .F. ) ;
#41 = CARTESIAN_POINT ( 'NONE',  ( 10.41162660277294094, -4.883472669562680224, -11.71904713184497737 ) ) ;
#42 = ORIENTED_EDGE ( 'NONE', *, *, #6812, .F. ) ;
#43 = CARTESIAN_POINT ( 'NONE',  ( 6.477988635661272736E-16, 2.641482852765459543E-15, -23.80000000000000071 ) ) ;
#44 = ORIENTED_EDGE ( 'NONE', *, *, #1220, .T. ) ;
#45 = EDGE_CURVE ( 'NONE', #1706, #4800, #1976, .T. ) ;
#46 = ORIENTED_EDGE ( 'NONE', *, *, #8991, .T. ) ;
#47 = FACE_OUTER_BOUND ( 'NONE', #2481, .T. ) ;
#48 = CIRCLE ( 'NONE', #6083, 11.00000000000000000 ) ;
#49 = CARTESIAN_POINT ( 'NONE',  ( 0.9297727481329148835, -3.418388204805220099, 7.299999999999999822 ) ) ;
#50 = CARTESIAN_POINT ( 'NONE',  ( 0.000000000000000000, 0.000000000000000000, 1.000000000000000000 ) ) ;
#51 = DIRECTION ( 'NONE',  ( 0.7071067811865485719, 8.659560562354922997E-17, -0.7071067811865465735 ) ) ;
#52 = CARTESIAN_POINT ( 'NONE',  ( -8.131727983645353319, 8.131727983645239632, -14.10000000000002451 ) ) ;
#53 = CARTESIAN_POINT ( 'NONE',  ( 5.120077358545215063, -4.620490197274785160, -27.07101095255299228 ) ) ;
#54 = DIRECTION ( 'NONE',  ( -2.162509551751223673E-15, -7.369864865273524623E-16, 1.000000000000000000 ) ) ;
#55 = EDGE_CURVE ( 'NONE', #1939, #1939, #1361, .T. ) ;
#56 = VERTEX_POINT ( 'NONE', #385 ) ;
#57 = ADVANCED_FACE ( 'NONE', ( #8495 ), #480, .T. ) ;
#58 = DIRECTION ( 'NONE',  ( 1.000000000000000000, 0.000000000000000000, 0.000000000000000000 ) ) ;
#59 = CARTESIAN_POINT ( 'NONE',  ( -1.139282179206400178E-14, -2.254830370489016622E-14, -13.80000000000000071 ) ) ;
#60 = ORIENTED_EDGE ( 'NONE', *, *, #7725, .F. ) ;
#61 = VERTEX_POINT ( 'NONE', #8603 ) ;
#62 = VECTOR ( 'NONE', #521, 1000.000000000000000 ) ;
#63 = EDGE_CURVE ( 'NONE', #3174, #5962, #4787, .T. ) ;
#64 = CARTESIAN_POINT ( 'NONE',  ( 8.644746269442578068, 7.584086097662892989, -27.29999999999997939 ) ) ;
#65 = CARTESIAN_POINT ( 'NONE',  ( 6.379078143470708895, -9.568601963708179170, -11.64318280168298969 ) ) ;
#66 = CARTESIAN_POINT ( 'NONE',  ( 4.672900428227286795, -10.50788871920145873, -11.36290054706299379 ) ) ;
#67 = ORIENTED_EDGE ( 'NONE', *, *, #562, .T. ) ;
#68 = DIRECTION ( 'NONE',  ( -0.7071067811865415775, -0.7071067811865534569, 0.000000000000000000 ) ) ;
#69 = EDGE_CURVE ( 'NONE', #4509, #5147, #2979, .T. ) ;
#70 = EDGE_CURVE ( 'NONE', #8814, #218, #3571, .T. ) ;
#71 = ORIENTED_EDGE ( 'NONE', *, *, #9348, .T. ) ;
#72 = CIRCLE ( 'NONE', #2998, 0.8000000000000002665 ) ;
#73 = ORIENTED_EDGE ( 'NONE', *, *, #156, .F. ) ;
#74 = EDGE_LOOP ( 'NONE', ( #4980, #3064, #10351, #7728 ) ) ;
#75 = CARTESIAN_POINT ( 'NONE',  ( 4.191262062583250625, -9.299281342802906636, -13.63249213252599290 ) ) ;
#76 = DIRECTION ( 'NONE',  ( 1.000000000000000000, 0.000000000000000000, 0.000000000000000000 ) ) ;
#77 = CARTESIAN_POINT ( 'NONE',  ( 4.620490197274785160, 5.120077358545215951, -27.07101095255298873 ) ) ;
#78 = CARTESIAN_POINT ( 'NONE',  ( 0.000000000000000000, -0.2000000000000000111, 7.700000000000000178 ) ) ;
#79 = CIRCLE ( 'NONE', #9499, 1.050000000000547828 ) ;
#80 = CARTESIAN_POINT ( 'NONE',  ( 11.49999999999392131, -3.499999999994368949, -13.79999999999997407 ) ) ;
#81 = ORIENTED_EDGE ( 'NONE', *, *, #1773, .T. ) ;
#82 = ORIENTED_EDGE ( 'NONE', *, *, #10210, .T. ) ;
#83 = FACE_OUTER_BOUND ( 'NONE', #9390, .T. ) ;
#84 = ORIENTED_EDGE ( 'NONE', *, *, #2354, .F. ) ;
#85 = CIRCLE ( 'NONE', #7313, 0.1000000000000000194 ) ;
#86 = CARTESIAN_POINT ( 'NONE',  ( -0.6099076439117319115, -2.299999999999999822, 7.700000000000000178 ) ) ;
#87 = DIRECTION ( 'NONE',  ( 0.000000000000000000, 0.000000000000000000, 1.000000000000000000 ) ) ;
#88 = VERTEX_POINT ( 'NONE', #4490 ) ;
#89 = ORIENTED_EDGE ( 'NONE', *, *, #507, .F. ) ;
#90 = CARTESIAN_POINT ( 'NONE',  ( 10.40651886101795576, -4.894341174470245193, -11.74579602951197899 ) ) ;
#91 = AXIS2_PLACEMENT_3D ( 'NONE', #8962, #7358, #7410 ) ;
#92 = CARTESIAN_POINT ( 'NONE',  ( -1.355497403577985871, -2.040864225982059743, 7.299999999999999822 ) ) ;
#93 = ORIENTED_EDGE ( 'NONE', *, *, #9484, .T. ) ;
#94 = EDGE_CURVE ( 'NONE', #2876, #6723, #4540, .T. ) ;
#95 = ORIENTED_EDGE ( 'NONE', *, *, #7755, .F. ) ;
#96 = DIRECTION ( 'NONE',  ( 1.000000000000000000, 0.000000000000000000, 0.000000000000000000 ) ) ;
#97 = LINE ( 'NONE', #3995, #302 ) ;
#98 = AXIS2_PLACEMENT_3D ( 'NONE', #1915, #4512, #10151 ) ;
#99 = CARTESIAN_POINT ( 'NONE',  ( -10.38566075881554518, -4.938698365012942126, -11.85149325331902759 ) ) ;
#100 = CARTESIAN_POINT ( 'NONE',  ( 3.676955262170051864, -4.808326112068498581, -12.29999999999999538 ) ) ;
#101 = LINE ( 'NONE', #9021, #6944 ) ;
#102 = FACE_OUTER_BOUND ( 'NONE', #4810, .T. ) ;
#103 = EDGE_CURVE ( 'NONE', #4740, #8027, #1319, .T. ) ;
#104 = EDGE_CURVE ( 'NONE', #6769, #4976, #8700, .T. ) ;
#105 = AXIS2_PLACEMENT_3D ( 'NONE', #4319, #9129, #7520 ) ;
#106 = CARTESIAN_POINT ( 'NONE',  ( -4.808326112068474600, -5.868986283848385277, -27.30000000000002203 ) ) ;
#107 = DIRECTION ( 'NONE',  ( 1.503138155671783241E-15, 1.636415952796485298E-15, -1.000000000000000000 ) ) ;
#108 = VERTEX_POINT ( 'NONE', #10183 ) ;
#109 = CARTESIAN_POINT ( 'NONE',  ( 6.363961030679040398, 6.363961030679200270, 5.000000000000000000 ) ) ;
#110 = DIRECTION ( 'NONE',  ( 1.000000000000000000, 0.000000000000000000, 0.000000000000000000 ) ) ;
#111 = CYLINDRICAL_SURFACE ( 'NONE', #2399, 1.499999999999999556 ) ;
#112 = CARTESIAN_POINT ( 'NONE',  ( 6.175977439686609394, -9.700894901448823049, -12.14180794775299077 ) ) ;
#113 = AXIS2_PLACEMENT_3D ( 'NONE', #8640, #1278, #10053 ) ;
#114 = EDGE_CURVE ( 'NONE', #3495, #4113, #9216, .T. ) ;
#115 = LINE ( 'NONE', #4058, #5891 ) ;
#116 = PLANE ( 'NONE',  #2589 ) ;
#117 = CARTESIAN_POINT ( 'NONE',  ( 5.265580518111655728, -8.735844812924828062, -11.98246244403199334 ) ) ;
#118 = CARTESIAN_POINT ( 'NONE',  ( -3.230728009154260551E-15, -6.088939366884389131E-15, -12.60000000000000142 ) ) ;
#119 = ORIENTED_EDGE ( 'NONE', *, *, #4990, .F. ) ;
#120 = VERTEX_POINT ( 'NONE', #10236 ) ;
#121 = ORIENTED_EDGE ( 'NONE', *, *, #8736, .T. ) ;
#122 = EDGE_LOOP ( 'NONE', ( #2221 ) ) ;
#123 = AXIS2_PLACEMENT_3D ( 'NONE', #3122, #4791, #738 ) ;
#124 = CIRCLE ( 'NONE', #7160, 0.1000000000000000056 ) ;
#125 = EDGE_LOOP ( 'NONE', ( #618 ) ) ;
#126 = CARTESIAN_POINT ( 'NONE',  ( -4.384818667895070021, -9.209545823984981894, -13.51252348596701580 ) ) ;
#128 = EDGE_CURVE ( 'NONE', #215, #7522, #4605, .T. ) ;
#127 = CARTESIAN_POINT ( 'NONE',  ( 0.000000000000000000, 0.000000000000000000, -9.400000000000000355 ) ) ;
#129 = EDGE_CURVE ( 'NONE', #6652, #10439, #7032, .T. ) ;
#130 = DIRECTION ( 'NONE',  ( 8.444365081389639315E-16, 4.142135623730931154E-16, -1.000000000000000000 ) ) ;
#131 = CARTESIAN_POINT ( 'NONE',  ( 0.000000000000000000, -9.000000000000000000, 3.000000000000000000 ) ) ;
#132 = DIRECTION ( 'NONE',  ( -1.000000000000000000, 0.000000000000000000, 0.000000000000000000 ) ) ;
#133 = ORIENTED_EDGE ( 'NONE', *, *, #3990, .T. ) ;
#134 = VECTOR ( 'NONE', #5463, 1000.000000000000000 ) ;
#135 = ORIENTED_EDGE ( 'NONE', *, *, #1498, .T. ) ;
#136 = CIRCLE ( 'NONE', #818, 1.850000000000000089 ) ;
#137 = DIRECTION ( 'NONE',  ( -2.172003638734912767E-15, -8.119869778723285013E-16, 1.000000000000000000 ) ) ;
#138 = EDGE_LOOP ( 'NONE', ( #2304, #345, #10311, #3003 ) ) ;
#139 = DIRECTION ( 'NONE',  ( 1.000000000000000000, 0.000000000000000000, 0.000000000000000000 ) ) ;
#140 = CARTESIAN_POINT ( 'NONE',  ( 8.999999999999740652, -2.557954394748249714E-13, -9.200000000000002842 ) ) ;
#141 = AXIS2_PLACEMENT_3D ( 'NONE', #7419, #54, #3350 ) ;
#142 = PLANE ( 'NONE',  #10406 ) ;
#143 = AXIS2_PLACEMENT_3D ( 'NONE', #6263, #7007, #2922 ) ;
#144 = EDGE_CURVE ( 'NONE', #7447, #4292, #8693, .T. ) ;
#145 = ORIENTED_EDGE ( 'NONE', *, *, #300, .F. ) ;
#146 = EDGE_LOOP ( 'NONE', ( #3572, #5296, #2212, #4178 ) ) ;
#147 = CARTESIAN_POINT ( 'NONE',  ( 10.91292885340002705, -3.629958274897775894, -10.80000001056797743 ) ) ;
#148 = CYLINDRICAL_SURFACE ( 'NONE', #8174, 11.00000000000000000 ) ;
#149 = EDGE_CURVE ( 'NONE', #9738, #9911, #5369, .T. ) ;
#150 = FACE_OUTER_BOUND ( 'NONE', #6748, .T. ) ;
#151 = VECTOR ( 'NONE', #8983, 1000.000000000000000 ) ;
#152 = VERTEX_POINT ( 'NONE', #2162 ) ;
#153 = VERTEX_POINT ( 'NONE', #6265 ) ;
#154 = FACE_OUTER_BOUND ( 'NONE', #3392, .T. ) ;
#155 = CARTESIAN_POINT ( 'NONE',  ( -10.35892425387676319, 4.994269506994397645, -12.13073272141002334 ) ) ;
#156 = EDGE_CURVE ( 'NONE', #3785, #3749, #3779, .T. ) ;
#157 = CARTESIAN_POINT ( 'NONE',  ( 0.9297727481329148835, -3.418388204805220099, 7.700000000000000178 ) ) ;
#158 = CARTESIAN_POINT ( 'NONE',  ( 0.000000000000000000, 0.000000000000000000, 5.000000000000000000 ) ) ;
#159 = DIRECTION ( 'NONE',  ( 1.000000000000000000, 0.000000000000000000, 0.000000000000000000 ) ) ;
#160 = CC_DESIGN_PERSON_AND_ORGANIZATION_ASSIGNMENT ( #5240, #5189, ( #3303 ) ) ;
#161 = CALENDAR_DATE ( 2026, 28, 1 ) ;
#162 = CARTESIAN_POINT ( 'NONE',  ( 5.833630944789019779, -5.833630944789019779, 0.9999999999999991118 ) ) ;
#163 = CIRCLE ( 'NONE', #1876, 10.80000000000000071 ) ;
#164 = CARTESIAN_POINT ( 'NONE',  ( 9.000000000000000000, 9.427005074995329055E-14, 1.000000000000000000 ) ) ;
#165 = ORIENTED_EDGE ( 'NONE', *, *, #1884, .T. ) ;
#166 = PLANE ( 'NONE',  #8189 ) ;
#167 = CARTESIAN_POINT ( 'NONE',  ( -8.644746269448940978, -7.584086097669257676, -27.30000000000003268 ) ) ;
#168 = VECTOR ( 'NONE', #9970, 1000.000000000000000 ) ;
#169 = EDGE_CURVE ( 'NONE', #10058, #6769, #1848, .T. ) ;
#170 = CARTESIAN_POINT ( 'NONE',  ( -4.586086937588514787E-14, -1.630795882603632919E-14, -6.400000000000003020 ) ) ;
#171 = ADVANCED_FACE ( 'NONE', ( #10125, #4644 ), #2428, .F. ) ;
#172 = LINE ( 'NONE', #7637, #23 ) ;
#173 = DIRECTION ( 'NONE',  ( 0.000000000000000000, 0.000000000000000000, -1.000000000000000000 ) ) ;
#174 = CARTESIAN_POINT ( 'NONE',  ( 1.738233764908631709E-30, 2.982337649086365990E-31, -27.30000000000000071 ) ) ;
#175 = DIRECTION ( 'NONE',  ( -0.7071067811865421326, -0.7071067811865529018, -2.168404344971009262E-15 ) ) ;
#176 = ORIENTED_EDGE ( 'NONE', *, *, #9095, .T. ) ;
#177 = AXIS2_PLACEMENT_3D ( 'NONE', #1238, #286, #9353 ) ;
#178 = ORIENTED_EDGE ( 'NONE', *, *, #9943, .T. ) ;
#179 = EDGE_CURVE ( 'NONE', #5283, #5910, #7952, .T. ) ;
#180 = CARTESIAN_POINT ( 'NONE',  ( -3.237605654302155411, -6.909178529471818209, -24.80000000000001137 ) ) ;
#181 = CARTESIAN_POINT ( 'NONE',  ( 3.499999999994323652, 11.49999999999394618, -10.79999999999998650 ) ) ;
#182 = LINE ( 'NONE', #3320, #4299 ) ;
#183 = CARTESIAN_POINT ( 'NONE',  ( 9.000000000000000000, 9.427005074995329055E-14, 0.000000000000000000 ) ) ;
#184 = CIRCLE ( 'NONE', #698, 0.7499999999999997780 ) ;
#185 = CARTESIAN_POINT ( 'NONE',  ( -4.965625972004557909, -10.37272415736390663, -11.96298691352401811 ) ) ;
#186 = CARTESIAN_POINT ( 'NONE',  ( -1.059907643911732089, -2.750000000000000444, 7.700000000000000178 ) ) ;
#187 = CARTESIAN_POINT ( 'NONE',  ( 8.999999999999740652, -2.557954394748249714E-13, -9.400000000000000355 ) ) ;
#188 = ORIENTED_EDGE ( 'NONE', *, *, #3559, .T. ) ;
#189 = ORIENTED_EDGE ( 'NONE', *, *, #2166, .T. ) ;
#190 = CARTESIAN_POINT ( 'NONE',  ( 0.05000000000000070360, -2.299999999999999822, 7.700000000000000178 ) ) ;
#191 = EDGE_CURVE ( 'NONE', #6887, #3806, #8071, .T. ) ;
#192 = CARTESIAN_POINT ( 'NONE',  ( -9.408812918886935606, 3.941344716135867010, -13.74016890136302038 ) ) ;
#193 = ORIENTED_EDGE ( 'NONE', *, *, #3377, .T. ) ;
#194 = SECURITY_CLASSIFICATION ( '', '', #7680 ) ;
#195 = ADVANCED_FACE ( 'NONE', ( #1391, #908 ), #7464, .T. ) ;
#196 = FACE_OUTER_BOUND ( 'NONE', #4572, .T. ) ;
#197 = AXIS2_PLACEMENT_3D ( 'NONE', #5617, #1479, #564 ) ;
#198 = DIRECTION ( 'NONE',  ( -0.7071067811865474617, 0.7071067811865474617, 0.000000000000000000 ) ) ;
#199 = CARTESIAN_POINT ( 'NONE',  ( 5.287493853978616265, 4.586699773481446307, -27.01163629753498796 ) ) ;
#200 = ORIENTED_EDGE ( 'NONE', *, *, #7757, .F. ) ;
#201 = ORIENTED_EDGE ( 'NONE', *, *, #7657, .T. ) ;
#202 = LINE ( 'NONE', #1310, #3924 ) ;
#203 = AXIS2_PLACEMENT_3D ( 'NONE', #4774, #6994, #2243 ) ;
#204 = DIRECTION ( 'NONE',  ( -0.7071067811865480168, -0.7071067811865470176, 0.000000000000000000 ) ) ;
#205 = DIRECTION ( 'NONE',  ( -0.7071067811865415775, -0.7071067811865535679, -4.499999999999990292E-16 ) ) ;
#206 = EDGE_CURVE ( 'NONE', #442, #8139, #97, .T. ) ;
#207 = VERTEX_POINT ( 'NONE', #10443 ) ;
#208 = ORIENTED_EDGE ( 'NONE', *, *, #2969, .T. ) ;
#209 = DIRECTION ( 'NONE',  ( 3.425744876703619907E-15, 3.226582980526203472E-16, -1.000000000000000000 ) ) ;
#210 = CARTESIAN_POINT ( 'NONE',  ( -10.65146153957905639, 4.336126931178500676, -11.05191994096702679 ) ) ;
#211 = CONICAL_SURFACE ( 'NONE', #719, 10.80000000000000071, 0.7853981633974399523 ) ;
#212 = DIRECTION ( 'NONE',  ( 0.000000000000000000, 1.000000000000000000, 0.000000000000000000 ) ) ;
#213 = PERSON_AND_ORGANIZATION ( #1116, #7063 ) ;
#214 = FACE_OUTER_BOUND ( 'NONE', #1172, .T. ) ;
#215 = VERTEX_POINT ( 'NONE', #5028 ) ;
#216 = AXIS2_PLACEMENT_3D ( 'NONE', #446, #3742, #7030 ) ;
#217 = CARTESIAN_POINT ( 'NONE',  ( -6.000000000000000000, -3.605551275463995342, 5.000000000000000000 ) ) ;
#218 = VERTEX_POINT ( 'NONE', #3394 ) ;
#219 = DIRECTION ( 'NONE',  ( 0.000000000000000000, 0.000000000000000000, 1.000000000000000000 ) ) ;
#220 = DIRECTION ( 'NONE',  ( 0.000000000000000000, 0.000000000000000000, 1.000000000000000000 ) ) ;
#221 = CARTESIAN_POINT ( 'NONE',  ( -6.363961030678820130, 6.363961030678660258, 1.000000000000000000 ) ) ;
#222 = CONICAL_SURFACE ( 'NONE', #3161, 1.050000000000547828, 0.7853981633974476129 ) ;
#223 = DIRECTION ( 'NONE',  ( 0.000000000000000000, 0.000000000000000000, -1.000000000000000000 ) ) ;
#224 = CARTESIAN_POINT ( 'NONE',  ( -2.121320343559660149, 2.121320343559626398, -22.50000000000001066 ) ) ;
#225 = DIRECTION ( 'NONE',  ( 1.000000000000000000, 0.000000000000000000, 0.000000000000000000 ) ) ;
#226 = EDGE_LOOP ( 'NONE', ( #9168, #9171, #279, #2058 ) ) ;
#227 = EDGE_CURVE ( 'NONE', #4373, #4384, #1761, .T. ) ;
#228 = CARTESIAN_POINT ( 'NONE',  ( 1.005584667363598195, -3.395512396590449899, 7.299999999999999822 ) ) ;
#229 = EDGE_LOOP ( 'NONE', ( #8538, #1324, #5919, #6299 ) ) ;
#230 = CYLINDRICAL_SURFACE ( 'NONE', #3826, 1.999999999999999778 ) ;
#231 = CARTESIAN_POINT ( 'NONE',  ( 3.613257764340384259, -9.539334752913994464, -10.80000000870999521 ) ) ;
#232 = CARTESIAN_POINT ( 'NONE',  ( -3.275164517293222724E-15, -6.171782079359008602E-15, -12.40000000000000213 ) ) ;
#233 = CARTESIAN_POINT ( 'NONE',  ( 4.670617836565730485, 4.997270754622136657, -27.10363736790098699 ) ) ;
#234 = CARTESIAN_POINT ( 'NONE',  ( -4.641636258042158403, -10.52175953570472799, -13.27522473130701641 ) ) ;
#235 = CARTESIAN_POINT ( 'NONE',  ( -9.000000000000001776, -9.801187639268960083E-14, -10.80000000000002558 ) ) ;
#236 = CARTESIAN_POINT ( 'NONE',  ( 7.584086097662885884, -8.644746269442578068, -24.41324865405198707 ) ) ;
#237 = CARTESIAN_POINT ( 'NONE',  ( 1.850000000000000089, 9.000000000000000000, 3.000000000000000000 ) ) ;
#238 = CARTESIAN_POINT ( 'NONE',  ( -1.158822509939087657E-14, -1.988225099390910694E-15, -22.50000000000000355 ) ) ;
#239 = CIRCLE ( 'NONE', #1253, 1.000000000000000000 ) ;
#240 = ORIENTED_EDGE ( 'NONE', *, *, #3437, .T. ) ;
#241 = ORIENTED_EDGE ( 'NONE', *, *, #3618, .F. ) ;
#242 = CONICAL_SURFACE ( 'NONE', #7798, 1.050000000000409939, 0.7853981633974497223 ) ;
#243 = CARTESIAN_POINT ( 'NONE',  ( 9.496538687308875737, -3.725420603910852613, -13.78973822270097926 ) ) ;
#244 = EDGE_LOOP ( 'NONE', ( #7938 ) ) ;
#245 = CARTESIAN_POINT ( 'NONE',  ( -2.071867419369926491E-15, -1.679663816105752115E-15, -23.89363341178100342 ) ) ;
#246 = DIRECTION ( 'NONE',  ( 0.000000000000000000, 0.000000000000000000, -1.000000000000000000 ) ) ;
#247 = CARTESIAN_POINT ( 'NONE',  ( 2.449293598294710359E-16, -2.000000000000000000, -2.200000000000000178 ) ) ;
#248 = DIRECTION ( 'NONE',  ( 1.000000000000000000, 0.000000000000000000, 0.000000000000000000 ) ) ;
#249 = AXIS2_PLACEMENT_3D ( 'NONE', #3265, #1737, #9041 ) ;
#250 = ORIENTED_EDGE ( 'NONE', *, *, #4516, .T. ) ;
#251 = ADVANCED_FACE ( 'NONE', ( #3830 ), #7112, .F. ) ;
#252 = ORIENTED_EDGE ( 'NONE', *, *, #4801, .F. ) ;
#253 = FACE_OUTER_BOUND ( 'NONE', #5885, .T. ) ;
#254 = LINE ( 'NONE', #307, #1105 ) ;
#255 = VERTEX_POINT ( 'NONE', #4754 ) ;
#256 = CONICAL_SURFACE ( 'NONE', #4228, 10.80000000000000071, 0.7853981633974433940 ) ;
#257 = ORIENTED_EDGE ( 'NONE', *, *, #8009, .F. ) ;
#258 = PLANE ( 'NONE',  #6111 ) ;
#259 = CARTESIAN_POINT ( 'NONE',  ( -10.62870238457915661, 4.391641713997624485, -13.50940754819202638 ) ) ;
#260 = ADVANCED_FACE ( 'NONE', ( #5523 ), #3413, .F. ) ;
#261 = FACE_OUTER_BOUND ( 'NONE', #2786, .T. ) ;
#262 = CARTESIAN_POINT ( 'NONE',  ( 10.76199274157302277, 0.9052691480050328865, 0.9999999999999991118 ) ) ;
#263 = CARTESIAN_POINT ( 'NONE',  ( 0.000000000000000000, 9.000000000000000000, 3.000000000000000000 ) ) ;
#264 = EDGE_CURVE ( 'NONE', #697, #4632, #9663, .T. ) ;
#265 = AXIS2_PLACEMENT_3D ( 'NONE', #9778, #3098, #10500 ) ;
#266 = EDGE_CURVE ( 'NONE', #7268, #8830, #6369, .T. ) ;
#267 = PERSON_AND_ORGANIZATION ( #1116, #7063 ) ;
#268 = CARTESIAN_POINT ( 'NONE',  ( 3.500000000000086597, -9.580709785814624624, -10.79999999999999361 ) ) ;
#269 = EDGE_LOOP ( 'NONE', ( #3839, #4162, #9975, #5620, #3967, #1480 ) ) ;
#270 = ORIENTED_EDGE ( 'NONE', *, *, #8791, .F. ) ;
#271 = CARTESIAN_POINT ( 'NONE',  ( -1.393320238429273142E-14, -2.755982353573374711E-14, -10.80000000000000071 ) ) ;
#272 = DIRECTION ( 'NONE',  ( 1.000000000000000000, 4.578627559914759889E-16, 0.000000000000000000 ) ) ;
#273 = CARTESIAN_POINT ( 'NONE',  ( 0.000000000000000000, 2.000000000000000000, -2.200000000000000178 ) ) ;
#274 = CARTESIAN_POINT ( 'NONE',  ( -1.303675323681473871E-14, -2.236753236814774629E-15, -21.90000000000000213 ) ) ;
#275 = CARTESIAN_POINT ( 'NONE',  ( -9.540979117872439019E-14, 8.999999999999991118, -10.79999999999999716 ) ) ;
#276 = CIRCLE ( 'NONE', #1120, 0.4999999999999998890 ) ;
#277 = DIRECTION ( 'NONE',  ( 0.000000000000000000, 0.000000000000000000, 1.000000000000000000 ) ) ;
#278 = ORIENTED_EDGE ( 'NONE', *, *, #6004, .F. ) ;
#279 = ORIENTED_EDGE ( 'NONE', *, *, #9612, .F. ) ;
#280 = ORIENTED_EDGE ( 'NONE', *, *, #5758, .T. ) ;
#281 = DIRECTION ( 'NONE',  ( 8.493206138382439646E-15, -1.000000000000000000, -1.084213562372656028E-15 ) ) ;
#282 = CIRCLE ( 'NONE', #1469, 2.000000000000000000 ) ;
#283 = EDGE_LOOP ( 'NONE', ( #8309, #3131, #3274, #7643, #557, #3591, #1865, #9730 ) ) ;
#284 = CARTESIAN_POINT ( 'NONE',  ( -4.883472669563591495, 10.41162660277359642, -12.88095286815500984 ) ) ;
#285 = CARTESIAN_POINT ( 'NONE',  ( -6.363961030678281006, -6.363961030679200270, 5.000000000000000000 ) ) ;
#286 = DIRECTION ( 'NONE',  ( 0.000000000000000000, 0.000000000000000000, -1.000000000000000000 ) ) ;
#287 = DIRECTION ( 'NONE',  ( -3.130185029406269949E-15, -4.902016902688744135E-16, 1.000000000000000000 ) ) ;
#288 = DIRECTION ( 'NONE',  ( 0.000000000000000000, 0.000000000000000000, -1.000000000000000000 ) ) ;
#289 = CC_DESIGN_PERSON_AND_ORGANIZATION_ASSIGNMENT ( #10063, #5289, ( #2066 ) ) ;
#290 = FACE_OUTER_BOUND ( 'NONE', #1211, .T. ) ;
#291 = ORIENTED_EDGE ( 'NONE', *, *, #3847, .F. ) ;
#292 = CARTESIAN_POINT ( 'NONE',  ( -5.000273327022147996, 8.890290552217184228, -12.28171833057700901 ) ) ;
#293 = EDGE_LOOP ( 'NONE', ( #8910 ) ) ;
#294 = AXIS2_PLACEMENT_3D ( 'NONE', #8613, #1352, #8510 ) ;
#295 = ORIENTED_EDGE ( 'NONE', *, *, #2670, .T. ) ;
#296 = CARTESIAN_POINT ( 'NONE',  ( -4.405198112628877283, 8.076770987746009212, -20.80000000000000782 ) ) ;
#297 = LINE ( 'NONE', #8414, #7352 ) ;
#298 = LINE ( 'NONE', #7724, #3942 ) ;
#299 = CARTESIAN_POINT ( 'NONE',  ( -10.84331591350171919, -1.850000000000040057, 7.000000000000000000 ) ) ;
#300 = EDGE_CURVE ( 'NONE', #4552, #3496, #2324, .T. ) ;
#301 = DIRECTION ( 'NONE',  ( 0.7071067811865535679, -0.7071067811865415775, 1.084213562373107059E-15 ) ) ;
#302 = VECTOR ( 'NONE', #3940, 1000.000000000000000 ) ;
#303 = EDGE_CURVE ( 'NONE', #983, #1458, #2275, .T. ) ;
#304 = VERTEX_POINT ( 'NONE', #1055 ) ;
#305 = CARTESIAN_POINT ( 'NONE',  ( 10.60727770931706182, -4.443000087300972289, -13.46936886946297740 ) ) ;
#306 = CARTESIAN_POINT ( 'NONE',  ( -1.750786205429736800E-15, -1.422005728670131962E-15, -24.41324865405200129 ) ) ;
#307 = CARTESIAN_POINT ( 'NONE',  ( 6.000000000000000000, -3.605551275463995342, 5.000000000000000000 ) ) ;
#308 = DIRECTION ( 'NONE',  ( 1.000000000000000000, 0.000000000000000000, 0.000000000000000000 ) ) ;
#309 = ORIENTED_EDGE ( 'NONE', *, *, #2052, .T. ) ;
#310 = AXIS2_PLACEMENT_3D ( 'NONE', #9966, #9820, #5780 ) ;
#311 = CARTESIAN_POINT ( 'NONE',  ( 9.000000000000000000, 1.850000000000095124, 5.000000000000000000 ) ) ;
#312 = CIRCLE ( 'NONE', #2903, 1.250000000000403677 ) ;
#313 = DIRECTION ( 'NONE',  ( 1.000000000000000000, 0.000000000000000000, 0.000000000000000000 ) ) ;
#314 = EDGE_CURVE ( 'NONE', #4865, #6397, #2891, .T. ) ;
#315 = CARTESIAN_POINT ( 'NONE',  ( -11.49999999999964473, 3.500000000000015099, -13.80000000000002913 ) ) ;
#316 = CARTESIAN_POINT ( 'NONE',  ( 5.842946624173277037, 4.783271731646324021, -26.69312412033198711 ) ) ;
#317 = CARTESIAN_POINT ( 'NONE',  ( 3.181980515339434934, 3.181980515339493110, -27.29999999999998650 ) ) ;
#318 = PLANE ( 'NONE',  #4643 ) ;
#319 = PERSON_AND_ORGANIZATION ( #1116, #7063 ) ;
#320 = AXIS2_PLACEMENT_3D ( 'NONE', #8286, #1886, #7481 ) ;
#321 = DIRECTION ( 'NONE',  ( 2.130801843661360134E-15, 7.604171063012753348E-16, -1.000000000000000000 ) ) ;
#322 = CARTESIAN_POINT ( 'NONE',  ( -4.675857399836992556, 5.696382243278652169, -26.79788553170500975 ) ) ;
#323 = ORIENTED_EDGE ( 'NONE', *, *, #7039, .T. ) ;
#324 = CARTESIAN_POINT ( 'NONE',  ( 4.242248073841532019, 9.276220502677608337, -10.99448717942898313 ) ) ;
#325 = ADVANCED_FACE ( 'NONE', ( #8628, #6293 ), #4622, .T. ) ;
#326 = DIRECTION ( 'NONE',  ( -1.000000000000000000, 0.000000000000000000, 0.000000000000000000 ) ) ;
#327 = AXIS2_PLACEMENT_3D ( 'NONE', #5012, #8250, #3383 ) ;
#328 = CARTESIAN_POINT ( 'NONE',  ( -7.163961030678819952, 6.363961030678660258, 5.000000000000000000 ) ) ;
#329 = CARTESIAN_POINT ( 'NONE',  ( -5.563961030678280295, -6.363961030679200270, 1.000000000000000000 ) ) ;
#330 = FACE_OUTER_BOUND ( 'NONE', #3057, .T. ) ;
#331 = ORIENTED_EDGE ( 'NONE', *, *, #7550, .T. ) ;
#332 = VECTOR ( 'NONE', #7525, 1000.000000000000000 ) ;
#333 = CARTESIAN_POINT ( 'NONE',  ( 6.000000000000000000, 3.200000000000000178, 7.000000000000000000 ) ) ;
#334 = EDGE_CURVE ( 'NONE', #9731, #2548, #3120, .T. ) ;
#335 = DIRECTION ( 'NONE',  ( 2.503619816187394892E-15, 1.762269886699468646E-15, -1.000000000000000000 ) ) ;
#336 = ORIENTED_EDGE ( 'NONE', *, *, #4055, .F. ) ;
#337 = CARTESIAN_POINT ( 'NONE',  ( 4.823589429658147409, -8.988313468612073365, -11.56178399554599601 ) ) ;
#338 = CARTESIAN_POINT ( 'NONE',  ( -6.404807507368903252, 5.344147335588990799, -24.38943002389835613 ) ) ;
#339 = AXIS2_PLACEMENT_3D ( 'NONE', #4860, #6470, #2425 ) ;
#340 = ORIENTED_EDGE ( 'NONE', *, *, #390, .T. ) ;
#341 = DIRECTION ( 'NONE',  ( -0.7071067811865535679, 0.7071067811865415775, -1.414213562373107097E-15 ) ) ;
#342 = DIRECTION ( 'NONE',  ( -0.7071067811865535679, 0.7071067811865415775, 0.000000000000000000 ) ) ;
#343 = ORIENTED_EDGE ( 'NONE', *, *, #6840, .T. ) ;
#344 = DIRECTION ( 'NONE',  ( 0.000000000000000000, 0.000000000000000000, -1.000000000000000000 ) ) ;
#345 = ORIENTED_EDGE ( 'NONE', *, *, #7334, .T. ) ;
#346 = CARTESIAN_POINT ( 'NONE',  ( -7.584086097669117343, -8.644746269449072429, -24.41324865405202260 ) ) ;
#347 = CYLINDRICAL_SURFACE ( 'NONE', #5743, 0.7499999999999997780 ) ;
#348 = AXIS2_PLACEMENT_3D ( 'NONE', #6995, #7932, #3864 ) ;
#349 = CARTESIAN_POINT ( 'NONE',  ( -2.847956723429002867E-15, -5.467619023324757297E-15, -14.10000000000000142 ) ) ;
#350 = CARTESIAN_POINT ( 'NONE',  ( 9.757584728041631905, -6.086011853002031735, -24.41324865405197997 ) ) ;
#351 = ORIENTED_EDGE ( 'NONE', *, *, #5490, .T. ) ;
#352 = ORIENTED_EDGE ( 'NONE', *, *, #9090, .F. ) ;
#353 = CONICAL_SURFACE ( 'NONE', #1205, 6.500000000000000000, 1.047197551196999754 ) ;
#354 = FACE_OUTER_BOUND ( 'NONE', #9432, .T. ) ;
#355 = VERTEX_POINT ( 'NONE', #3759 ) ;
#356 = CARTESIAN_POINT ( 'NONE',  ( -9.142011453396854392, -4.523898966855103509, -11.20241626194402507 ) ) ;
#357 = AXIS2_PLACEMENT_3D ( 'NONE', #3217, #6393, #5547 ) ;
#358 = LINE ( 'NONE', #2840, #410 ) ;
#359 = ADVANCED_FACE ( 'NONE', ( #9537, #1263 ), #1317, .T. ) ;
#360 = CARTESIAN_POINT ( 'NONE',  ( -10.82572605383773556, 3.883880413709259738, -13.75998636847302414 ) ) ;
#361 = DIRECTION ( 'NONE',  ( 0.000000000000000000, 0.000000000000000000, -1.000000000000000000 ) ) ;
#362 = DIRECTION ( 'NONE',  ( 1.000000000000000000, 0.000000000000000000, 0.000000000000000000 ) ) ;
#363 = DIRECTION ( 'NONE',  ( -0.7071067811865384689, -0.7071067811865566766, -3.469446951953614189E-15 ) ) ;
#364 = CARTESIAN_POINT ( 'NONE',  ( 5.899517097202020111, -4.838856925422114763, -24.79999999999999005 ) ) ;
#365 = CIRCLE ( 'NONE', #710, 0.8000000000000003775 ) ;
#366 = VERTEX_POINT ( 'NONE', #2190 ) ;
#367 = APPROVAL_STATUS ( 'not_yet_approved' ) ;
#368 = FACE_OUTER_BOUND ( 'NONE', #9542, .T. ) ;
#369 = EDGE_CURVE ( 'NONE', #8800, #10584, #2762, .T. ) ;
#370 = ORIENTED_EDGE ( 'NONE', *, *, #9700, .F. ) ;
#371 = CARTESIAN_POINT ( 'NONE',  ( -4.619897167114995540, 5.558781810606757467, -26.87972892532000913 ) ) ;
#372 = ORIENTED_EDGE ( 'NONE', *, *, #10, .T. ) ;
#373 = DIRECTION ( 'NONE',  ( -1.000000000000000000, 0.000000000000000000, 0.000000000000000000 ) ) ;
#374 = AXIS2_PLACEMENT_3D ( 'NONE', #8512, #6926, #5974 ) ;
#375 = CARTESIAN_POINT ( 'NONE',  ( 10.49465159972096728, 4.702469829164067860, -11.40198029527297585 ) ) ;
#376 = FACE_OUTER_BOUND ( 'NONE', #4942, .T. ) ;
#377 = DIRECTION ( 'NONE',  ( 3.134218790544081406E-15, 3.164623016462933957E-16, -1.000000000000000000 ) ) ;
#378 = LINE ( 'NONE', #2158, #7686 ) ;
#379 = VECTOR ( 'NONE', #281, 1000.000000000000000 ) ;
#380 = EDGE_CURVE ( 'NONE', #4437, #4437, #3915, .T. ) ;
#381 = CARTESIAN_POINT ( 'NONE',  ( 9.000000000000000000, 1.050000000000093747, 1.000000000000000000 ) ) ;
#382 = VERTEX_POINT ( 'NONE', #10308 ) ;
#383 = ORIENTED_EDGE ( 'NONE', *, *, #10296, .F. ) ;
#384 = CARTESIAN_POINT ( 'NONE',  ( -0.1499999999999999944, -2.200000000000000178, 7.700000000000000178 ) ) ;
#385 = CARTESIAN_POINT ( 'NONE',  ( 11.00000000000000000, 1.347111479062087813E-15, 3.000000000000000000 ) ) ;
#386 = EDGE_CURVE ( 'NONE', #7701, #7701, #1840, .T. ) ;
#387 = DIRECTION ( 'NONE',  ( -0.7071067811865412445, -0.7071067811865537900, -2.168404344971008474E-15 ) ) ;
#388 = DIRECTION ( 'NONE',  ( 0.000000000000000000, 0.000000000000000000, -1.000000000000000000 ) ) ;
#389 = EDGE_CURVE ( 'NONE', #1299, #8572, #1371, .T. ) ;
#390 = EDGE_CURVE ( 'NONE', #4671, #2779, #10265, .T. ) ;
#391 = VERTEX_POINT ( 'NONE', #9482 ) ;
#392 = EDGE_CURVE ( 'NONE', #9009, #2176, #5502, .T. ) ;
#393 = EDGE_CURVE ( 'NONE', #2310, #7879, #136, .T. ) ;
#394 = AXIS2_PLACEMENT_3D ( 'NONE', #6158, #5358, #6302 ) ;
#395 = DIRECTION ( 'NONE',  ( 1.047445008332813989E-14, -1.000000000000000000, 0.000000000000000000 ) ) ;
#396 = VERTEX_POINT ( 'NONE', #2904 ) ;
#397 = CARTESIAN_POINT ( 'NONE',  ( -7.584086097669110238, -8.644746269449068876, -27.30000000000003268 ) ) ;
#398 = ADVANCED_FACE ( 'NONE', ( #2142, #4675 ), #6197, .T. ) ;
#399 = CARTESIAN_POINT ( 'NONE',  ( 0.1499999999999999944, -3.200000000000000178, 7.299999999999999822 ) ) ;
#400 = CARTESIAN_POINT ( 'NONE',  ( 8.752456175960865892, -5.237818736192900282, -12.07803149908698082 ) ) ;
#401 = CIRCLE ( 'NONE', #6773, 0.8000000000000003775 ) ;
#402 = CARTESIAN_POINT ( 'NONE',  ( -2.071867419369926491E-15, -1.679663816105752115E-15, -23.89363341178100342 ) ) ;
#403 = ORIENTED_EDGE ( 'NONE', *, *, #4137, .T. ) ;
#404 = CARTESIAN_POINT ( 'NONE',  ( 10.73827280006639207, -4.117319039433541050, -13.67235549157197738 ) ) ;
#405 = DIRECTION ( 'NONE',  ( -1.000000000000000000, 0.000000000000000000, 0.000000000000000000 ) ) ;
#406 = DIRECTION ( 'NONE',  ( 0.000000000000000000, 0.000000000000000000, -1.000000000000000000 ) ) ;
#407 = ORIENTED_EDGE ( 'NONE', *, *, #5337, .F. ) ;
#408 = ORIENTED_EDGE ( 'NONE', *, *, #5347, .T. ) ;
#409 = CARTESIAN_POINT ( 'NONE',  ( 4.214434368943992427E-14, 4.241861156397902992E-15, -16.40000000000000568 ) ) ;
#410 = VECTOR ( 'NONE', #1868, 1000.000000000000000 ) ;
#411 = CARTESIAN_POINT ( 'NONE',  ( -10.97840985160318006, 0.6888520379748489519, -9.400000000000000355 ) ) ;
#412 = DIRECTION ( 'NONE',  ( 0.000000000000000000, 0.000000000000000000, 1.000000000000000000 ) ) ;
#413 = VERTEX_POINT ( 'NONE', #10360 ) ;
#414 = DIRECTION ( 'NONE',  ( -0.7071067811865520136, 0.7071067811865429098, 1.508455196501571183E-16 ) ) ;
#415 = CARTESIAN_POINT ( 'NONE',  ( -3.886864499436928158E-14, -1.470176474832373608E-14, -9.390000000000002345 ) ) ;
#416 = ORIENTED_EDGE ( 'NONE', *, *, #264, .F. ) ;
#417 = CARTESIAN_POINT ( 'NONE',  ( -4.638405918972862807, 5.059887148434180304, -27.08990735481401302 ) ) ;
#418 = ORIENTED_EDGE ( 'NONE', *, *, #3208, .T. ) ;
#419 = CARTESIAN_POINT ( 'NONE',  ( 4.461440563807359538, 9.172615430163572725, -11.14788175480798493 ) ) ;
#420 = EDGE_CURVE ( 'NONE', #6823, #1111, #994, .T. ) ;
#421 = AXIS2_PLACEMENT_3D ( 'NONE', #2218, #3834, #1393 ) ;
#422 = DIRECTION ( 'NONE',  ( 0.000000000000000000, 0.000000000000000000, 1.000000000000000000 ) ) ;
#423 = EDGE_CURVE ( 'NONE', #4090, #9047, #6508, .T. ) ;
#424 = CARTESIAN_POINT ( 'NONE',  ( -3.500000000000004441, -2.526884916888491251E-15, -16.40000000000001634 ) ) ;
#426 = EDGE_CURVE ( 'NONE', #2838, #1964, #5890, .T. ) ;
#425 = CARTESIAN_POINT ( 'NONE',  ( -5.093865147111840539E-13, -9.000000000000000000, 0.9999999999999991118 ) ) ;
#427 = CARTESIAN_POINT ( 'NONE',  ( 3.526878005889237055, 4.587538177669133077, -24.79999999999999361 ) ) ;
#428 = VERTEX_POINT ( 'NONE', #3332 ) ;
#429 = AXIS2_PLACEMENT_3D ( 'NONE', #9010, #1645, #4411 ) ;
#430 = ORIENTED_EDGE ( 'NONE', *, *, #390, .F. ) ;
#431 = CARTESIAN_POINT ( 'NONE',  ( 6.363961030679580411, -6.363961030678660258, 5.000000000000000000 ) ) ;
#432 = DIRECTION ( 'NONE',  ( 0.000000000000000000, 0.000000000000000000, -1.000000000000000000 ) ) ;
#433 = EDGE_CURVE ( 'NONE', #785, #952, #1147, .T. ) ;
#434 = CARTESIAN_POINT ( 'NONE',  ( -4.389335451487867523, 10.62964812138682547, -13.51101666710500737 ) ) ;
#435 = DIRECTION ( 'NONE',  ( 2.491995308303619233E-15, 4.919953083036273601E-16, -1.000000000000000000 ) ) ;
#436 = AXIS2_PLACEMENT_3D ( 'NONE', #1193, #6021, #6756 ) ;
#437 = CARTESIAN_POINT ( 'NONE',  ( -7.014059722449594858, 5.953399550669653983, -23.89363341178101763 ) ) ;
#438 = DIRECTION ( 'NONE',  ( 1.000000000000000000, 1.626303258728256848E-15, 0.000000000000000000 ) ) ;
#439 = DIRECTION ( 'NONE',  ( 1.000000000000000000, 0.000000000000000000, 0.000000000000000000 ) ) ;
#440 = EDGE_LOOP ( 'NONE', ( #1376 ) ) ;
#441 = LINE ( 'NONE', #6228, #4697 ) ;
#442 = VERTEX_POINT ( 'NONE', #8100 ) ;
#443 = CARTESIAN_POINT ( 'NONE',  ( 0.5900923560882680441, -2.299999999999999822, 7.700000000000000178 ) ) ;
#444 = AXIS2_PLACEMENT_3D ( 'NONE', #8758, #5469, #5309 ) ;
#445 = VERTEX_POINT ( 'NONE', #10520 ) ;
#446 = CARTESIAN_POINT ( 'NONE',  ( -6.086011853008559847, 9.757584728047898892, -27.30000000000001492 ) ) ;
#447 = EDGE_CURVE ( 'NONE', #3712, #7087, #2407, .T. ) ;
#448 = DIRECTION ( 'NONE',  ( -1.000000000000000000, 0.000000000000000000, -2.040851148208007998E-15 ) ) ;
#449 = CARTESIAN_POINT ( 'NONE',  ( 8.437361858070682175, -5.732770654569667279, -11.37987273343598460 ) ) ;
#450 = DIRECTION ( 'NONE',  ( 1.000000000000000000, 0.000000000000000000, 0.000000000000000000 ) ) ;
#451 = CARTESIAN_POINT ( 'NONE',  ( -2.445149278233735340E-15, 5.106394011091855083E-15, -23.80000000000000071 ) ) ;
#452 = ORIENTED_EDGE ( 'NONE', *, *, #4334, .T. ) ;
#453 = ORIENTED_EDGE ( 'NONE', *, *, #3410, .T. ) ;
#454 = VECTOR ( 'NONE', #7861, 1000.000000000000000 ) ;
#455 = VERTEX_POINT ( 'NONE', #6710 ) ;
#456 = CARTESIAN_POINT ( 'NONE',  ( 5.895986424101182344, 3.000546957382489222, -9.399999999999986144 ) ) ;
#457 = CARTESIAN_POINT ( 'NONE',  ( -2.670958644856774183E-15, -2.156463157219616118E-15, -22.91324865405200129 ) ) ;
#458 = EDGE_CURVE ( 'NONE', #7195, #726, #9389, .T. ) ;
#459 = AXIS2_PLACEMENT_3D ( 'NONE', #7109, #5518, #1386 ) ;
#460 = AXIS2_PLACEMENT_3D ( 'NONE', #2652, #5960, #2550 ) ;
#461 = CARTESIAN_POINT ( 'NONE',  ( -0.6888520379748489519, -10.97840985160318006, 0.9999999999999991118 ) ) ;
#462 = ORIENTED_EDGE ( 'NONE', *, *, #9411, .T. ) ;
#463 = CARTESIAN_POINT ( 'NONE',  ( -4.405198112628869289, 8.076770987746009212, -23.89363341178101052 ) ) ;
#464 = FACE_OUTER_BOUND ( 'NONE', #7036, .T. ) ;
#465 = EDGE_LOOP ( 'NONE', ( #8662 ) ) ;
#466 = CARTESIAN_POINT ( 'NONE',  ( 0.1423076923076930234, -2.044518506469930053, 7.700000000000000178 ) ) ;
#467 = AXIS2_PLACEMENT_3D ( 'NONE', #1342, #6907, #9506 ) ;
#468 = ORIENTED_EDGE ( 'NONE', *, *, #4225, .T. ) ;
#469 = CARTESIAN_POINT ( 'NONE',  ( 6.363961030679580411, -6.363961030678660258, 5.000000000000000000 ) ) ;
#470 = EDGE_LOOP ( 'NONE', ( #5235, #5884, #8669, #6674 ) ) ;
#471 = CARTESIAN_POINT ( 'NONE',  ( 1.322875655532296024, 1.500000000000000000, 10.00000000000000000 ) ) ;
#472 = CIRCLE ( 'NONE', #7855, 1.250000000000000000 ) ;
#473 = CARTESIAN_POINT ( 'NONE',  ( -9.000000000000000000, -1.850000000000030065, 3.000000000000000000 ) ) ;
#474 = AXIS2_PLACEMENT_3D ( 'NONE', #10562, #718, #1521 ) ;
#475 = CARTESIAN_POINT ( 'NONE',  ( 4.808326112068517233, -3.676955262170013228, -12.29999999999999183 ) ) ;
#476 = DIRECTION ( 'NONE',  ( 0.000000000000000000, 0.000000000000000000, -1.000000000000000000 ) ) ;
#477 = LINE ( 'NONE', #5303, #8195 ) ;
#478 = ORIENTED_EDGE ( 'NONE', *, *, #5266, .F. ) ;
#479 = CARTESIAN_POINT ( 'NONE',  ( 1.624913427312634884, -1.833618377345490158, 7.299999999999999822 ) ) ;
#480 = PLANE ( 'NONE',  #4968 ) ;
#481 = EDGE_CURVE ( 'NONE', #6356, #487, #7510, .T. ) ;
#482 = AXIS2_PLACEMENT_3D ( 'NONE', #5325, #6026, #4555 ) ;
#483 = CARTESIAN_POINT ( 'NONE',  ( 0.000000000000000000, 0.000000000000000000, 4.799999999999999822 ) ) ;
#484 = CARTESIAN_POINT ( 'NONE',  ( -4.337734361969578956, 10.65081432662796956, -11.05291972593100702 ) ) ;
#485 = DIRECTION ( 'NONE',  ( 2.658675614935031037E-15, 7.920054772553355309E-16, -1.000000000000000000 ) ) ;
#486 = CYLINDRICAL_SURFACE ( 'NONE', #6217, 11.00000000000000000 ) ;
#487 = VERTEX_POINT ( 'NONE', #9270 ) ;
#488 = CARTESIAN_POINT ( 'NONE',  ( -3.941344716136071735, 9.408812918886830801, -10.85983109863700946 ) ) ;
#489 = AXIS2_PLACEMENT_3D ( 'NONE', #9772, #1722, #4056 ) ;
#490 = ADVANCED_FACE ( 'NONE', ( #1088 ), #6867, .T. ) ;
#491 =( BOUNDED_CURVE ( )  B_SPLINE_CURVE ( 2, ( #6092, #6731, #364 ),
 .UNSPECIFIED., .F., .F. ) 
 B_SPLINE_CURVE_WITH_KNOTS ( ( 3, 3 ),
 ( 0.000000000000000000, 1.000000000000000000 ),
 .UNSPECIFIED. ) 
 CURVE ( )  GEOMETRIC_REPRESENTATION_ITEM ( )  RATIONAL_B_SPLINE_CURVE ( ( 1.000000000000000000, 1.004414555893142103, 1.000000000000000000 ) ) 
 REPRESENTATION_ITEM ( '' )  );
#492 = CARTESIAN_POINT ( 'NONE',  ( 6.363961030678900954, 2.121320343559691679, -22.45857864376268154 ) ) ;
#493 = ORIENTED_EDGE ( 'NONE', *, *, #4215, .F. ) ;
#494 = CARTESIAN_POINT ( 'NONE',  ( -5.622272912330694261, -4.640490406774732790, -26.84391510094701871 ) ) ;
#495 = VERTEX_POINT ( 'NONE', #9947 ) ;
#496 = CARTESIAN_POINT ( 'NONE',  ( 8.999999999999740652, -2.557954394748249714E-13, -9.400000000000000355 ) ) ;
#497 = DIRECTION ( 'NONE',  ( 2.185336624966941940E-15, 7.986539916402993281E-16, -1.000000000000000000 ) ) ;
#498 = CARTESIAN_POINT ( 'NONE',  ( 4.789844294246524470, 10.45506293285025023, -11.53233336836398770 ) ) ;
#499 = CARTESIAN_POINT ( 'NONE',  ( 5.095555156609944625, 4.628299328998561890, -27.07848800326298999 ) ) ;
#500 = CIRCLE ( 'NONE', #7049, 1.050000000000000044 ) ;
#501 = FACE_BOUND ( 'NONE', #5391, .T. ) ;
#502 = ORIENTED_EDGE ( 'NONE', *, *, #7166, .T. ) ;
#503 = EDGE_CURVE ( 'NONE', #2779, #1331, #4349, .T. ) ;
#504 = CARTESIAN_POINT ( 'NONE',  ( 8.916240535517705013, 4.954063058880326054, -11.87520029697997970 ) ) ;
#505 = CARTESIAN_POINT ( 'NONE',  ( -2.377868526379438130, -6.049441401588689260, -27.30000000000001847 ) ) ;
#506 = ORIENTED_EDGE ( 'NONE', *, *, #887, .F. ) ;
#507 = EDGE_CURVE ( 'NONE', #6342, #5793, #2373, .T. ) ;
#508 = LINE ( 'NONE', #3001, #4936 ) ;
#509 = PLANE ( 'NONE',  #954 ) ;
#510 = CARTESIAN_POINT ( 'NONE',  ( -8.984552556677448010, 4.830679341125270199, -11.57225620452302373 ) ) ;
#511 = VERTEX_POINT ( 'NONE', #3531 ) ;
#512 = CIRCLE ( 'NONE', #9093, 11.00000000000000000 ) ;
#513 = CIRCLE ( 'NONE', #1870, 10.80000000000000071 ) ;
#514 = ORIENTED_EDGE ( 'NONE', *, *, #8404, .T. ) ;
#515 = LINE ( 'NONE', #558, #3006 ) ;
#516 = CARTESIAN_POINT ( 'NONE',  ( -9.757584728047905998, -6.086011853008561623, -24.41324865405202615 ) ) ;
#517 = CARTESIAN_POINT ( 'NONE',  ( 0.05000000000000060646, -2.144222209522359979, 7.299999999999999822 ) ) ;
#518 = CIRCLE ( 'NONE', #2083, 0.8000000000000002665 ) ;
#519 = ORIENTED_EDGE ( 'NONE', *, *, #3410, .F. ) ;
#520 = DIRECTION ( 'NONE',  ( 0.000000000000000000, 0.000000000000000000, 1.000000000000000000 ) ) ;
#521 = DIRECTION ( 'NONE',  ( 0.000000000000000000, 0.000000000000000000, 1.000000000000000000 ) ) ;
#522 = LINE ( 'NONE', #5565, #1327 ) ;
#523 = EDGE_CURVE ( 'NONE', #2151, #3318, #4591, .T. ) ;
#524 = EDGE_CURVE ( 'NONE', #9726, #5597, #9213, .T. ) ;
#525 = ORIENTED_EDGE ( 'NONE', *, *, #725, .T. ) ;
#526 = ORIENTED_EDGE ( 'NONE', *, *, #850, .F. ) ;
#527 = CARTESIAN_POINT ( 'NONE',  ( 5.000273327022631165, 8.890290552217974707, -12.31828166942298530 ) ) ;
#528 = LOCAL_TIME ( 12, 28, 11.00000000000000000, #6150 ) ;
#529 = AXIS2_PLACEMENT_3D ( 'NONE', #539, #9667, #4759 ) ;
#530 = LINE ( 'NONE', #6359, #9929 ) ;
#531 = CARTESIAN_POINT ( 'NONE',  ( -7.919595949289386816, 7.919595949289277570, -14.40000000000002345 ) ) ;
#532 = CARTESIAN_POINT ( 'NONE',  ( 4.637221724553038271, -5.071089385980549480, -27.08545709085599285 ) ) ;
#533 = DIRECTION ( 'NONE',  ( -0.7071067811865550112, 0.7071067811865399122, -2.312964634635742267E-15 ) ) ;
#534 = EDGE_LOOP ( 'NONE', ( #7189 ) ) ;
#535 = AXIS2_PLACEMENT_3D ( 'NONE', #8001, #4108, #9555 ) ;
#536 = DIRECTION ( 'NONE',  ( 1.000000000000000000, 1.776356839400250267E-15, 0.000000000000000000 ) ) ;
#537 = CARTESIAN_POINT ( 'NONE',  ( -3.629958060377352247, 10.91292892193985864, -10.80000001056800585 ) ) ;
#538 = DIRECTION ( 'NONE',  ( 0.7071067811865531239, -0.7071067811865417996, 1.206764157201256946E-15 ) ) ;
#539 = CARTESIAN_POINT ( 'NONE',  ( 0.000000000000000000, 0.000000000000000000, 7.000000000000000000 ) ) ;
#540 = CARTESIAN_POINT ( 'NONE',  ( -0.7071067811865651143, 0.7071067811865399122, -22.40000000000000213 ) ) ;
#541 = ORIENTED_EDGE ( 'NONE', *, *, #4744, .F. ) ;
#542 = EDGE_LOOP ( 'NONE', ( #1735 ) ) ;
#543 = CARTESIAN_POINT ( 'NONE',  ( -5.401929628886215085, -4.588049889115889179, -26.96093103371301680 ) ) ;
#544 = CONICAL_SURFACE ( 'NONE', #6244, 10.80000000000000071, 0.7853981633974348453 ) ;
#545 = CARTESIAN_POINT ( 'NONE',  ( -3.954415587728453012E-15, -3.201505037879406929E-15, -20.80000000000000426 ) ) ;
#546 = CARTESIAN_POINT ( 'NONE',  ( -4.042800392682553756, -9.365189111253164000, -10.89764710849001261 ) ) ;
#547 = CARTESIAN_POINT ( 'NONE',  ( 4.608689155518328029, 10.53623297009015047, -13.31231315155998551 ) ) ;
#548 = ADVANCED_FACE ( 'NONE', ( #196 ), #3758, .F. ) ;
#549 = FACE_OUTER_BOUND ( 'NONE', #534, .T. ) ;
#550 = AXIS2_PLACEMENT_3D ( 'NONE', #3633, #9413, #342 ) ;
#551 = ORIENTED_EDGE ( 'NONE', *, *, #9935, .T. ) ;
#552 = EDGE_CURVE ( 'NONE', #207, #4762, #5168, .T. ) ;
#553 = CYLINDRICAL_SURFACE ( 'NONE', #5634, 0.8000000000000003775 ) ;
#554 = ORIENTED_EDGE ( 'NONE', *, *, #128, .T. ) ;
#555 = CARTESIAN_POINT ( 'NONE',  ( 2.121320343559620625, 0.7071067811865604513, -19.60000000000000142 ) ) ;
#556 = CARTESIAN_POINT ( 'NONE',  ( -5.085786437626817147, -1.414213562372432342, -24.80000000000001137 ) ) ;
#557 = ORIENTED_EDGE ( 'NONE', *, *, #2551, .F. ) ;
#558 = CARTESIAN_POINT ( 'NONE',  ( -8.076770987746025199, -4.405198112628863960, -20.80000000000002203 ) ) ;
#559 = DIRECTION ( 'NONE',  ( -0.7071067811865521247, 0.7071067811865427988, 0.000000000000000000 ) ) ;
#560 = CIRCLE ( 'NONE', #2806, 11.50000000000000178 ) ;
#561 = CARTESIAN_POINT ( 'NONE',  ( 10.78157096134702897, 4.003993684994266999, -10.87852826329797296 ) ) ;
#562 = EDGE_CURVE ( 'NONE', #8496, #638, #297, .T. ) ;
#563 = DIRECTION ( 'NONE',  ( -0.7071067811865520136, 0.7071067811865429098, 1.508455196501571183E-16 ) ) ;
#564 = DIRECTION ( 'NONE',  ( 1.000000000000000000, 0.000000000000000000, 0.000000000000000000 ) ) ;
#565 = VERTEX_POINT ( 'NONE', #1042 ) ;
#566 = CARTESIAN_POINT ( 'NONE',  ( 0.05000000000000080075, -3.299999999999999822, 7.299999999999999822 ) ) ;
#567 = DIRECTION ( 'NONE',  ( 1.000000000000000000, 0.000000000000000000, 0.000000000000000000 ) ) ;
#568 = DIRECTION ( 'NONE',  ( 0.7071067811703316552, 0.7071067812027634902, 2.779999999967579208E-15 ) ) ;
#569 = ORIENTED_EDGE ( 'NONE', *, *, #4013, .F. ) ;
#570 = CONICAL_SURFACE ( 'NONE', #8305, 6.500000000000000000, 1.047197551196999754 ) ;
#571 = DIRECTION ( 'NONE',  ( 0.000000000000000000, 0.000000000000000000, 1.000000000000000000 ) ) ;
#572 = EDGE_CURVE ( 'NONE', #413, #9642, #6077, .T. ) ;
#573 = EDGE_CURVE ( 'NONE', #7860, #8830, #5271, .T. ) ;
#574 = EDGE_CURVE ( 'NONE', #2160, #2387, #8703, .T. ) ;
#575 = CARTESIAN_POINT ( 'NONE',  ( 4.808326112068472824, 5.868986283848385277, -26.67232776209098688 ) ) ;
#576 = CARTESIAN_POINT ( 'NONE',  ( -10.47522870118165095, -4.745553208474034612, -13.13684203337902545 ) ) ;
#577 = CIRCLE ( 'NONE', #3192, 11.50000000000000000 ) ;
#578 = VERTEX_POINT ( 'NONE', #2973 ) ;
#579 = CARTESIAN_POINT ( 'NONE',  ( -6.363961030678281006, -6.363961030679200270, 5.000000000000000000 ) ) ;
#580 = CARTESIAN_POINT ( 'NONE',  ( 4.898284846202409781, -4.730409103947661009, -27.12133830928299005 ) ) ;
#581 = CYLINDRICAL_SURFACE ( 'NONE', #2363, 11.50000000000000178 ) ;
#582 = ORIENTED_EDGE ( 'NONE', *, *, #6908, .T. ) ;
#583 = ORIENTED_EDGE ( 'NONE', *, *, #6371, .T. ) ;
#584 = AXIS2_PLACEMENT_3D ( 'NONE', #10572, #2451, #5759 ) ;
#585 = CARTESIAN_POINT ( 'NONE',  ( 6.276093065034850760, 2.092031021678336433, -19.49999999999998934 ) ) ;
#586 = FACE_OUTER_BOUND ( 'NONE', #8321, .T. ) ;
#587 = CARTESIAN_POINT ( 'NONE',  ( 0.000000000000000000, 0.000000000000000000, 0.9999999999999991118 ) ) ;
#588 = CARTESIAN_POINT ( 'NONE',  ( -6.086011853008395533, -9.757584728048001921, -27.30000000000002913 ) ) ;
#589 = CARTESIAN_POINT ( 'NONE',  ( 0.7778174593051712105, 2.333452377915608000, -22.50000000000000355 ) ) ;
#590 = CARTESIAN_POINT ( 'NONE',  ( -3.275164517293222724E-15, -6.171782079359008602E-15, -12.40000000000000213 ) ) ;
#591 = AXIS2_PLACEMENT_3D ( 'NONE', #6248, #7881, #4200 ) ;
#592 = CARTESIAN_POINT ( 'NONE',  ( 9.494480691801403083, -6.488935749227319860, -13.08180364813298269 ) ) ;
#593 = ORIENTED_EDGE ( 'NONE', *, *, #7548, .T. ) ;
#594 = AXIS2_PLACEMENT_3D ( 'NONE', #3568, #9834, #2654 ) ;
#595 = DIRECTION ( 'NONE',  ( 0.000000000000000000, 0.000000000000000000, 1.000000000000000000 ) ) ;
#596 = CARTESIAN_POINT ( 'NONE',  ( -0.4227941413852253083, -2.423065231067949465, -12.40000000000000391 ) ) ;
#597 = DIRECTION ( 'NONE',  ( 0.000000000000000000, 0.000000000000000000, -1.000000000000000000 ) ) ;
#598 = CARTESIAN_POINT ( 'NONE',  ( -4.594240519661237698, -5.228684461385655347, -27.03433239843401736 ) ) ;
#599 = ORIENTED_EDGE ( 'NONE', *, *, #7145, .F. ) ;
#600 = CYLINDRICAL_SURFACE ( 'NONE', #7699, 1.050000000000409939 ) ;
#601 = CIRCLE ( 'NONE', #4243, 4.200000000000000178 ) ;
#602 = LINE ( 'NONE', #5487, #10592 ) ;
#603 = CARTESIAN_POINT ( 'NONE',  ( 3.499999999994336974, 10.95445115009792580, -13.79999999999998828 ) ) ;
#604 = CARTESIAN_POINT ( 'NONE',  ( -4.694223905505538141, -10.49834089726484265, -11.39112688952801555 ) ) ;
#605 = EDGE_LOOP ( 'NONE', ( #10573, #5120, #5562, #8797 ) ) ;
#606 = DIRECTION ( 'NONE',  ( 2.569777054234141349E-15, 2.586500705120673230E-16, -1.000000000000000000 ) ) ;
#607 = EDGE_LOOP ( 'NONE', ( #3210 ) ) ;
#608 = CYLINDRICAL_SURFACE ( 'NONE', #8332, 1.000000000000000000 ) ;
#609 = CARTESIAN_POINT ( 'NONE',  ( 8.984552556677371626, -4.830679341125283521, -11.57225620452298109 ) ) ;
#610 = VERTEX_POINT ( 'NONE', #4712 ) ;
#611 = CARTESIAN_POINT ( 'NONE',  ( 6.404807507362094476, 5.344147335582380087, -24.38943002390379888 ) ) ;
#612 = ADVANCED_FACE ( 'NONE', ( #10295 ), #600, .F. ) ;
#613 = CARTESIAN_POINT ( 'NONE',  ( 10.73827272568293267, 4.117319227845142926, -13.67235538798997396 ) ) ;
#614 = EDGE_CURVE ( 'NONE', #8175, #9699, #8664, .T. ) ;
#615 = AXIS2_PLACEMENT_3D ( 'NONE', #1663, #6841, #8280 ) ;
#616 = DIRECTION ( 'NONE',  ( 0.7071067811865529018, -0.7071067811865422437, 2.194213562373104980E-15 ) ) ;
#617 = CARTESIAN_POINT ( 'NONE',  ( -1.322875655532296024, 1.500000000000000000, 10.00000000000000000 ) ) ;
#618 = ORIENTED_EDGE ( 'NONE', *, *, #55, .F. ) ;
#619 = ORIENTED_EDGE ( 'NONE', *, *, #9370, .T. ) ;
#620 = LINE ( 'NONE', #10422, #3679 ) ;
#621 = CARTESIAN_POINT ( 'NONE',  ( -0.6888520379748489519, -10.97840985160318006, -9.400000000000000355 ) ) ;
#622 = CARTESIAN_POINT ( 'NONE',  ( 1.850000000000000089, 10.64037123412524011, 5.000000000000000000 ) ) ;
#623 = ORIENTED_EDGE ( 'NONE', *, *, #2294, .F. ) ;
#624 = EDGE_CURVE ( 'NONE', #7390, #6612, #312, .T. ) ;
#625 = AXIS2_PLACEMENT_3D ( 'NONE', #80, #3375, #6804 ) ;
#626 = ORIENTED_EDGE ( 'NONE', *, *, #63, .F. ) ;
#627 = AXIS2_PLACEMENT_3D ( 'NONE', #384, #6906, #7844 ) ;
#628 = DIRECTION ( 'NONE',  ( -1.000000000000000000, -8.493206138382439646E-15, -2.823091806822001620E-15 ) ) ;
#629 = CARTESIAN_POINT ( 'NONE',  ( 0.000000000000000000, -9.000000000000000000, 1.000000000000000000 ) ) ;
#630 = CARTESIAN_POINT ( 'NONE',  ( 0.000000000000000000, 2.000000000000000000, 10.00000000000000000 ) ) ;
#631 = VERTEX_POINT ( 'NONE', #1384 ) ;
#632 = CIRCLE ( 'NONE', #1487, 1.050000000000409939 ) ;
#633 = AXIS2_PLACEMENT_3D ( 'NONE', #10467, #4783, #8044 ) ;
#634 = CARTESIAN_POINT ( 'NONE',  ( 4.808326112068571412, -5.868986283848304453, -26.67232776209099399 ) ) ;
#635 = DIRECTION ( 'NONE',  ( 1.000000000000000000, 0.000000000000000000, 0.000000000000000000 ) ) ;
#636 = EDGE_CURVE ( 'NONE', #4286, #3282, #2228, .T. ) ;
#637 = DIRECTION ( 'NONE',  ( 2.180904282043627811E-15, 1.114213318285691666E-15, -1.000000000000000000 ) ) ;
#638 = VERTEX_POINT ( 'NONE', #7124 ) ;
#639 = EDGE_CURVE ( 'NONE', #5704, #6945, #5318, .T. ) ;
#640 = CIRCLE ( 'NONE', #7508, 1.850000000000000089 ) ;
#641 = AXIS2_PLACEMENT_3D ( 'NONE', #3262, #5183, #3294 ) ;
#642 = CARTESIAN_POINT ( 'NONE',  ( -6.363961030678820130, 6.363961030678660258, 5.000000000000000000 ) ) ;
#643 = DIRECTION ( 'NONE',  ( 0.000000000000000000, 0.000000000000000000, 1.000000000000000000 ) ) ;
#644 = CARTESIAN_POINT ( 'NONE',  ( 8.076770987746076713, -4.405198112628725404, -23.79999999999998295 ) ) ;
#645 = CARTESIAN_POINT ( 'NONE',  ( -0.7363961030679099240, 0.7363961030678848330, -22.50000000000000355 ) ) ;
#646 = DIRECTION ( 'NONE',  ( 0.7071067811865415775, 0.7071067811865535679, 7.799999999999990666E-16 ) ) ;
#647 = CARTESIAN_POINT ( 'NONE',  ( 6.073412998542637276, -8.194733342155943845, -11.29999999999999005 ) ) ;
#648 = DIRECTION ( 'NONE',  ( 0.7071067811865480168, 8.659560562354939021E-17, -0.7071067811865470176 ) ) ;
#649 = CARTESIAN_POINT ( 'NONE',  ( 9.705020886158866489, -6.169486980226037254, -12.40957490240198169 ) ) ;
#650 = ORIENTED_EDGE ( 'NONE', *, *, #10048, .F. ) ;
#651 = DIRECTION ( 'NONE',  ( 0.000000000000000000, -1.000000000000000000, 0.000000000000000000 ) ) ;
#652 = EDGE_CURVE ( 'NONE', #734, #3318, #3048, .T. ) ;
#653 = CONICAL_SURFACE ( 'NONE', #3426, 3.000000000000000000, 0.7853981633974503884 ) ;
#654 = ORIENTED_EDGE ( 'NONE', *, *, #7201, .T. ) ;
#655 = EDGE_CURVE ( 'NONE', #9589, #6008, #7773, .T. ) ;
#656 = LINE ( 'NONE', #8984, #1656 ) ;
#657 = ORIENTED_EDGE ( 'NONE', *, *, #2907, .T. ) ;
#658 = ORIENTED_EDGE ( 'NONE', *, *, #6954, .T. ) ;
#659 = DIRECTION ( 'NONE',  ( -0.7071067811865533459, 0.7071067811865417996, 0.000000000000000000 ) ) ;
#660 = ORIENTED_EDGE ( 'NONE', *, *, #9348, .F. ) ;
#661 = DIRECTION ( 'NONE',  ( 0.000000000000000000, 0.000000000000000000, -1.000000000000000000 ) ) ;
#662 = CARTESIAN_POINT ( 'NONE',  ( 4.768311880335218689, 10.46490192071899017, -11.49744920562098471 ) ) ;
#663 = CARTESIAN_POINT ( 'NONE',  ( -2.379416067773282073, 1.758285178163983442, -12.40000000000000391 ) ) ;
#664 = VECTOR ( 'NONE', #9721, 1000.000000000000000 ) ;
#665 = ORIENTED_EDGE ( 'NONE', *, *, #1937, .F. ) ;
#666 = DIRECTION ( 'NONE',  ( 0.000000000000000000, 0.000000000000000000, 1.000000000000000000 ) ) ;
#667 = CARTESIAN_POINT ( 'NONE',  ( 3.766946802683154516, 7.438519677829305898, -24.39358317063241444 ) ) ;
#668 = CARTESIAN_POINT ( 'NONE',  ( 0.7363961030678591868, 2.209188309203682810, -19.50000000000000000 ) ) ;
#669 = CARTESIAN_POINT ( 'NONE',  ( 9.127281619482628727, -4.553502990261956818, -11.23097303732498098 ) ) ;
#670 = FACE_OUTER_BOUND ( 'NONE', #3361, .T. ) ;
#671 = ORIENTED_EDGE ( 'NONE', *, *, #3528, .F. ) ;
#672 = CARTESIAN_POINT ( 'NONE',  ( 0.8375558018635855806, -0.6189173773548010127, -9.399999999999996803 ) ) ;
#673 = CARTESIAN_POINT ( 'NONE',  ( -5.444003697650104279, 4.594925072299363755, -26.93978697301801262 ) ) ;
#674 = CIRCLE ( 'NONE', #1356, 0.4500000000000000111 ) ;
#675 = CARTESIAN_POINT ( 'NONE',  ( 10.73827280006631568, 4.117319039433710692, -10.92764450842797430 ) ) ;
#676 = CARTESIAN_POINT ( 'NONE',  ( 4.808326112068571412, -5.868986283848304453, -26.67232776209099399 ) ) ;
#677 = DIRECTION ( 'NONE',  ( 0.000000000000000000, 0.000000000000000000, -1.000000000000000000 ) ) ;
#678 = ORIENTED_EDGE ( 'NONE', *, *, #7368, .T. ) ;
#679 = PLANE ( 'NONE',  #6126 ) ;
#680 = ORIENTED_EDGE ( 'NONE', *, *, #2592, .T. ) ;
#681 = CARTESIAN_POINT ( 'NONE',  ( 5.374011537017751472, -3.111269837220770107, -12.29999999999999005 ) ) ;
#682 = CIRCLE ( 'NONE', #1882, 9.200000000000001066 ) ;
#683 = DIRECTION ( 'NONE',  ( 0.7071067811865535679, -0.7071067811865414665, -2.775557561562890858E-16 ) ) ;
#684 = CARTESIAN_POINT ( 'NONE',  ( 0.000000000000000000, 0.000000000000000000, 6.799999999999999822 ) ) ;
#685 = EDGE_LOOP ( 'NONE', ( #9958 ) ) ;
#686 = EDGE_CURVE ( 'NONE', #5714, #8768, #9417, .T. ) ;
#687 = ORIENTED_EDGE ( 'NONE', *, *, #3936, .F. ) ;
#688 =( BOUNDED_CURVE ( )  B_SPLINE_CURVE ( 2, ( #463, #5452, #7880 ),
 .UNSPECIFIED., .F., .F. ) 
 B_SPLINE_CURVE_WITH_KNOTS ( ( 3, 3 ),
 ( 0.000000000000000000, 1.000000000000000000 ),
 .UNSPECIFIED. ) 
 CURVE ( )  GEOMETRIC_REPRESENTATION_ITEM ( )  RATIONAL_B_SPLINE_CURVE ( ( 1.000000000000000000, 1.004847937624786081, 1.000000000000000000 ) ) 
 REPRESENTATION_ITEM ( '' )  );
#689 = EDGE_CURVE ( 'NONE', #9674, #4740, #4727, .T. ) ;
#690 = PLANE ( 'NONE',  #9802 ) ;
#691 = CARTESIAN_POINT ( 'NONE',  ( -10.45334966346681504, -4.793568885027195137, -11.53886372287202988 ) ) ;
#692 = EDGE_CURVE ( 'NONE', #6845, #6845, #4109, .T. ) ;
#693 = VERTEX_POINT ( 'NONE', #10231 ) ;
#694 = CARTESIAN_POINT ( 'NONE',  ( 9.276220502677508861, 4.242248073841722977, -13.60551282057097744 ) ) ;
#695 = CARTESIAN_POINT ( 'NONE',  ( 4.588049889115888291, -5.401929628886215085, -26.96093103371299193 ) ) ;
#696 = DIRECTION ( 'NONE',  ( -0.7071067811865520136, 0.7071067811865429098, 1.508455196501571183E-16 ) ) ;
#697 = VERTEX_POINT ( 'NONE', #8190 ) ;
#698 = AXIS2_PLACEMENT_3D ( 'NONE', #4486, #377, #5361 ) ;
#699 = CARTESIAN_POINT ( 'NONE',  ( -0.3824753689750550190, -1.494686291009290180, 7.700000000000000178 ) ) ;
#700 = EDGE_LOOP ( 'NONE', ( #2038 ) ) ;
#701 = CIRCLE ( 'NONE', #8431, 9.200000000000001066 ) ;
#702 = DIRECTION ( 'NONE',  ( -0.7071067811865421326, -0.7071067811865529018, -2.168404344971009262E-15 ) ) ;
#703 = DIRECTION ( 'NONE',  ( 0.7071067811865570096, 0.000000000000000000, 0.7071067811865380248 ) ) ;
#704 = EDGE_CURVE ( 'NONE', #6059, #6059, #4449, .T. ) ;
#705 = CARTESIAN_POINT ( 'NONE',  ( -4.200000000000000178, 5.143516556418889830E-16, 7.000000000000000000 ) ) ;
#706 = DIRECTION ( 'NONE',  ( 1.000000000000000000, 0.000000000000000000, 0.000000000000000000 ) ) ;
#707 = EDGE_CURVE ( 'NONE', #9940, #952, #9563, .T. ) ;
#708 = CARTESIAN_POINT ( 'NONE',  ( -0.7071067811865647812, 0.7071067811865398012, -22.45857864376269575 ) ) ;
#709 = CARTESIAN_POINT ( 'NONE',  ( -6.972352916511895593, 5.911692744731976923, -25.77584506078440185 ) ) ;
#710 = AXIS2_PLACEMENT_3D ( 'NONE', #579, #8171, #4046 ) ;
#711 = ORIENTED_EDGE ( 'NONE', *, *, #10, .F. ) ;
#712 = DIRECTION ( 'NONE',  ( 1.000000000000000000, 0.000000000000000000, 0.000000000000000000 ) ) ;
#713 = DIRECTION ( 'NONE',  ( 2.954217483501334841E-15, 4.875270079182252608E-16, -1.000000000000000000 ) ) ;
#714 = ORIENTED_EDGE ( 'NONE', *, *, #10208, .T. ) ;
#715 = CARTESIAN_POINT ( 'NONE',  ( -4.799802978937314002, -5.860463149278968942, -26.67925278764001717 ) ) ;
#716 = LINE ( 'NONE', #3103, #8677 ) ;
#717 = ORIENTED_EDGE ( 'NONE', *, *, #129, .T. ) ;
#718 = DIRECTION ( 'NONE',  ( -1.318198051533960105E-15, 6.818019484660514888E-16, 1.000000000000000000 ) ) ;
#719 = AXIS2_PLACEMENT_3D ( 'NONE', #158, #4313, #10006 ) ;
#720 = EDGE_CURVE ( 'NONE', #6945, #959, #7297, .T. ) ;
#721 = ORIENTED_EDGE ( 'NONE', *, *, #3789, .T. ) ;
#722 = DIRECTION ( 'NONE',  ( 0.000000000000000000, 0.000000000000000000, -1.000000000000000000 ) ) ;
#724 = ADVANCED_FACE ( 'NONE', ( #9625, #1971 ), #3842, .F. ) ;
#723 = CARTESIAN_POINT ( 'NONE',  ( 4.793568885020613735, 10.45334966346048944, -13.06113627712798575 ) ) ;
#725 = EDGE_CURVE ( 'NONE', #1458, #10499, #8774, .T. ) ;
#726 = VERTEX_POINT ( 'NONE', #1159 ) ;
#727 = DIRECTION ( 'NONE',  ( 0.7071067811865412445, 0.7071067811865537900, 2.329999999999997629E-15 ) ) ;
#728 = DIRECTION ( 'NONE',  ( 0.000000000000000000, 0.000000000000000000, 1.000000000000000000 ) ) ;
#729 = ORIENTED_EDGE ( 'NONE', *, *, #3618, .T. ) ;
#730 = CARTESIAN_POINT ( 'NONE',  ( -11.49999999999958433, -3.500000000000221601, -13.80000000000003091 ) ) ;
#731 = VECTOR ( 'NONE', #9858, 1000.000000000000000 ) ;
#732 = DIRECTION ( 'NONE',  ( 3.304235192336775117E-15, -1.000000000000000000, 0.000000000000000000 ) ) ;
#733 = EDGE_CURVE ( 'NONE', #746, #4616, #5486, .T. ) ;
#734 = VERTEX_POINT ( 'NONE', #4713 ) ;
#735 = DIRECTION ( 'NONE',  ( 1.000000000000000000, 0.000000000000000000, 0.000000000000000000 ) ) ;
#736 = FACE_OUTER_BOUND ( 'NONE', #8892, .T. ) ;
#737 = VECTOR ( 'NONE', #406, 1000.000000000000000 ) ;
#738 = DIRECTION ( 'NONE',  ( 1.047445008332813989E-14, -1.000000000000000000, 0.000000000000000000 ) ) ;
#739 = B_SPLINE_CURVE_WITH_KNOTS ( 'NONE', 3,
 ( #1897, #3732, #6969, #8503 ),
 .UNSPECIFIED., .F., .F.,
 ( 4, 4 ),
 ( 4.336808689942019662E-19, 0.0004521856223172749907 ),
 .UNSPECIFIED. ) ;
#740 = DIRECTION ( 'NONE',  ( 0.000000000000000000, 0.000000000000000000, -1.000000000000000000 ) ) ;
#741 = EDGE_LOOP ( 'NONE', ( #8637 ) ) ;
#742 = ORIENTED_EDGE ( 'NONE', *, *, #8460, .F. ) ;
#743 = CARTESIAN_POINT ( 'NONE',  ( 0.000000000000000000, 0.000000000000000000, 0.9999999999999991118 ) ) ;
#744 = VERTEX_POINT ( 'NONE', #10159 ) ;
#745 = DIRECTION ( 'NONE',  ( 0.7071067811865533459, -0.7071067811865417996, 0.000000000000000000 ) ) ;
#746 = VERTEX_POINT ( 'NONE', #2843 ) ;
#747 = AXIS2_PLACEMENT_3D ( 'NONE', #7639, #4639, #3081 ) ;
#748 = ORIENTED_EDGE ( 'NONE', *, *, #3528, .T. ) ;
#749 = FACE_OUTER_BOUND ( 'NONE', #146, .T. ) ;
#750 = FACE_BOUND ( 'NONE', #8796, .T. ) ;
#751 = CARTESIAN_POINT ( 'NONE',  ( -5.093865147111840539E-13, -9.000000000000000000, 0.9999999999999991118 ) ) ;
#752 = CARTESIAN_POINT ( 'NONE',  ( -10.37096205701542928, -4.969337435723231167, -11.96181140040802937 ) ) ;
#753 = AXIS2_PLACEMENT_3D ( 'NONE', #9327, #7829, #2956 ) ;
#754 = VERTEX_POINT ( 'NONE', #9020 ) ;
#755 = CARTESIAN_POINT ( 'NONE',  ( -0.6888520379748489519, -10.97840985160318006, 0.9999999999999991118 ) ) ;
#756 = DIRECTION ( 'NONE',  ( 0.000000000000000000, -1.000000000000000000, 0.000000000000000000 ) ) ;
#757 = DIRECTION ( 'NONE',  ( 0.7071067811865415775, 0.7071067811865535679, 2.109999999999998787E-15 ) ) ;
#758 = AXIS2_PLACEMENT_3D ( 'NONE', #6156, #3507, #1113 ) ;
#759 = EDGE_LOOP ( 'NONE', ( #493, #9702, #3953, #8108 ) ) ;
#760 = CARTESIAN_POINT ( 'NONE',  ( 6.086011853002030847, 9.757584728041639011, -27.29999999999998295 ) ) ;
#761 = ORIENTED_EDGE ( 'NONE', *, *, #4427, .T. ) ;
#762 = CARTESIAN_POINT ( 'NONE',  ( 0.000000000000000000, 0.000000000000000000, 4.799999999999999822 ) ) ;
#763 = EDGE_CURVE ( 'NONE', #9191, #9191, #3253, .T. ) ;
#764 = CARTESIAN_POINT ( 'NONE',  ( -10.05000000000044125, 2.546932573555920269E-13, -9.200000000000008171 ) ) ;
#765 = CARTESIAN_POINT ( 'NONE',  ( 6.188798231482420142, -9.692744692354052560, -12.53569145217899106 ) ) ;
#766 = FACE_BOUND ( 'NONE', #2853, .T. ) ;
#767 = EDGE_CURVE ( 'NONE', #8441, #8441, #5837, .T. ) ;
#768 = CARTESIAN_POINT ( 'NONE',  ( 4.982809172819270493, -10.36445747605906753, -12.55351970368099224 ) ) ;
#769 = ORIENTED_EDGE ( 'NONE', *, *, #2169, .T. ) ;
#770 = CIRCLE ( 'NONE', #8826, 11.50000000000000178 ) ;
#771 = EDGE_LOOP ( 'NONE', ( #5749, #8022 ) ) ;
#772 = CARTESIAN_POINT ( 'NONE',  ( -4.791450894971171159, -5.851782316809509332, -26.68618552639201624 ) ) ;
#773 = DIRECTION ( 'NONE',  ( 1.000000000000000000, 0.000000000000000000, 0.000000000000000000 ) ) ;
#774 = EDGE_CURVE ( 'NONE', #5597, #2914, #9229, .T. ) ;
#775 = VERTEX_POINT ( 'NONE', #953 ) ;
#776 = ORIENTED_EDGE ( 'NONE', *, *, #7425, .F. ) ;
#777 = CARTESIAN_POINT ( 'NONE',  ( -4.986595999808033142, -8.897977515215114153, -12.56018988120301749 ) ) ;
#778 = CARTESIAN_POINT ( 'NONE',  ( 0.000000000000000000, 0.000000000000000000, 3.000000000000000000 ) ) ;
#779 = CIRCLE ( 'NONE', #2148, 11.50000000000000178 ) ;
#780 = CARTESIAN_POINT ( 'NONE',  ( -4.789844294246600853, -10.45506293285026267, -11.53233336836401435 ) ) ;
#781 = CARTESIAN_POINT ( 'NONE',  ( -5.978532735505865503, -3.042555887816232207, -12.35857864376270854 ) ) ;
#782 = FACE_OUTER_BOUND ( 'NONE', #1541, .T. ) ;
#783 = ORIENTED_EDGE ( 'NONE', *, *, #3727, .F. ) ;
#784 = CARTESIAN_POINT ( 'NONE',  ( -3.725420555307349613, 9.496538698936502598, -13.78973818954400699 ) ) ;
#785 = VERTEX_POINT ( 'NONE', #2416 ) ;
#786 = ORIENTED_EDGE ( 'NONE', *, *, #8532, .T. ) ;
#787 = AXIS2_PLACEMENT_3D ( 'NONE', #4465, #7560, #205 ) ;
#788 = EDGE_CURVE ( 'NONE', #1719, #6053, #5718, .T. ) ;
#789 = CARTESIAN_POINT ( 'NONE',  ( 0.8846672641500974432, -0.6537307027676727555, -9.399999999999998579 ) ) ;
#790 = CARTESIAN_POINT ( 'NONE',  ( -2.679756133823609093E-15, -2.821534623807725363E-15, -23.80000000000000071 ) ) ;
#791 = CARTESIAN_POINT ( 'NONE',  ( 1.850000000000000089, 0.000000000000000000, 7.299999999999998934 ) ) ;
#792 = DIRECTION ( 'NONE',  ( -1.000000000000000000, 0.000000000000000000, 0.000000000000000000 ) ) ;
#793 = CIRCLE ( 'NONE', #6809, 7.630127018922000737 ) ;
#794 = DIRECTION ( 'NONE',  ( -0.7071067811865520136, 0.7071067811865430208, 6.802837160693360652E-16 ) ) ;
#795 = EDGE_LOOP ( 'NONE', ( #8081, #5180 ) ) ;
#796 = ORIENTED_EDGE ( 'NONE', *, *, #8475, .F. ) ;
#797 = DIRECTION ( 'NONE',  ( 0.000000000000000000, 1.000000000000000000, 0.000000000000000000 ) ) ;
#798 = DIRECTION ( 'NONE',  ( -1.000000000000000000, 0.000000000000000000, 0.000000000000000000 ) ) ;
#799 = EDGE_LOOP ( 'NONE', ( #7362 ) ) ;
#800 = ORIENTED_EDGE ( 'NONE', *, *, #1962, .T. ) ;
#801 = EDGE_LOOP ( 'NONE', ( #5674, #658, #8095, #4723 ) ) ;
#802 = CARTESIAN_POINT ( 'NONE',  ( 15.27350647362950298, -13.01076477383235108, -12.29999999999997051 ) ) ;
#803 = FACE_OUTER_BOUND ( 'NONE', #5499, .T. ) ;
#804 = AXIS2_PLACEMENT_3D ( 'NONE', #8471, #7672, #308 ) ;
#805 = EDGE_CURVE ( 'NONE', #6409, #7336, #7357, .T. ) ;
#806 = CARTESIAN_POINT ( 'NONE',  ( 2.000000000000000000, 0.000000000000000000, 7.799999999999999822 ) ) ;
#807 = VERTEX_POINT ( 'NONE', #8971 ) ;
#808 = CARTESIAN_POINT ( 'NONE',  ( 9.496538698937888157, 3.725420555300240633, -13.78973818953997643 ) ) ;
#809 = CARTESIAN_POINT ( 'NONE',  ( 4.405198112628853302, -8.076770987746012764, -23.89363341178099631 ) ) ;
#810 = DIRECTION ( 'NONE',  ( 0.000000000000000000, 0.000000000000000000, 1.000000000000000000 ) ) ;
#811 = CIRCLE ( 'NONE', #2184, 0.8000000000000003775 ) ;
#812 = VERTEX_POINT ( 'NONE', #9954 ) ;
#813 = ORIENTED_EDGE ( 'NONE', *, *, #8646, .T. ) ;
#814 = VERTEX_POINT ( 'NONE', #9909 ) ;
#815 = AXIS2_PLACEMENT_3D ( 'NONE', #6108, #9341, #1992 ) ;
#816 = CARTESIAN_POINT ( 'NONE',  ( -9.000000000000000000, -1.050000000000032019, 3.000000000000000000 ) ) ;
#817 = CARTESIAN_POINT ( 'NONE',  ( 6.305948783700992877, -9.616941689229747681, -12.84237315346299191 ) ) ;
#818 = AXIS2_PLACEMENT_3D ( 'NONE', #5396, #2298, #8734 ) ;
#819 = CARTESIAN_POINT ( 'NONE',  ( 6.363961030679580411, -6.363961030678660258, 1.000000000000000000 ) ) ;
#820 = CARTESIAN_POINT ( 'NONE',  ( 4.938698365007949675, -10.38566075881056427, -11.85149325331899384 ) ) ;
#821 = DIRECTION ( 'NONE',  ( 1.000000000000000000, 0.000000000000000000, 0.000000000000000000 ) ) ;
#822 = ORIENTED_EDGE ( 'NONE', *, *, #6826, .T. ) ;
#823 = DIRECTION ( 'NONE',  ( 1.000000000000000000, 0.000000000000000000, 0.000000000000000000 ) ) ;
#824 = VECTOR ( 'NONE', #6570, 1000.000000000000000 ) ;
#825 = EDGE_CURVE ( 'NONE', #10251, #6652, #3337, .T. ) ;
#826 = CARTESIAN_POINT ( 'NONE',  ( -6.000000000000000000, 3.605551275463990013, 5.000000000000000000 ) ) ;
#827 = CARTESIAN_POINT ( 'NONE',  ( 2.155497403577984805, -2.432350908723610150, 7.299999999999999822 ) ) ;
#828 = ORIENTED_EDGE ( 'NONE', *, *, #8043, .F. ) ;
#829 = LINE ( 'NONE', #2338, #7592 ) ;
#830 = CARTESIAN_POINT ( 'NONE',  ( 4.830679341125394544, -8.984552556677334323, -13.02774379547699368 ) ) ;
#831 = FACE_OUTER_BOUND ( 'NONE', #4354, .T. ) ;
#832 = CARTESIAN_POINT ( 'NONE',  ( 5.046756922887594143, 4.647279604265444064, -27.09186954811298520 ) ) ;
#833 = FACE_OUTER_BOUND ( 'NONE', #607, .T. ) ;
#834 = CIRCLE ( 'NONE', #7523, 1.250000000000000000 ) ;
#835 = CARTESIAN_POINT ( 'NONE',  ( 0.000000000000000000, 0.000000000000000000, 0.9999999999999991118 ) ) ;
#836 = VERTEX_POINT ( 'NONE', #4251 ) ;
#837 = EDGE_CURVE ( 'NONE', #20, #8401, #1003, .T. ) ;
#838 = FACE_OUTER_BOUND ( 'NONE', #1412, .T. ) ;
#839 = VERTEX_POINT ( 'NONE', #2621 ) ;
#840 = EDGE_LOOP ( 'NONE', ( #9919, #9569, #9013, #6649, #9851, #4291 ) ) ;
#841 = CARTESIAN_POINT ( 'NONE',  ( -9.539334752914026438, -3.613257764340431333, -10.80000000871002719 ) ) ;
#842 = LINE ( 'NONE', #2406, #3860 ) ;
#843 = CARTESIAN_POINT ( 'NONE',  ( -5.858674629532521827, 4.798014459492090822, -26.68070595546701185 ) ) ;
#844 = DIRECTION ( 'NONE',  ( -3.121320343559646425E-15, -4.990663761154980360E-16, 1.000000000000000000 ) ) ;
#845 = CIRCLE ( 'NONE', #5681, 1.850000000000000089 ) ;
#846 = EDGE_CURVE ( 'NONE', #9689, #61, #1591, .T. ) ;
#847 = DIRECTION ( 'NONE',  ( 0.7071067811865412445, 0.7071067811865537900, 2.329999999999997629E-15 ) ) ;
#848 = B_SPLINE_CURVE_WITH_KNOTS ( 'NONE', 7,
 ( #3100, #6440, #9870, #8274, #7168, #10398, #6382, #8386, #5295, #322, #7574, #7794, #371, #5194, #2791, #2739, #2045, #2852, #1062, #5349, #417, #3555, #9183, #1823, #3609, #5243 ),
 .UNSPECIFIED., .F., .F.,
 ( 8, 6, 6, 6, 8 ),
 ( 0.000000000000000000, 0.06837949947106999882, 0.3901508091249999977, 0.6850928845450000582, 1.000000000000000000 ),
 .UNSPECIFIED. ) ;
#849 = ORIENTED_EDGE ( 'NONE', *, *, #7415, .T. ) ;
#850 = EDGE_CURVE ( 'NONE', #3496, #4090, #5769, .T. ) ;
#851 = VERTEX_POINT ( 'NONE', #7505 ) ;
#852 = LINE ( 'NONE', #7406, #5595 ) ;
#853 = DIRECTION ( 'NONE',  ( 0.7071067812027509447, 0.7071067811703440897, 2.440000000032417261E-15 ) ) ;
#854 = ORIENTED_EDGE ( 'NONE', *, *, #4466, .T. ) ;
#855 = CIRCLE ( 'NONE', #6870, 0.8000000000000000444 ) ;
#856 =( BOUNDED_CURVE ( )  B_SPLINE_CURVE ( 2, ( #1151, #4355, #4464 ),
 .UNSPECIFIED., .F., .T. ) 
 B_SPLINE_CURVE_WITH_KNOTS ( ( 3, 3 ),
 ( 0.000000000000000000, 1.000000000000000000 ),
 .UNSPECIFIED. ) 
 CURVE ( )  GEOMETRIC_REPRESENTATION_ITEM ( )  RATIONAL_B_SPLINE_CURVE ( ( 1.000000000000000000, 1.004847937625924059, 1.000000000000000000 ) ) 
 REPRESENTATION_ITEM ( '' )  );
#857 = VERTEX_POINT ( 'NONE', #1802 ) ;
#858 = CARTESIAN_POINT ( 'NONE',  ( 1.850000000000000089, 10.84331591350174051, 4.799999999999999822 ) ) ;
#859 = DIRECTION ( 'NONE',  ( 0.000000000000000000, 0.000000000000000000, 1.000000000000000000 ) ) ;
#860 = EDGE_CURVE ( 'NONE', #1780, #4203, #981, .T. ) ;
#861 = CONICAL_SURFACE ( 'NONE', #6879, 10.80000000000000071, 0.7853981633974610466 ) ;
#862 = EDGE_CURVE ( 'NONE', #6887, #1800, #3247, .T. ) ;
#863 = VERTEX_POINT ( 'NONE', #4159 ) ;
#864 = LINE ( 'NONE', #7469, #9976 ) ;
#865 = CARTESIAN_POINT ( 'NONE',  ( 7.388493158315674769, 3.716920283167423289, -26.29766626898468473 ) ) ;
#866 = ORIENTED_EDGE ( 'NONE', *, *, #6386, .F. ) ;
#867 = ORIENTED_EDGE ( 'NONE', *, *, #3436, .F. ) ;
#868 = CLOSED_SHELL ( 'NONE', ( #7818, #2171, #3871, #4873, #9249, #6627, #1775, #398, #6979, #6451, #7229, #4410, #3004, #7300, #1413, #1175, #7101, #9030, #921, #3535, #7918, #2619, #5489, #6918, #2665, #6639, #9615, #7427, #3243, #9230, #8098, #7210, #5409, #548, #3220, #1160, #260, #10501, #3227, #9122, #4864, #1744, #3548, #7460, #8177, #8627, #8200, #8383, #5876, #6081, #5129, #5570, #3346, #6585, #7694, #4608, #3755, #4232, #8304, #5845, #10570, #6148, #3245, #5785, #10457, #1896, #2144, #1213, #6882, #6656, #8446 ) ) ;
#869 = CIRCLE ( 'NONE', #6886, 10.20000000000000107 ) ;
#870 = EDGE_LOOP ( 'NONE', ( #889 ) ) ;
#871 = DIRECTION ( 'NONE',  ( -0.7071067811865532349, 0.7071067811865416886, -1.294213562373106133E-15 ) ) ;
#872 = DIRECTION ( 'NONE',  ( 0.000000000000000000, 0.000000000000000000, -1.000000000000000000 ) ) ;
#873 = FACE_OUTER_BOUND ( 'NONE', #6035, .T. ) ;
#874 = CIRCLE ( 'NONE', #1726, 0.8000000000000003775 ) ;
#875 = DIRECTION ( 'NONE',  ( -0.7071067811865522357, 0.7071067811865427988, 0.000000000000000000 ) ) ;
#876 = CARTESIAN_POINT ( 'NONE',  ( -7.438519677829841470, -3.766946802683877493, -24.39358317063196679 ) ) ;
#877 = ORIENTED_EDGE ( 'NONE', *, *, #2541, .F. ) ;
#878 = CIRCLE ( 'NONE', #4672, 3.200000000000000178 ) ;
#879 = FACE_BOUND ( 'NONE', #2946, .T. ) ;
#880 = ORIENTED_EDGE ( 'NONE', *, *, #1228, .T. ) ;
#881 = EDGE_LOOP ( 'NONE', ( #1963, #3117, #8562, #5269 ) ) ;
#882 = CARTESIAN_POINT ( 'NONE',  ( -4.493210294610754829, -9.157129687445738853, -13.42529421492101527 ) ) ;
#883 = CARTESIAN_POINT ( 'NONE',  ( 7.584086097662740222, 8.644746269442702413, -24.41324865405197642 ) ) ;
#884 = AXIS2_PLACEMENT_3D ( 'NONE', #10323, #5362, #7060 ) ;
#885 = CARTESIAN_POINT ( 'NONE',  ( -4.897904712472655575, -10.40498319921501391, -12.85608374219901862 ) ) ;
#886 = CARTESIAN_POINT ( 'NONE',  ( -1.114639100015540008, -6.388081063724591502, -12.40000000000000924 ) ) ;
#887 = EDGE_CURVE ( 'NONE', #4242, #5714, #202, .T. ) ;
#888 = ORIENTED_EDGE ( 'NONE', *, *, #3587, .T. ) ;
#889 = ORIENTED_EDGE ( 'NONE', *, *, #1041, .F. ) ;
#890 = CARTESIAN_POINT ( 'NONE',  ( 0.1423076923076930234, -2.044518506469930053, 7.299999999999999822 ) ) ;
#891 = VERTEX_POINT ( 'NONE', #1633 ) ;
#892 = VECTOR ( 'NONE', #8374, 1000.000000000000000 ) ;
#893 = CARTESIAN_POINT ( 'NONE',  ( -0.3843583103502133946, -2.202786573698142014, -9.500000000000007105 ) ) ;
#894 = DIRECTION ( 'NONE',  ( -0.7071067811865450192, -0.7071067811865499042, -4.336808689942016158E-15 ) ) ;
#895 = EDGE_CURVE ( 'NONE', #4231, #2876, #6001, .T. ) ;
#896 = CARTESIAN_POINT ( 'NONE',  ( 0.000000000000000000, -9.000000000000000000, 0.000000000000000000 ) ) ;
#897 = CARTESIAN_POINT ( 'NONE',  ( 6.000000000000000000, 3.605551275463995342, 5.000000000000000000 ) ) ;
#898 = EDGE_CURVE ( 'NONE', #7341, #20, #2143, .T. ) ;
#899 = CIRCLE ( 'NONE', #6912, 2.000000000000000000 ) ;
#900 = ORIENTED_EDGE ( 'NONE', *, *, #639, .T. ) ;
#901 = CARTESIAN_POINT ( 'NONE',  ( 0.000000000000000000, 1.850000000000000089, -2.200000000000000178 ) ) ;
#902 = DIRECTION ( 'NONE',  ( -0.7071067811865531239, 0.7071067811865417996, -7.442135623731058732E-16 ) ) ;
#903 = DIRECTION ( 'NONE',  ( -0.8042429674092187453, 0.5943006388796954198, -1.734723475976806700E-15 ) ) ;
#904 = EDGE_LOOP ( 'NONE', ( #4876, #1837, #10414, #8076 ) ) ;
#905 = CARTESIAN_POINT ( 'NONE',  ( -9.037594106339160049, -4.730792358877888404, -13.17616156917602233 ) ) ;
#906 = ORIENTED_EDGE ( 'NONE', *, *, #7282, .F. ) ;
#907 = LINE ( 'NONE', #4917, #5248 ) ;
#908 = FACE_OUTER_BOUND ( 'NONE', #9708, .T. ) ;
#909 = VECTOR ( 'NONE', #10331, 1000.000000000000000 ) ;
#910 = ADVANCED_FACE ( 'NONE', ( #1743 ), #4136, .T. ) ;
#911 = DIRECTION ( 'NONE',  ( -5.333095244168829616E-16, -4.142135623730904530E-16, 1.000000000000000000 ) ) ;
#912 = DIRECTION ( 'NONE',  ( 0.7071067812027636013, -0.7071067811703314332, 1.414213562418956284E-15 ) ) ;
#913 = PLANE ( 'NONE',  #7541 ) ;
#914 = VERTEX_POINT ( 'NONE', #2476 ) ;
#915 = VECTOR ( 'NONE', #5151, 1000.000000000000114 ) ;
#916 = CARTESIAN_POINT ( 'NONE',  ( 3.000000000000000000, 3.673940397442060361E-16, 7.299999999999999822 ) ) ;
#917 = DIRECTION ( 'NONE',  ( 0.000000000000000000, 0.000000000000000000, 1.000000000000000000 ) ) ;
#918 = AXIS2_PLACEMENT_3D ( 'NONE', #6555, #4184, #2447 ) ;
#919 = ORIENTED_EDGE ( 'NONE', *, *, #3754, .T. ) ;
#920 = VERTEX_POINT ( 'NONE', #6503 ) ;
#921 = ADVANCED_FACE ( 'NONE', ( #83 ), #7394, .T. ) ;
#922 = EDGE_CURVE ( 'NONE', #3616, #3616, #10559, .T. ) ;
#923 = AXIS2_PLACEMENT_3D ( 'NONE', #425, #5363, #6846 ) ;
#924 = DIRECTION ( 'NONE',  ( 2.503619816187392131E-15, 1.762269886699465885E-15, -1.000000000000000000 ) ) ;
#925 = CARTESIAN_POINT ( 'NONE',  ( 0.000000000000000000, 0.000000000000000000, 5.000000000000000000 ) ) ;
#926 = CARTESIAN_POINT ( 'NONE',  ( 4.391641695844218596, -10.62870239202842626, -11.09059243854699695 ) ) ;
#927 = ORIENTED_EDGE ( 'NONE', *, *, #266, .F. ) ;
#928 = DIRECTION ( 'NONE',  ( -1.000000000000000000, 0.000000000000000000, 0.000000000000000000 ) ) ;
#929 = CIRCLE ( 'NONE', #6619, 11.00000000000000000 ) ;
#930 = ORIENTED_EDGE ( 'NONE', *, *, #5142, .T. ) ;
#931 = EDGE_CURVE ( 'NONE', #3701, #2176, #5003, .T. ) ;
#932 = CARTESIAN_POINT ( 'NONE',  ( -5.000273327022703995, -8.890290552217987141, -12.31828166942301728 ) ) ;
#933 = CARTESIAN_POINT ( 'NONE',  ( 0.5900923560882680441, -2.299999999999999822, 7.700000000000000178 ) ) ;
#934 = CARTESIAN_POINT ( 'NONE',  ( 4.594240519660528932, 5.228684461386363225, -27.03433239843398894 ) ) ;
#935 = CARTESIAN_POINT ( 'NONE',  ( -1.742104986499089277E-15, -3.313708498984701536E-15, -19.30000000000000071 ) ) ;
#936 = DIRECTION ( 'NONE',  ( 0.000000000000000000, 0.000000000000000000, -1.000000000000000000 ) ) ;
#937 = DIRECTION ( 'NONE',  ( 1.000000000000000000, 0.000000000000000000, 0.000000000000000000 ) ) ;
#938 = ORIENTED_EDGE ( 'NONE', *, *, #10075, .F. ) ;
#939 = CARTESIAN_POINT ( 'NONE',  ( -4.954063058880369574, 8.916240535517736987, -11.87520029698000990 ) ) ;
#940 = EDGE_LOOP ( 'NONE', ( #6264 ) ) ;
#941 = CARTESIAN_POINT ( 'NONE',  ( 9.142011453396857945, -4.523898966854947190, -13.39758373805597991 ) ) ;
#942 = CARTESIAN_POINT ( 'NONE',  ( -9.539334752914081506, 3.613257764340256362, -13.79999999129002397 ) ) ;
#943 = ORIENTED_EDGE ( 'NONE', *, *, #5782, .T. ) ;
#944 = DIRECTION ( 'NONE',  ( -0.7071067811865522357, 0.7071067811865429098, 0.000000000000000000 ) ) ;
#945 = CARTESIAN_POINT ( 'NONE',  ( 7.001597576483850283, -9.122917920097144417, -11.29999999999998650 ) ) ;
#946 = AXIS2_PLACEMENT_3D ( 'NONE', #5608, #4895, #1528 ) ;
#947 = CARTESIAN_POINT ( 'NONE',  ( 5.833630944789019779, 5.833630944789019779, 0.9999999999999991118 ) ) ;
#948 = CARTESIAN_POINT ( 'NONE',  ( 5.401929628886213308, 4.588049889115889179, -26.96093103371298838 ) ) ;
#949 = DIRECTION ( 'NONE',  ( -2.312964634635743450E-15, 0.000000000000000000, 1.000000000000000000 ) ) ;
#950 = ORIENTED_EDGE ( 'NONE', *, *, #887, .T. ) ;
#951 = DIRECTION ( 'NONE',  ( 1.000000000000000000, 0.000000000000000000, 0.000000000000000000 ) ) ;
#952 = VERTEX_POINT ( 'NONE', #890 ) ;
#953 = CARTESIAN_POINT ( 'NONE',  ( 10.95445115009783166, 3.499999999994548805, -10.79999999999997229 ) ) ;
#954 = AXIS2_PLACEMENT_3D ( 'NONE', #10206, #5389, #7825 ) ;
#955 = FACE_BOUND ( 'NONE', #1968, .T. ) ;
#956 = ORIENTED_EDGE ( 'NONE', *, *, #5522, .F. ) ;
#957 = CARTESIAN_POINT ( 'NONE',  ( -9.496538687308877513, -3.725420603911012929, -13.78973822270102545 ) ) ;
#958 = EDGE_CURVE ( 'NONE', #4812, #7054, #4837, .T. ) ;
#959 = VERTEX_POINT ( 'NONE', #3773 ) ;
#960 = DIRECTION ( 'NONE',  ( 0.000000000000000000, 0.000000000000000000, 1.000000000000000000 ) ) ;
#961 = EDGE_CURVE ( 'NONE', #3427, #215, #8035, .T. ) ;
#962 = CARTESIAN_POINT ( 'NONE',  ( -10.62964812139896509, 4.389335451458656223, -11.08898333287302407 ) ) ;
#963 = AXIS2_PLACEMENT_3D ( 'NONE', #306, #9371, #5177 ) ;
#964 = CARTESIAN_POINT ( 'NONE',  ( 0.6888520379748489519, 10.97840985160318006, 0.9999999999999991118 ) ) ;
#965 = DIRECTION ( 'NONE',  ( 0.000000000000000000, 0.000000000000000000, -1.000000000000000000 ) ) ;
#966 = VERTEX_POINT ( 'NONE', #8170 ) ;
#967 = CARTESIAN_POINT ( 'NONE',  ( 5.725227855668096666, -4.691990631649290755, -26.77909808926398938 ) ) ;
#968 = DIRECTION ( 'NONE',  ( 0.000000000000000000, 1.000000000000000000, 0.000000000000000000 ) ) ;
#969 = EDGE_CURVE ( 'NONE', #8570, #9060, #8698, .T. ) ;
#970 = ORIENTED_EDGE ( 'NONE', *, *, #5280, .F. ) ;
#971 = CIRCLE ( 'NONE', #2348, 0.7999999999999998224 ) ;
#972 = VERTEX_POINT ( 'NONE', #3481 ) ;
#973 = DIRECTION ( 'NONE',  ( 0.000000000000000000, 0.000000000000000000, -1.000000000000000000 ) ) ;
#974 = DIRECTION ( 'NONE',  ( -1.000000000000000000, 0.000000000000000000, 0.000000000000000000 ) ) ;
#975 = CARTESIAN_POINT ( 'NONE',  ( 3.499999999994515942, -10.95445115009787962, -10.79999999999999716 ) ) ;
#976 = B_SPLINE_CURVE_WITH_KNOTS ( 'NONE', 6,
 ( #3737, #2071, #10250, #1246, #9533, #2237, #2138, #7975, #9428, #10355, #2835, #5390, #1312, #4565, #3753, #2187, #6138, #510, #9373, #3803, #2027, #7086, #10261, #1209, #8575, #5006, #4951, #7241, #7298, #5812, #9632, #4838, #3172, #2350, #7395, #6399, #10575, #5610, #8094, #3328, #2404, #8844, #192, #10042, #2561, #942, #3579 ),
 .UNSPECIFIED., .F., .F.,
 ( 7, 5, 5, 5, 5, 5, 5, 5, 5, 7 ),
 ( 0.000000000000000000, 0.1289863132050000083, 0.1997478469919999888, 0.2526862238609999811, 0.4869571508389999859, 0.5213666196980000223, 0.7473418193479999250, 0.8002680128260000192, 0.8710279028360000675, 1.000000000000000000 ),
 .UNSPECIFIED. ) ;
#977 = DIRECTION ( 'NONE',  ( 1.000000000000000000, 0.000000000000000000, 0.000000000000000000 ) ) ;
#978 = ORIENTED_EDGE ( 'NONE', *, *, #1028, .T. ) ;
#979 = EDGE_CURVE ( 'NONE', #445, #785, #9985, .T. ) ;
#980 = CARTESIAN_POINT ( 'NONE',  ( -2.000000000000000000, 0.000000000000000000, 7.299999999999999822 ) ) ;
#981 = B_SPLINE_CURVE_WITH_KNOTS ( 'NONE', 6,
 ( #6624, #147, #5121, #10586, #4304, #3285, #4149, #3389, #3443, #5019, #8161, #6670, #9854, #1646, #8255, #8364, #4962, #7458, #4095, #8308, #10530, #2570, #3236, #41, #90, #8211, #6518, #5879, #3538, #4510, #9221, #5278, #10204, #9426, #6134, #6192, #1862, #2025, #4463, #1206, #5176, #3592, #1049, #2725, #7779, #1094, #7670, #305, #3645, #2084, #6875, #404, #3702, #1258, #7729, #9321, #8521 ),
 .UNSPECIFIED., .F., .F.,
 ( 7, 5, 5, 5, 5, 5, 5, 5, 5, 5, 5, 7 ),
 ( 0.000000000000000000, 0.1467757200979999954, 0.2274658750540000107, 0.2897111460759999590, 0.3442858126390000439, 0.3834065627630000028, 0.4999869430059999953, 0.6556920083260000531, 0.7069201047850000030, 0.7713530102169999791, 0.8532151163560000029, 1.000000000000000000 ),
 .UNSPECIFIED. ) ;
#982 = ORIENTED_EDGE ( 'NONE', *, *, #5522, .T. ) ;
#983 = VERTEX_POINT ( 'NONE', #7110 ) ;
#984 = CIRCLE ( 'NONE', #459, 1.100000000000000089 ) ;
#985 = ORIENTED_EDGE ( 'NONE', *, *, #1070, .T. ) ;
#986 = DIRECTION ( 'NONE',  ( 6.110912703474026124E-16, 4.919953083036111885E-16, -1.000000000000000000 ) ) ;
#987 = DIRECTION ( 'NONE',  ( 0.7071067811865535679, -0.7071067811865415775, 8.421356237310717879E-17 ) ) ;
#988 = CARTESIAN_POINT ( 'NONE',  ( -4.793568885027045923, -10.45334966346686301, -13.06113627712801772 ) ) ;
#989 = DIRECTION ( 'NONE',  ( 2.180868324581535502E-15, 8.031222920257052732E-16, -1.000000000000000000 ) ) ;
#990 = CARTESIAN_POINT ( 'NONE',  ( 2.125112707673957768, 5.796685582895937827, -24.79999999999999361 ) ) ;
#991 = VERTEX_POINT ( 'NONE', #5110 ) ;
#992 = VECTOR ( 'NONE', #1836, 1000.000000000000000 ) ;
#993 = VERTEX_POINT ( 'NONE', #381 ) ;
#994 = CIRCLE ( 'NONE', #8536, 1.250000000000199840 ) ;
#995 = VERTEX_POINT ( 'NONE', #6958 ) ;
#996 = FACE_OUTER_BOUND ( 'NONE', #1022, .T. ) ;
#997 = CARTESIAN_POINT ( 'NONE',  ( 10.97840985160318006, 0.6888520379748519495, -9.400000000000000355 ) ) ;
#998 = DIRECTION ( 'NONE',  ( -0.7071067811865522357, 0.7071067811865429098, 0.000000000000000000 ) ) ;
#999 = DIRECTION ( 'NONE',  ( 0.000000000000000000, 0.000000000000000000, 1.000000000000000000 ) ) ;
#1000 = AXIS2_PLACEMENT_3D ( 'NONE', #8647, #637, #4924 ) ;
#1001 = FACE_OUTER_BOUND ( 'NONE', #7597, .T. ) ;
#1002 = ORIENTED_EDGE ( 'NONE', *, *, #9758, .T. ) ;
#1003 = LINE ( 'NONE', #7407, #10387 ) ;
#1004 = CARTESIAN_POINT ( 'NONE',  ( 0.000000000000000000, -0.2000000000000000111, 7.700000000000000178 ) ) ;
#1005 = ORIENTED_EDGE ( 'NONE', *, *, #9895, .F. ) ;
#1006 = EDGE_LOOP ( 'NONE', ( #5736 ) ) ;
#1007 = DIRECTION ( 'NONE',  ( 2.329360748630715664E-15, 1.879393923934104101E-16, -1.000000000000000000 ) ) ;
#1008 = CARTESIAN_POINT ( 'NONE',  ( -10.37272415736393683, 4.965625972004514388, -11.96298691352402344 ) ) ;
#1009 = VECTOR ( 'NONE', #3438, 1000.000000000000000 ) ;
#1010 = PLANE ( 'NONE',  #5936 ) ;
#1011 = FACE_OUTER_BOUND ( 'NONE', #6977, .T. ) ;
#1012 = AXIS2_PLACEMENT_3D ( 'NONE', #3998, #3254, #1664 ) ;
#1013 = CYLINDRICAL_SURFACE ( 'NONE', #9215, 0.8000000000000002665 ) ;
#1014 = ORIENTED_EDGE ( 'NONE', *, *, #5655, .F. ) ;
#1015 = ORIENTED_EDGE ( 'NONE', *, *, #2159, .T. ) ;
#1016 = FACE_OUTER_BOUND ( 'NONE', #4717, .T. ) ;
#1017 = AXIS2_PLACEMENT_3D ( 'NONE', #806, #6680, #4106 ) ;
#1018 = DIRECTION ( 'NONE',  ( -0.7071067811865522357, 0.7071067811865427988, -1.601283208593975810E-15 ) ) ;
#1019 = CARTESIAN_POINT ( 'NONE',  ( 1.850000000000000089, 10.64037123412524011, 5.000000000000000000 ) ) ;
#1020 = CARTESIAN_POINT ( 'NONE',  ( 5.224729024866141991, -8.760262930798804248, -12.21996258294799276 ) ) ;
#1021 = DIRECTION ( 'NONE',  ( 0.000000000000000000, 0.000000000000000000, 1.000000000000000000 ) ) ;
#1022 = EDGE_LOOP ( 'NONE', ( #9098, #3505, #4418, #7286 ) ) ;
#1023 = VECTOR ( 'NONE', #5560, 1000.000000000000000 ) ;
#1024 = DIRECTION ( 'NONE',  ( 0.000000000000000000, 0.000000000000000000, 1.000000000000000000 ) ) ;
#1025 = ORIENTED_EDGE ( 'NONE', *, *, #2159, .F. ) ;
#1026 = DIRECTION ( 'NONE',  ( -3.130185029406269949E-15, -4.902016902688744135E-16, 1.000000000000000000 ) ) ;
#1027 = DIRECTION ( 'NONE',  ( 0.000000000000000000, 0.000000000000000000, -1.000000000000000000 ) ) ;
#1028 = EDGE_CURVE ( 'NONE', #5760, #6612, #10177, .T. ) ;
#1029 = EDGE_CURVE ( 'NONE', #4090, #3785, #4799, .T. ) ;
#1030 = ORIENTED_EDGE ( 'NONE', *, *, #5995, .F. ) ;
#1031 = CARTESIAN_POINT ( 'NONE',  ( 0.05000000000000080075, -3.299999999999999822, 7.700000000000000178 ) ) ;
#1032 = DIRECTION ( 'NONE',  ( -0.7071067811865421326, -0.7071067811865529018, -2.168404344971009262E-15 ) ) ;
#1033 = CARTESIAN_POINT ( 'NONE',  ( -3.629958275339037144, -10.91292885325865036, -13.79999998943201334 ) ) ;
#1034 = DIRECTION ( 'NONE',  ( 0.7071067811865415775, 0.7071067811865535679, 2.109999999999998787E-15 ) ) ;
#1035 = ORIENTED_EDGE ( 'NONE', *, *, #6181, .T. ) ;
#1036 = ORIENTED_EDGE ( 'NONE', *, *, #4755, .F. ) ;
#1037 = FACE_OUTER_BOUND ( 'NONE', #10337, .T. ) ;
#1038 = EDGE_LOOP ( 'NONE', ( #2253, #1913, #2638, #1025, #9087 ) ) ;
#1039 = CARTESIAN_POINT ( 'NONE',  ( 0.000000000000000000, 0.000000000000000000, 7.299999999999998934 ) ) ;
#1040 = LINE ( 'NONE', #296, #7764 ) ;
#1041 = EDGE_CURVE ( 'NONE', #10120, #10120, #4283, .T. ) ;
#1042 = CARTESIAN_POINT ( 'NONE',  ( -4.596194077712589809, 4.596194077712528525, -27.30000000000000426 ) ) ;
#1043 = EDGE_CURVE ( 'NONE', #7820, #1719, #5671, .T. ) ;
#1044 = DIRECTION ( 'NONE',  ( 1.000000000000000000, 0.000000000000000000, 0.000000000000000000 ) ) ;
#1045 = CARTESIAN_POINT ( 'NONE',  ( 2.377868526379541603, -6.049441401588648404, -27.30000000000000426 ) ) ;
#1046 = LINE ( 'NONE', #1641, #7902 ) ;
#1047 = EDGE_LOOP ( 'NONE', ( #2571, #6736, #1694, #9332 ) ) ;
#1048 = CARTESIAN_POINT ( 'NONE',  ( 9.142016692789329824, 4.523888436608178409, -13.39759389478397722 ) ) ;
#1049 = CARTESIAN_POINT ( 'NONE',  ( 10.50788871920149781, -4.672900428227152680, -13.23709945293697743 ) ) ;
#1050 = VECTOR ( 'NONE', #727, 1000.000000000000114 ) ;
#1051 = CARTESIAN_POINT ( 'NONE',  ( 0.000000000000000000, 0.000000000000000000, 1.000000000000000000 ) ) ;
#1052 = VERTEX_POINT ( 'NONE', #7949 ) ;
#1053 = ORIENTED_EDGE ( 'NONE', *, *, #3304, .F. ) ;
#1054 = CARTESIAN_POINT ( 'NONE',  ( 0.000000000000000000, 0.000000000000000000, 6.799999999999999822 ) ) ;
#1055 = CARTESIAN_POINT ( 'NONE',  ( 5.085786437626834022, -1.414213562372345301, -27.29999999999999005 ) ) ;
#1056 = CIRCLE ( 'NONE', #3319, 7.000000000000000000 ) ;
#1057 = DIRECTION ( 'NONE',  ( -1.000000000000000000, 0.000000000000000000, 0.000000000000000000 ) ) ;
#1058 =( NAMED_UNIT ( * ) SI_UNIT ( $, .STERADIAN. ) SOLID_ANGLE_UNIT ( ) );
#1059 = DIRECTION ( 'NONE',  ( 0.000000000000000000, 0.000000000000000000, 1.000000000000000000 ) ) ;
#1060 = ORIENTED_EDGE ( 'NONE', *, *, #3963, .T. ) ;
#1061 = AXIS2_PLACEMENT_3D ( 'NONE', #4940, #9732, #659 ) ;
#1062 = CARTESIAN_POINT ( 'NONE',  ( -4.596261581061843238, 5.219979063872388636, -27.03730762113800878 ) ) ;
#1063 = ORIENTED_EDGE ( 'NONE', *, *, #10531, .F. ) ;
#1064 = CARTESIAN_POINT ( 'NONE',  ( 4.291545164743427954, 9.253527280921803211, -11.02356164569198782 ) ) ;
#1065 = APPROVAL ( #367, 'UNSPECIFIED' ) ;
#1066 = CARTESIAN_POINT ( 'NONE',  ( -1.626303258728254876E-15, -11.66726188957803956, -9.400025000000001185 ) ) ;
#1067 = CARTESIAN_POINT ( 'NONE',  ( -8.131727983645371083, 8.131727983645227198, -22.90000000000000924 ) ) ;
#1068 = CARTESIAN_POINT ( 'NONE',  ( 5.341439289240949684, -8.689606139229553605, -12.79839583866399089 ) ) ;
#1069 = CYLINDRICAL_SURFACE ( 'NONE', #8215, 0.7999999999999998224 ) ;
#1070 = EDGE_CURVE ( 'NONE', #8859, #9047, #6365, .T. ) ;
#1071 = ORIENTED_EDGE ( 'NONE', *, *, #4060, .T. ) ;
#1072 = CIRCLE ( 'NONE', #5754, 1.050000000000409939 ) ;
#1073 = ORIENTED_EDGE ( 'NONE', *, *, #9421, .F. ) ;
#1074 = CARTESIAN_POINT ( 'NONE',  ( 3.181980515339434490, 3.181980515339493110, -27.09999999999999076 ) ) ;
#1075 = EDGE_CURVE ( 'NONE', #959, #304, #6407, .T. ) ;
#1076 = ORIENTED_EDGE ( 'NONE', *, *, #860, .T. ) ;
#1077 = CARTESIAN_POINT ( 'NONE',  ( -3.500000000000244249, 10.95445115010352310, -13.80000000000000426 ) ) ;
#1078 = CARTESIAN_POINT ( 'NONE',  ( -1.050000000001055867, -9.000000000000000000, -9.199999999999999289 ) ) ;
#1079 = CARTESIAN_POINT ( 'NONE',  ( -4.672900428229302072, -10.50788871920365786, -13.23709945293701828 ) ) ;
#1080 = CARTESIAN_POINT ( 'NONE',  ( 0.000000000000000000, 0.000000000000000000, 5.000000000000000000 ) ) ;
#1081 = CARTESIAN_POINT ( 'NONE',  ( -1.524192641962573264E-15, -1.233523804664961189E-15, -24.80000000000000426 ) ) ;
#1082 = VERTEX_POINT ( 'NONE', #3916 ) ;
#1083 = AXIS2_PLACEMENT_3D ( 'NONE', #9172, #1101, #1812 ) ;
#1084 = ADVANCED_FACE ( 'NONE', ( #8953, #8156 ), #7187, .T. ) ;
#1085 = DIRECTION ( 'NONE',  ( 0.000000000000000000, 0.000000000000000000, 1.000000000000000000 ) ) ;
#1086 = ORIENTED_EDGE ( 'NONE', *, *, #10531, .T. ) ;
#1087 = CARTESIAN_POINT ( 'NONE',  ( -12.53459616788484077, 1.849999999999955014, 5.000000000000000000 ) ) ;
#1088 = FACE_OUTER_BOUND ( 'NONE', #2821, .T. ) ;
#1089 = FACE_OUTER_BOUND ( 'NONE', #9211, .T. ) ;
#1090 = CARTESIAN_POINT ( 'NONE',  ( 8.760262930798848657, -5.224729024866035410, -12.18903451866198218 ) ) ;
#1091 = VECTOR ( 'NONE', #6067, 1000.000000000000000 ) ;
#1092 = EDGE_LOOP ( 'NONE', ( #193 ) ) ;
#1093 = ORIENTED_EDGE ( 'NONE', *, *, #6699, .F. ) ;
#1094 = CARTESIAN_POINT ( 'NONE',  ( 10.55127468166252847, -4.574074773964242446, -13.34827752717997740 ) ) ;
#1095 = EDGE_CURVE ( 'NONE', #56, #9824, #1134, .T. ) ;
#1096 = CARTESIAN_POINT ( 'NONE',  ( -1.750786205429736800E-15, -1.422005728670131962E-15, -24.41324865405200129 ) ) ;
#1097 = VERTEX_POINT ( 'NONE', #8047 ) ;
#1098 = CARTESIAN_POINT ( 'NONE',  ( -9.112956821424537779, -4.582026060026984204, -13.33965359689702446 ) ) ;
#1099 = AXIS2_PLACEMENT_3D ( 'NONE', #7238, #8997, #9790 ) ;
#1100 = ORIENTED_EDGE ( 'NONE', *, *, #6595, .F. ) ;
#1101 = DIRECTION ( 'NONE',  ( 0.000000000000000000, 0.000000000000000000, 1.000000000000000000 ) ) ;
#1102 = CARTESIAN_POINT ( 'NONE',  ( -10.58663180925165115, 4.491741413305735620, -13.42717370112502628 ) ) ;
#1103 = CARTESIAN_POINT ( 'NONE',  ( -10.84331591350171919, -1.850000000000040057, 4.799999999999999822 ) ) ;
#1104 = DIRECTION ( 'NONE',  ( -0.7071067811865520136, 0.7071067811865429098, 1.508455196501571183E-16 ) ) ;
#1105 = VECTOR ( 'NONE', #3541, 1000.000000000000000 ) ;
#1106 = APPROVAL_ROLE ( '' ) ;
#1107 = CARTESIAN_POINT ( 'NONE',  ( 3.237605654302143421, 6.909178529471816432, -24.79999999999999005 ) ) ;
#1108 = CARTESIAN_POINT ( 'NONE',  ( -1.355497403577985871, -2.918570247845604815, 7.700000000000000178 ) ) ;
#1109 = CARTESIAN_POINT ( 'NONE',  ( 0.000000000000000000, 0.000000000000000000, 7.000000000000000000 ) ) ;
#1110 = EDGE_CURVE ( 'NONE', #3749, #3496, #2909, .T. ) ;
#1111 = VERTEX_POINT ( 'NONE', #4956 ) ;
#1112 = ORIENTED_EDGE ( 'NONE', *, *, #4422, .T. ) ;
#1113 = DIRECTION ( 'NONE',  ( -0.7071067811865415775, -0.7071067811865534569, -4.336808689942018525E-15 ) ) ;
#1114 = CARTESIAN_POINT ( 'NONE',  ( 9.552625584275782344, -6.403034885982767932, -11.61110995422897929 ) ) ;
#1115 = AXIS2_PLACEMENT_3D ( 'NONE', #7558, #5122, #7780 ) ;
#1116 = PERSON ( 'UNSPECIFIED', 'UNSPECIFIED', 'UNSPECIFIED', ('UNSPECIFIED'), ('UNSPECIFIED'), ('UNSPECIFIED') ) ;
#1117 = CARTESIAN_POINT ( 'NONE',  ( 1.738233764908631709E-30, 2.982337649086365990E-31, -27.30000000000000071 ) ) ;
#1118 = CARTESIAN_POINT ( 'NONE',  ( -3.500000000000070610, -9.580709785814892854, -13.80000000000001315 ) ) ;
#1119 = DIRECTION ( 'NONE',  ( -1.000000000000000000, 0.000000000000000000, 0.000000000000000000 ) ) ;
#1120 = AXIS2_PLACEMENT_3D ( 'NONE', #9209, #5165, #3432 ) ;
#1121 = LINE ( 'NONE', #8599, #134 ) ;
#1122 = DIRECTION ( 'NONE',  ( 1.000000000000000000, 0.000000000000000000, 0.000000000000000000 ) ) ;
#1123 = AXIS2_PLACEMENT_3D ( 'NONE', #1290, #6909, #4594 ) ;
#1124 = ORIENTED_EDGE ( 'NONE', *, *, #458, .T. ) ;
#1125 = CARTESIAN_POINT ( 'NONE',  ( 4.999708280297690877, -8.890608443197002941, -12.25639688240099368 ) ) ;
#1126 = CARTESIAN_POINT ( 'NONE',  ( 1.355497403577985871, -2.918570247845604815, 7.299999999999999822 ) ) ;
#1127 = CARTESIAN_POINT ( 'NONE',  ( 6.000000000000000000, 3.605551275463995342, 7.000000000000000000 ) ) ;
#1128 = LINE ( 'NONE', #10036, #3478 ) ;
#1129 = VERTEX_POINT ( 'NONE', #8103 ) ;
#1130 = CARTESIAN_POINT ( 'NONE',  ( -4.493210294610914701, 9.157129687445650035, -11.17470578507900925 ) ) ;
#1131 = ORIENTED_EDGE ( 'NONE', *, *, #3029, .T. ) ;
#1132 = ADVANCED_FACE ( 'NONE', ( #4143, #2355 ), #2207, .F. ) ;
#1133 = PLANE ( 'NONE',  #6476 ) ;
#1134 = CIRCLE ( 'NONE', #123, 11.00000000000000000 ) ;
#1135 = AXIS2_PLACEMENT_3D ( 'NONE', #8340, #1026, #6697 ) ;
#1136 = CARTESIAN_POINT ( 'NONE',  ( -6.000000000000000000, -3.200000000000000178, 7.000000000000000000 ) ) ;
#1137 = ORIENTED_EDGE ( 'NONE', *, *, #10194, .T. ) ;
#1138 = CARTESIAN_POINT ( 'NONE',  ( 6.086011853002021965, 9.757584728041637234, -23.79999999999997939 ) ) ;
#1139 = FACE_BOUND ( 'NONE', #7811, .T. ) ;
#1140 = VERTEX_POINT ( 'NONE', #5802 ) ;
#1141 = CARTESIAN_POINT ( 'NONE',  ( -9.757584728048010803, 6.086011853008393757, -23.80000000000002203 ) ) ;
#1142 = CARTESIAN_POINT ( 'NONE',  ( -6.000000000000000000, 3.336382002646364864, 6.935820234048769350 ) ) ;
#1143 = LINE ( 'NONE', #6813, #8725 ) ;
#1144 = CARTESIAN_POINT ( 'NONE',  ( -0.6099076439117319115, -3.494011637183155106, 7.299999999999999822 ) ) ;
#1145 = EDGE_CURVE ( 'NONE', #2452, #4952, #10196, .T. ) ;
#1146 = AXIS2_PLACEMENT_3D ( 'NONE', #3403, #4111, #3503 ) ;
#1147 = CIRCLE ( 'NONE', #633, 1.850000000000000089 ) ;
#1148 = EDGE_LOOP ( 'NONE', ( #3235 ) ) ;
#1149 = ORIENTED_EDGE ( 'NONE', *, *, #5662, .F. ) ;
#1150 = CARTESIAN_POINT ( 'NONE',  ( 0.000000000000000000, 0.000000000000000000, 1.000000000000000000 ) ) ;
#1151 = CARTESIAN_POINT ( 'NONE',  ( 8.076770987746003883, 4.405198112628860407, -23.89363341178098210 ) ) ;
#1152 = LINE ( 'NONE', #3802, #737 ) ;
#1153 = CYLINDRICAL_SURFACE ( 'NONE', #4743, 2.000000000000000000 ) ;
#1154 = FACE_OUTER_BOUND ( 'NONE', #6878, .T. ) ;
#1155 = CIRCLE ( 'NONE', #7011, 1.050000000000000044 ) ;
#1156 = CARTESIAN_POINT ( 'NONE',  ( 0.000000000000000000, 0.000000000000000000, 3.000000000000000000 ) ) ;
#1157 = VECTOR ( 'NONE', #9166, 1000.000000000000000 ) ;
#1158 = CARTESIAN_POINT ( 'NONE',  ( -10.73827272566327551, 4.117319227914257418, -10.92764461204502524 ) ) ;
#1159 = CARTESIAN_POINT ( 'NONE',  ( -1.624913427312634884, -1.833618377345490158, 7.299999999999999822 ) ) ;
#1160 = ADVANCED_FACE ( 'NONE', ( #9257 ), #1898, .T. ) ;
#1161 = CARTESIAN_POINT ( 'NONE',  ( 3.111269837220818513, -5.374011537017741702, -12.29999999999999716 ) ) ;
#1162 = EDGE_LOOP ( 'NONE', ( #3447, #650, #10400, #6273, #8424, #8362, #541, #8511 ) ) ;
#1163 = DATE_AND_TIME ( #2733, #8754 ) ;
#1164 = DIRECTION ( 'NONE',  ( -1.000000000000000000, -8.493206138382439646E-15, -2.614213562372974149E-15 ) ) ;
#1165 = DIRECTION ( 'NONE',  ( -8.367021514799720591E-17, 7.200663182158821565E-16, -1.000000000000000000 ) ) ;
#1166 = VECTOR ( 'NONE', #8144, 1000.000000000000000 ) ;
#1167 = DIRECTION ( 'NONE',  ( -0.8042429674092187453, 0.5943006388796957529, -1.734723475976807094E-15 ) ) ;
#1168 = DIRECTION ( 'NONE',  ( -0.8042429674092187453, 0.5943006388796954198, -1.734723475976806700E-15 ) ) ;
#1169 = DIRECTION ( 'NONE',  ( 0.000000000000000000, 0.000000000000000000, -1.000000000000000000 ) ) ;
#1170 = EDGE_CURVE ( 'NONE', #6442, #6716, #5157, .T. ) ;
#1171 = ORIENTED_EDGE ( 'NONE', *, *, #2611, .F. ) ;
#1172 = EDGE_LOOP ( 'NONE', ( #10533 ) ) ;
#1173 = DIRECTION ( 'NONE',  ( 1.000000000000000000, 0.000000000000000000, 0.000000000000000000 ) ) ;
#1174 = LINE ( 'NONE', #9446, #9298 ) ;
#1175 = ADVANCED_FACE ( 'NONE', ( #1844, #833 ), #8406, .F. ) ;
#1176 = ADVANCED_FACE ( 'NONE', ( #7389 ), #24, .T. ) ;
#1177 = LINE ( 'NONE', #4324, #6711 ) ;
#1178 = VECTOR ( 'NONE', #4245, 1000.000000000000000 ) ;
#1179 = DIRECTION ( 'NONE',  ( -0.7071067811865533459, 0.7071067811865416886, -2.168404344971008079E-15 ) ) ;
#1180 = LINE ( 'NONE', #2054, #8535 ) ;
#1181 = EDGE_CURVE ( 'NONE', #8207, #3133, #4290, .T. ) ;
#1182 = ORIENTED_EDGE ( 'NONE', *, *, #423, .F. ) ;
#1183 = DIRECTION ( 'NONE',  ( 0.000000000000000000, 0.000000000000000000, 1.000000000000000000 ) ) ;
#1184 = CARTESIAN_POINT ( 'NONE',  ( -1.850000000000000089, 10.84331591350174051, 7.000000000000000000 ) ) ;
#1185 = AXIS2_PLACEMENT_3D ( 'NONE', #7954, #2981, #6372 ) ;
#1186 = DIRECTION ( 'NONE',  ( 1.000000000000000000, 0.000000000000000000, 0.000000000000000000 ) ) ;
#1187 = CARTESIAN_POINT ( 'NONE',  ( 7.584086097662738446, 8.644746269442702413, -23.79999999999997939 ) ) ;
#1188 = CARTESIAN_POINT ( 'NONE',  ( 4.954063058880294967, -8.916240535517751198, -11.87520029697999391 ) ) ;
#1189 = CARTESIAN_POINT ( 'NONE',  ( 4.640803459352960125, 5.622976369343537506, -26.84348652119898659 ) ) ;
#1190 = DIRECTION ( 'NONE',  ( -0.7071067811865530128, 0.7071067811865420216, 0.000000000000000000 ) ) ;
#1191 = AXIS2_PLACEMENT_3D ( 'NONE', #7103, #422, #8749 ) ;
#1192 = ORIENTED_EDGE ( 'NONE', *, *, #8328, .T. ) ;
#1193 = CARTESIAN_POINT ( 'NONE',  ( 0.000000000000000000, 9.000000000000000000, -9.200000000000006395 ) ) ;
#1194 = FACE_OUTER_BOUND ( 'NONE', #4793, .T. ) ;
#1195 = VERTEX_POINT ( 'NONE', #2875 ) ;
#1196 = CARTESIAN_POINT ( 'NONE',  ( -5.287493853978618041, -4.586699773481446307, -27.01163629753501638 ) ) ;
#1197 = ORIENTED_EDGE ( 'NONE', *, *, #4587, .T. ) ;
#1198 = AXIS2_PLACEMENT_3D ( 'NONE', #3710, #7987, #10310 ) ;
#1199 = DIRECTION ( 'NONE',  ( -2.180868324581535502E-15, -8.031222920257055690E-16, 1.000000000000000000 ) ) ;
#1200 = CARTESIAN_POINT ( 'NONE',  ( 5.071089385980548592, 4.637221724553039159, -27.08545709085598574 ) ) ;
#1201 = EDGE_CURVE ( 'NONE', #8859, #7087, #8011, .T. ) ;
#1202 = CARTESIAN_POINT ( 'NONE',  ( -1.050000000000000044, 9.000000000000000000, -9.200000000000006395 ) ) ;
#1203 = EDGE_LOOP ( 'NONE', ( #418 ) ) ;
#1204 = VERTEX_POINT ( 'NONE', #2983 ) ;
#1205 = AXIS2_PLACEMENT_3D ( 'NONE', #1556, #7430, #3462 ) ;
#1206 = CARTESIAN_POINT ( 'NONE',  ( 10.46249749764915826, -4.773571024238902005, -13.09397317377097636 ) ) ;
#1207 = CARTESIAN_POINT ( 'NONE',  ( 3.000000000000000000, 3.673940397442060361E-16, 7.299999999999999822 ) ) ;
#1208 = CARTESIAN_POINT ( 'NONE',  ( 9.496538687308866855, -3.725420603910853945, -10.81026177729897952 ) ) ;
#1209 = CARTESIAN_POINT ( 'NONE',  ( -8.890290552217310349, 5.000273327021954373, -12.31828166942302083 ) ) ;
#1210 = AXIS2_PLACEMENT_3D ( 'NONE', #274, #7700, #5954 ) ;
#1211 = EDGE_LOOP ( 'NONE', ( #5100 ) ) ;
#1212 = DIRECTION ( 'NONE',  ( 0.000000000000000000, 0.000000000000000000, -1.000000000000000000 ) ) ;
#1213 = ADVANCED_FACE ( 'NONE', ( #9306, #2220, #2385, #6431, #5529 ), #8017, .T. ) ;
#1214 = ADVANCED_FACE ( 'NONE', ( #7162, #10391 ), #653, .F. ) ;
#1215 = DIRECTION ( 'NONE',  ( 0.000000000000000000, 0.000000000000000000, 1.000000000000000000 ) ) ;
#1216 = CIRCLE ( 'NONE', #9290, 11.00000000000000000 ) ;
#1217 = ORIENTED_EDGE ( 'NONE', *, *, #7998, .F. ) ;
#1218 = FACE_OUTER_BOUND ( 'NONE', #7045, .T. ) ;
#1219 = ORIENTED_EDGE ( 'NONE', *, *, #7025, .F. ) ;
#1220 = EDGE_CURVE ( 'NONE', #8395, #8395, #9064, .T. ) ;
#1221 = ORIENTED_EDGE ( 'NONE', *, *, #7013, .F. ) ;
#1222 = DIRECTION ( 'NONE',  ( 0.000000000000000000, 0.000000000000000000, 1.000000000000000000 ) ) ;
#1223 = FACE_BOUND ( 'NONE', #5824, .T. ) ;
#1224 = DIRECTION ( 'NONE',  ( 0.7071067812027627131, -0.7071067811703324324, 1.634213562418953548E-15 ) ) ;
#1225 = DIRECTION ( 'NONE',  ( 0.000000000000000000, 0.000000000000000000, 1.000000000000000000 ) ) ;
#1226 = DIRECTION ( 'NONE',  ( 0.000000000000000000, 0.000000000000000000, -1.000000000000000000 ) ) ;
#1227 = CONICAL_SURFACE ( 'NONE', #9631, 9.200000000000001066, 1.047197551196999754 ) ;
#1228 = EDGE_CURVE ( 'NONE', #4203, #2594, #6047, .T. ) ;
#1229 = EDGE_CURVE ( 'NONE', #207, #5548, #3404, .T. ) ;
#1230 = VERTEX_POINT ( 'NONE', #2041 ) ;
#1231 = EDGE_CURVE ( 'NONE', #8453, #3569, #8891, .T. ) ;
#1232 = DIRECTION ( 'NONE',  ( -0.7071067811865415775, -0.7071067811865534569, -4.336808689942018525E-15 ) ) ;
#1233 = ORIENTED_EDGE ( 'NONE', *, *, #552, .T. ) ;
#1234 = DIRECTION ( 'NONE',  ( -0.7071067811865415775, -0.7071067811865536790, -3.469446951953614189E-15 ) ) ;
#1235 = AXIS2_PLACEMENT_3D ( 'NONE', #174, #10555, #875 ) ;
#1236 = CARTESIAN_POINT ( 'NONE',  ( 4.384818667895154398, -9.209545823984907287, -11.08747651403299272 ) ) ;
#1237 = FACE_OUTER_BOUND ( 'NONE', #2836, .T. ) ;
#1238 = CARTESIAN_POINT ( 'NONE',  ( 0.000000000000000000, -0.2000000000000000111, 7.700000000000000178 ) ) ;
#1239 = CARTESIAN_POINT ( 'NONE',  ( 2.155497403577984805, -2.432350908723610150, 7.700000000000000178 ) ) ;
#1240 = ORIENTED_EDGE ( 'NONE', *, *, #8418, .F. ) ;
#1241 = CARTESIAN_POINT ( 'NONE',  ( 1.738233764908631709E-30, 2.982337649086365990E-31, -27.30000000000000071 ) ) ;
#1242 = CARTESIAN_POINT ( 'NONE',  ( -4.042800392682712740, 9.365189111253082288, -10.89764710849000906 ) ) ;
#1243 = AXIS2_PLACEMENT_3D ( 'NONE', #8381, #1817, #1167 ) ;
#1244 = EDGE_CURVE ( 'NONE', #5231, #4239, #10234, .T. ) ;
#1245 = CARTESIAN_POINT ( 'NONE',  ( 2.050609665440992213, -2.050609665440973561, -22.50000000000000355 ) ) ;
#1246 = CARTESIAN_POINT ( 'NONE',  ( -9.452826169693670622, 3.835190596497041859, -10.83041375990702271 ) ) ;
#1247 = ORIENTED_EDGE ( 'NONE', *, *, #6781, .F. ) ;
#1248 = DIRECTION ( 'NONE',  ( -1.784888527117070713E-15, -5.768481220460070372E-16, 1.000000000000000000 ) ) ;
#1249 = ORIENTED_EDGE ( 'NONE', *, *, #9479, .T. ) ;
#1250 = DIRECTION ( 'NONE',  ( 0.000000000000000000, 0.000000000000000000, -1.000000000000000000 ) ) ;
#1251 = LINE ( 'NONE', #6127, #6553 ) ;
#1252 = CARTESIAN_POINT ( 'NONE',  ( 8.609491377415352531, -5.469751923309704722, -11.60388294061998415 ) ) ;
#1253 = AXIS2_PLACEMENT_3D ( 'NONE', #317, #7786, #363 ) ;
#1254 = CYLINDRICAL_SURFACE ( 'NONE', #6732, 0.8000000000000002665 ) ;
#1255 = ORIENTED_EDGE ( 'NONE', *, *, #63, .T. ) ;
#1256 = CARTESIAN_POINT ( 'NONE',  ( 8.897977515214989808, 4.986595999808142388, -12.03981011879597851 ) ) ;
#1257 = ORIENTED_EDGE ( 'NONE', *, *, #9449, .F. ) ;
#1258 = CARTESIAN_POINT ( 'NONE',  ( 10.82572605383201214, -3.883880413703614032, -13.75998636847297618 ) ) ;
#1259 = CARTESIAN_POINT ( 'NONE',  ( 0.7071067811865124897, 2.121320343559645050, -19.54142135623731491 ) ) ;
#1260 = FACE_OUTER_BOUND ( 'NONE', #269, .T. ) ;
#1261 = EDGE_LOOP ( 'NONE', ( #1630, #5089, #2740, #3365 ) ) ;
#1262 = CARTESIAN_POINT ( 'NONE',  ( -5.779248310989010484, -2.941137358222363218, -9.400000000000018119 ) ) ;
#1263 = FACE_OUTER_BOUND ( 'NONE', #4093, .T. ) ;
#1264 = CONICAL_SURFACE ( 'NONE', #6952, 4.000000000000000000, 0.7853981633974476129 ) ;
#1265 = DIRECTION ( 'NONE',  ( 0.000000000000000000, 0.000000000000000000, 1.000000000000000000 ) ) ;
#1266 = VERTEX_POINT ( 'NONE', #5702 ) ;
#1267 = DIRECTION ( 'NONE',  ( 1.000000000000000000, 0.000000000000000000, 0.000000000000000000 ) ) ;
#1268 = ORIENTED_EDGE ( 'NONE', *, *, #4744, .T. ) ;
#1269 = CARTESIAN_POINT ( 'NONE',  ( 5.563961030679579700, -6.363961030678660258, 1.000000000000000000 ) ) ;
#1270 = DIRECTION ( 'NONE',  ( -2.960024404117014106E-16, -3.403936626561898508E-16, 1.000000000000000000 ) ) ;
#1271 = VECTOR ( 'NONE', #4568, 1000.000000000000000 ) ;
#1272 = PRODUCT_RELATED_PRODUCT_CATEGORY ( 'detail', '', ( #2360 ) ) ;
#1273 = ORIENTED_EDGE ( 'NONE', *, *, #3950, .T. ) ;
#1274 = EDGE_CURVE ( 'NONE', #9960, #20, #4621, .T. ) ;
#1275 = ORIENTED_EDGE ( 'NONE', *, *, #9633, .F. ) ;
#1276 = EDGE_CURVE ( 'NONE', #6356, #6490, #4893, .T. ) ;
#1277 = CIRCLE ( 'NONE', #4053, 11.50000000000000178 ) ;
#1278 = DIRECTION ( 'NONE',  ( 0.000000000000000000, 0.000000000000000000, 1.000000000000000000 ) ) ;
#1279 = CARTESIAN_POINT ( 'NONE',  ( -10.35615758860411795, -4.999999999999758415, -12.38463617111102977 ) ) ;
#1280 = ADVANCED_FACE ( 'NONE', ( #782 ), #2960, .F. ) ;
#1281 = VERTEX_POINT ( 'NONE', #5629 ) ;
#1282 = CARTESIAN_POINT ( 'NONE',  ( 0.000000000000000000, 0.000000000000000000, 7.000000000000000000 ) ) ;
#1283 = CARTESIAN_POINT ( 'NONE',  ( -4.838856925422219568, 5.899517097201942839, -24.80000000000000782 ) ) ;
#1284 = DIRECTION ( 'NONE',  ( 0.000000000000000000, 0.000000000000000000, -1.000000000000000000 ) ) ;
#1285 = ORIENTED_EDGE ( 'NONE', *, *, #3812, .F. ) ;
#1286 = AXIS2_PLACEMENT_3D ( 'NONE', #2620, #951, #9108 ) ;
#1287 = DIRECTION ( 'NONE',  ( 0.000000000000000000, -1.000000000000000000, 0.000000000000000000 ) ) ;
#1288 = DIRECTION ( 'NONE',  ( -0.7071067811865382469, -0.7071067811865567876, -4.336808689942017736E-15 ) ) ;
#1289 = EDGE_CURVE ( 'NONE', #4326, #4326, #2556, .T. ) ;
#1290 = CARTESIAN_POINT ( 'NONE',  ( -9.590163773909265425E-15, -3.547880220536835955E-15, -22.89999999999999858 ) ) ;
#1291 = CARTESIAN_POINT ( 'NONE',  ( 9.757584728041639011, -6.086011853002030847, -27.29999999999997939 ) ) ;
#1292 = CARTESIAN_POINT ( 'NONE',  ( 6.662376910998226265, -9.374252304156197368, -11.38196663203198611 ) ) ;
#1293 = CIRCLE ( 'NONE', #8670, 11.00000000000000000 ) ;
#1294 = EDGE_CURVE ( 'NONE', #5656, #2202, #2448, .T. ) ;
#1295 = FACE_OUTER_BOUND ( 'NONE', #2441, .T. ) ;
#1296 = DIRECTION ( 'NONE',  ( 0.000000000000000000, 0.000000000000000000, -1.000000000000000000 ) ) ;
#1297 = CYLINDRICAL_SURFACE ( 'NONE', #8291, 0.7999999999999999334 ) ;
#1298 = EDGE_LOOP ( 'NONE', ( #9248, #7767, #3660, #2898 ) ) ;
#1299 = VERTEX_POINT ( 'NONE', #9488 ) ;
#1300 = CARTESIAN_POINT ( 'NONE',  ( -5.046756922887595920, -4.647279604265444064, -27.09186954811301362 ) ) ;
#1301 = DIRECTION ( 'NONE',  ( 0.000000000000000000, 0.000000000000000000, 1.000000000000000000 ) ) ;
#1302 = CIRCLE ( 'NONE', #4248, 11.50000000000000178 ) ;
#1303 = DIRECTION ( 'NONE',  ( -0.7071067811865522357, 0.7071067811865429098, 0.000000000000000000 ) ) ;
#1304 = CARTESIAN_POINT ( 'NONE',  ( -3.941344716135912307, -9.408812918886910737, -10.85983109863701124 ) ) ;
#1305 = CARTESIAN_POINT ( 'NONE',  ( -2.377868526379541603, 6.049441401588648404, -27.29999999999999716 ) ) ;
#1306 = ORIENTED_EDGE ( 'NONE', *, *, #2729, .T. ) ;
#1307 = CARTESIAN_POINT ( 'NONE',  ( 9.039764345786410971, 4.726508297589540497, -11.41913030894197512 ) ) ;
#1308 = VERTEX_POINT ( 'NONE', #4628 ) ;
#1309 = AXIS2_PLACEMENT_3D ( 'NONE', #6485, #5747, #8026 ) ;
#1310 = CARTESIAN_POINT ( 'NONE',  ( 0.5900923560882680441, -3.200000000000000178, 7.700000000000000178 ) ) ;
#1311 = FACE_OUTER_BOUND ( 'NONE', #2183, .T. ) ;
#1312 = CARTESIAN_POINT ( 'NONE',  ( -9.157136858707785265, 4.493195736987630973, -11.17469264390002337 ) ) ;
#1313 = ORIENTED_EDGE ( 'NONE', *, *, #1095, .T. ) ;
#1314 = CARTESIAN_POINT ( 'NONE',  ( -9.253521240151677318, -4.291558287229154445, -11.02356938523902485 ) ) ;
#1315 = VERTEX_POINT ( 'NONE', #8681 ) ;
#1316 = CARTESIAN_POINT ( 'NONE',  ( 5.978532735505788231, 3.042555887816217997, -9.441421356237299278 ) ) ;
#1317 = PLANE ( 'NONE',  #4441 ) ;
#1318 = CIRCLE ( 'NONE', #8360, 1.050000000000200107 ) ;
#1319 = CIRCLE ( 'NONE', #2018, 1.699999999999999956 ) ;
#1320 = CARTESIAN_POINT ( 'NONE',  ( 9.757584728041525324, 6.086011853002195160, -23.79999999999997229 ) ) ;
#1321 = ORIENTED_EDGE ( 'NONE', *, *, #2039, .F. ) ;
#1322 = CARTESIAN_POINT ( 'NONE',  ( 0.000000000000000000, 0.000000000000000000, 0.9999999999999991118 ) ) ;
#1323 = DIRECTION ( 'NONE',  ( 1.503138155671783241E-15, 1.636415952796485298E-15, -1.000000000000000000 ) ) ;
#1324 = ORIENTED_EDGE ( 'NONE', *, *, #1801, .T. ) ;
#1325 = LINE ( 'NONE', #2097, #7944 ) ;
#1326 = CARTESIAN_POINT ( 'NONE',  ( 0.1499999999999999944, -2.200000000000000178, 7.299999999999999822 ) ) ;
#1327 = VECTOR ( 'NONE', #1427, 1000.000000000000000 ) ;
#1328 = VECTOR ( 'NONE', #8245, 1000.000000000000000 ) ;
#1329 = ORIENTED_EDGE ( 'NONE', *, *, #2630, .F. ) ;
#1330 = DIRECTION ( 'NONE',  ( 1.000000000000000000, 0.000000000000000000, 0.000000000000000000 ) ) ;
#1331 = VERTEX_POINT ( 'NONE', #6608 ) ;
#1332 = DIRECTION ( 'NONE',  ( 1.000000000000000000, 0.000000000000000000, 0.000000000000000000 ) ) ;
#1333 = CIRCLE ( 'NONE', #5148, 3.000000000000000000 ) ;
#1334 = LINE ( 'NONE', #9552, #5355 ) ;
#1335 = EDGE_CURVE ( 'NONE', #8977, #7691, #4806, .T. ) ;
#1336 = VERTEX_POINT ( 'NONE', #1440 ) ;
#1337 = CARTESIAN_POINT ( 'NONE',  ( 5.009927747226536887, -4.664390452583340618, -27.10074158624898999 ) ) ;
#1338 = DIRECTION ( 'NONE',  ( -0.7071067811865522357, 0.7071067811865427988, 0.000000000000000000 ) ) ;
#1339 = EDGE_LOOP ( 'NONE', ( #5103, #3707, #4447, #3981, #2671, #1588, #3865, #4147, #9984, #10591, #2712, #3045, #5642, #7715, #678, #6640, #10481, #9661, #9015, #2173, #9931, #10382, #4164, #5002, #3336, #7326, #5208, #1473, #10517, #3135, #9591, #1240 ) ) ;
#1340 = FACE_OUTER_BOUND ( 'NONE', #4132, .T. ) ;
#1341 = EDGE_CURVE ( 'NONE', #4916, #9309, #688, .T. ) ;
#1342 = CARTESIAN_POINT ( 'NONE',  ( -0.1499999999999999944, -3.299999999999999822, 7.700000000000000178 ) ) ;
#1343 = CARTESIAN_POINT ( 'NONE',  ( -3.500000000000251799, 10.95445115010352133, -10.80000000000000426 ) ) ;
#1344 = DIRECTION ( 'NONE',  ( 1.000000000000000000, 0.000000000000000000, 0.000000000000000000 ) ) ;
#1345 = CARTESIAN_POINT ( 'NONE',  ( 4.883472669562814339, -10.41162660277290364, -12.88095286815499563 ) ) ;
#1346 = DIRECTION ( 'NONE',  ( -0.7071067811865522357, 0.7071067811865429098, -1.818814781641097311E-15 ) ) ;
#1347 = ORIENTED_EDGE ( 'NONE', *, *, #2680, .T. ) ;
#1348 = CARTESIAN_POINT ( 'NONE',  ( -4.553509772130351685, 9.127278213359119263, -11.23098002329400735 ) ) ;
#1349 = CARTESIAN_POINT ( 'NONE',  ( -0.8042429674092548275, 0.5943006388796896466, -12.35857864376269255 ) ) ;
#1350 = CARTESIAN_POINT ( 'NONE',  ( 0.000000000000000000, 1.850000000000000089, 7.299999999999998934 ) ) ;
#1351 = EDGE_LOOP ( 'NONE', ( #10569 ) ) ;
#1352 = DIRECTION ( 'NONE',  ( 0.000000000000000000, 0.000000000000000000, -1.000000000000000000 ) ) ;
#1353 = EDGE_CURVE ( 'NONE', #218, #9794, #8549, .T. ) ;
#1354 = DIRECTION ( 'NONE',  ( 0.000000000000000000, 0.000000000000000000, -1.000000000000000000 ) ) ;
#1355 = CARTESIAN_POINT ( 'NONE',  ( 4.672900428227112712, 10.50788871920152623, -13.23709945293698631 ) ) ;
#1356 = AXIS2_PLACEMENT_3D ( 'NONE', #1988, #5202, #1827 ) ;
#1357 = PLANE ( 'NONE',  #1553 ) ;
#1358 = EDGE_LOOP ( 'NONE', ( #3416, #10014 ) ) ;
#1359 = FACE_OUTER_BOUND ( 'NONE', #138, .T. ) ;
#1360 = ORIENTED_EDGE ( 'NONE', *, *, #5397, .F. ) ;
#1361 = CIRCLE ( 'NONE', #9434, 1.000000000000000000 ) ;
#1362 = CARTESIAN_POINT ( 'NONE',  ( 2.333452377915584464, 0.7778174593052167296, -19.50000000000000000 ) ) ;
#1363 = EDGE_CURVE ( 'NONE', #6612, #7390, #3932, .T. ) ;
#1364 = VERTEX_POINT ( 'NONE', #9205 ) ;
#1365 = CARTESIAN_POINT ( 'NONE',  ( -8.897977515215062638, -4.986595999808154822, -12.03981011879602292 ) ) ;
#1366 = ADVANCED_FACE ( 'NONE', ( #5805 ), #1790, .F. ) ;
#1367 = ORIENTED_EDGE ( 'NONE', *, *, #4142, .F. ) ;
#1368 = CARTESIAN_POINT ( 'NONE',  ( -1.153074931050557472, -6.608359721094405614, -9.441421356237324147 ) ) ;
#1369 = DIRECTION ( 'NONE',  ( 0.000000000000000000, -1.000000000000000000, 0.000000000000000000 ) ) ;
#1370 = CARTESIAN_POINT ( 'NONE',  ( 10.47207762060608083, 4.752492098730123793, -11.47370488376397368 ) ) ;
#1371 =( BOUNDED_CURVE ( )  B_SPLINE_CURVE ( 2, ( #516, #7042, #10416 ),
 .UNSPECIFIED., .F., .T. ) 
 B_SPLINE_CURVE_WITH_KNOTS ( ( 3, 3 ),
 ( 0.000000000000000000, 1.000000000000000000 ),
 .UNSPECIFIED. ) 
 CURVE ( )  GEOMETRIC_REPRESENTATION_ITEM ( )  RATIONAL_B_SPLINE_CURVE ( ( 1.000000000000000000, 1.045347380084193922, 1.000000000000000000 ) ) 
 REPRESENTATION_ITEM ( '' )  );
#1372 = B_SPLINE_CURVE_WITH_KNOTS ( 'NONE', 6,
 ( #2105, #2259, #5576, #7999, #7889, #9451, #3767, #1383, #4687, #8808, #1438, #5414, #6418, #7943, #10433, #4746, #576, #3931, #7002, #3139, #9655, #5360, #4582, #8596, #4531, #10229, #2918, #7058, #6211, #8641, #1279, #7836, #6259, #752, #99, #3398, #8917, #9861, #691, #10597, #5030, #8268, #2370, #3348, #2528, #7417, #3297, #7319, #8169, #8969, #1494, #4805, #7260, #3986, #3242, #8220, #6530 ),
 .UNSPECIFIED., .F., .F.,
 ( 7, 5, 5, 5, 5, 5, 5, 5, 5, 5, 5, 7 ),
 ( 0.000000000000000000, 0.1467757586529999936, 0.2274659348230000100, 0.2897112222089999745, 0.3442859031189999808, 0.3834066635279999580, 0.4999870744199999550, 0.6556921806749999027, 0.7069202906020000121, 0.7713532129719999908, 0.8532153406319999966, 1.000000000000000000 ),
 .UNSPECIFIED. ) ;
#1373 = CARTESIAN_POINT ( 'NONE',  ( -0.1499999999999999944, -3.395393726758810349, 7.700000000000000178 ) ) ;
#1374 = ORIENTED_EDGE ( 'NONE', *, *, #6005, .T. ) ;
#1375 = CARTESIAN_POINT ( 'NONE',  ( -10.05000000000044125, 2.546932573555920269E-13, -9.200000000000008171 ) ) ;
#1376 = ORIENTED_EDGE ( 'NONE', *, *, #922, .T. ) ;
#1377 = VERTEX_POINT ( 'NONE', #9892 ) ;
#1378 = ORIENTED_EDGE ( 'NONE', *, *, #9988, .F. ) ;
#1379 = CARTESIAN_POINT ( 'NONE',  ( 4.582029351466727185, 9.112955154030725424, -13.33964997965098753 ) ) ;
#1380 = DIRECTION ( 'NONE',  ( -2.312964634635743450E-15, -1.734723475976807686E-15, 1.000000000000000000 ) ) ;
#1381 = AXIS2_PLACEMENT_3D ( 'NONE', #9422, #4558, #450 ) ;
#1382 = CARTESIAN_POINT ( 'NONE',  ( 4.791450894971167607, 5.851782316809509332, -26.68618552639198782 ) ) ;
#1383 = CARTESIAN_POINT ( 'NONE',  ( -10.65146153874176171, -4.336126933478204215, -13.54808005860603082 ) ) ;
#1384 = CARTESIAN_POINT ( 'NONE',  ( 2.474873734152896354, 2.474873734152936322, -27.29999999999999005 ) ) ;
#1385 = CARTESIAN_POINT ( 'NONE',  ( 4.767137703045866814, -4.851528696805365470, -27.12588195420699222 ) ) ;
#1386 = DIRECTION ( 'NONE',  ( -0.8042429674092187453, 0.5943006388796957529, -1.577021341797097215E-15 ) ) ;
#1387 = ORIENTED_EDGE ( 'NONE', *, *, #8322, .F. ) ;
#1388 = AXIS2_PLACEMENT_3D ( 'NONE', #5757, #6497, #3324 ) ;
#1389 = CARTESIAN_POINT ( 'NONE',  ( 15.27350647362950298, -13.01076477383235108, -12.29999999999997051 ) ) ;
#1390 = DIRECTION ( 'NONE',  ( 0.000000000000000000, 0.000000000000000000, -1.000000000000000000 ) ) ;
#1391 = FACE_OUTER_BOUND ( 'NONE', #741, .T. ) ;
#1392 = DIRECTION ( 'NONE',  ( 1.000000000000000000, 0.000000000000000000, 0.000000000000000000 ) ) ;
#1393 = DIRECTION ( 'NONE',  ( -0.7071067811865522357, 0.7071067811865429098, -1.508455196501571232E-15 ) ) ;
#1394 = CIRCLE ( 'NONE', #6237, 11.00000000000000000 ) ;
#1395 = CARTESIAN_POINT ( 'NONE',  ( 2.121320343559626842, 0.7071067811865637820, -22.45857864376268864 ) ) ;
#1396 = CARTESIAN_POINT ( 'NONE',  ( -0.6099076439117319115, -3.200000000000000178, 7.700000000000000178 ) ) ;
#1397 = VERTEX_POINT ( 'NONE', #2708 ) ;
#1398 = FACE_OUTER_BOUND ( 'NONE', #801, .T. ) ;
#1399 = EDGE_CURVE ( 'NONE', #7347, #2906, #10038, .T. ) ;
#1400 = ORIENTED_EDGE ( 'NONE', *, *, #1626, .F. ) ;
#1401 = CARTESIAN_POINT ( 'NONE',  ( -6.151828996322947773, -2.050609665441033069, -22.50000000000001776 ) ) ;
#1402 = EDGE_LOOP ( 'NONE', ( #6774, #2569, #3905, #6622, #2394, #2568 ) ) ;
#1403 = EDGE_CURVE ( 'NONE', #8027, #4740, #6016, .T. ) ;
#1404 = CARTESIAN_POINT ( 'NONE',  ( -4.670617836565732262, -4.997270754622136657, -27.10363736790101541 ) ) ;
#1405 = AXIS2_PLACEMENT_3D ( 'NONE', #10493, #5686, #5843 ) ;
#1406 = ORIENTED_EDGE ( 'NONE', *, *, #8311, .F. ) ;
#1407 = CARTESIAN_POINT ( 'NONE',  ( 8.553696174113394335, -5.556597616119287153, -13.08655648831498475 ) ) ;
#1408 = CARTESIAN_POINT ( 'NONE',  ( -4.830679341125314608, -8.984552556677417812, -11.57225620452302017 ) ) ;
#1409 = CARTESIAN_POINT ( 'NONE',  ( 4.336126933477979506, 10.65146153874179547, -11.05191994139398659 ) ) ;
#1410 = CYLINDRICAL_SURFACE ( 'NONE', #203, 1.050000000000200107 ) ;
#1411 = AXIS2_PLACEMENT_3D ( 'NONE', #4120, #2544, #3312 ) ;
#1412 = EDGE_LOOP ( 'NONE', ( #1833, #3368, #9442, #3455 ) ) ;
#1413 = ADVANCED_FACE ( 'NONE', ( #7596, #290 ), #2606, .F. ) ;
#1414 = CARTESIAN_POINT ( 'NONE',  ( 10.70802861563070074, -1.849999999999890177, 4.933342624449380764 ) ) ;
#1415 = ORIENTED_EDGE ( 'NONE', *, *, #9121, .T. ) ;
#1416 = ORIENTED_EDGE ( 'NONE', *, *, #9090, .T. ) ;
#1417 = CARTESIAN_POINT ( 'NONE',  ( -2.412728902227700090, 1.782901916639079376, -9.500000000000007105 ) ) ;
#1418 = CARTESIAN_POINT ( 'NONE',  ( 6.086011853002196936, -9.757584728041534206, -27.29999999999999361 ) ) ;
#1419 = VECTOR ( 'NONE', #6118, 1000.000000000000000 ) ;
#1420 = CARTESIAN_POINT ( 'NONE',  ( 10.42268354918183171, 4.859821627669371757, -12.93382099012797504 ) ) ;
#1421 = CARTESIAN_POINT ( 'NONE',  ( -4.405198112628869289, 8.076770987746009212, -23.89363341178101052 ) ) ;
#1422 = DIRECTION ( 'NONE',  ( 1.000000000000000000, 0.000000000000000000, 0.000000000000000000 ) ) ;
#1423 = ORIENTED_EDGE ( 'NONE', *, *, #3695, .T. ) ;
#1424 = EDGE_CURVE ( 'NONE', #9699, #1771, #5119, .T. ) ;
#1425 = EDGE_LOOP ( 'NONE', ( #8410, #1540 ) ) ;
#1426 = CARTESIAN_POINT ( 'NONE',  ( 0.000000000000000000, 0.000000000000000000, 1.000000000000000000 ) ) ;
#1427 = DIRECTION ( 'NONE',  ( -1.155563491861046085E-15, -2.586500705120551449E-16, 1.000000000000000000 ) ) ;
#1428 = EDGE_LOOP ( 'NONE', ( #8368, #5896, #5444, #9112 ) ) ;
#1429 = CARTESIAN_POINT ( 'NONE',  ( 0.000000000000000000, 0.000000000000000000, 7.000000000000000000 ) ) ;
#1430 = LINE ( 'NONE', #9492, #4061 ) ;
#1431 = ORIENTED_EDGE ( 'NONE', *, *, #1937, .T. ) ;
#1432 = ORIENTED_EDGE ( 'NONE', *, *, #6254, .F. ) ;
#1433 = FACE_OUTER_BOUND ( 'NONE', #5314, .T. ) ;
#1434 = FACE_OUTER_BOUND ( 'NONE', #10546, .T. ) ;
#1435 = CARTESIAN_POINT ( 'NONE',  ( -8.644746269448940978, -7.584086097669257676, -27.30000000000003268 ) ) ;
#1436 = FACE_OUTER_BOUND ( 'NONE', #6588, .T. ) ;
#1437 = DIRECTION ( 'NONE',  ( 1.031457201932155548E-14, -1.000000000000000000, 0.000000000000000000 ) ) ;
#1438 = CARTESIAN_POINT ( 'NONE',  ( -10.58810457441831865, -4.488262884147470544, -13.43017601638402958 ) ) ;
#1439 = AXIS2_PLACEMENT_3D ( 'NONE', #7539, #8295, #987 ) ;
#1440 = CARTESIAN_POINT ( 'NONE',  ( -2.121320343559664146, 2.121320343559618404, -12.40000000000000036 ) ) ;
#1441 = EDGE_CURVE ( 'NONE', #1377, #9731, #3039, .T. ) ;
#1442 = CARTESIAN_POINT ( 'NONE',  ( 4.621820856511265951, -5.567008813656054045, -26.87537298894699234 ) ) ;
#1443 = DIRECTION ( 'NONE',  ( 0.000000000000000000, 0.000000000000000000, 1.000000000000000000 ) ) ;
#1444 = ORIENTED_EDGE ( 'NONE', *, *, #2079, .T. ) ;
#1445 = FACE_OUTER_BOUND ( 'NONE', #4768, .T. ) ;
#1446 = CIRCLE ( 'NONE', #2837, 1.050000000000200107 ) ;
#1447 = CARTESIAN_POINT ( 'NONE',  ( -6.363961030678924935, -2.121320343559698784, -19.60000000000002274 ) ) ;
#1448 = CARTESIAN_POINT ( 'NONE',  ( -0.6888520379748439559, 10.97840985160318006, 0.9999999999999991118 ) ) ;
#1449 = DIRECTION ( 'NONE',  ( 1.000000000000000000, 0.000000000000000000, 0.000000000000000000 ) ) ;
#1450 = CARTESIAN_POINT ( 'NONE',  ( -0.7363961030678870534, -2.209188309203685030, -22.50000000000000711 ) ) ;
#1451 = CARTESIAN_POINT ( 'NONE',  ( -7.950000000000000178, 2.548218452695024850E-13, -9.200000000000008171 ) ) ;
#1452 = VECTOR ( 'NONE', #6568, 1000.000000000000000 ) ;
#1453 = CARTESIAN_POINT ( 'NONE',  ( 9.568601963699050472, -6.379078143479784302, -12.95681719833197931 ) ) ;
#1454 = ORIENTED_EDGE ( 'NONE', *, *, #2333, .F. ) ;
#1455 = EDGE_LOOP ( 'NONE', ( #10201, #1880, #3529, #407 ) ) ;
#1456 = CARTESIAN_POINT ( 'NONE',  ( -4.829422743739669066, -4.787229480397379611, -27.12679491924301445 ) ) ;
#1457 = ORIENTED_EDGE ( 'NONE', *, *, #9874, .F. ) ;
#1458 = VERTEX_POINT ( 'NONE', #9669 ) ;
#1459 = CARTESIAN_POINT ( 'NONE',  ( 9.757584728041534206, 6.086011853002196936, -27.29999999999997584 ) ) ;
#1460 = CARTESIAN_POINT ( 'NONE',  ( -1.322875655532296024, 1.500000000000000000, 31.69999999999999929 ) ) ;
#1461 = CARTESIAN_POINT ( 'NONE',  ( -4.961876225946343588, -8.911871283232038365, -11.89878340595501527 ) ) ;
#1462 = DIRECTION ( 'NONE',  ( 0.000000000000000000, 0.000000000000000000, -1.000000000000000000 ) ) ;
#1463 = CARTESIAN_POINT ( 'NONE',  ( -3.758580748818063366, -10.86979445980139047, -10.81351120125501453 ) ) ;
#1464 = EDGE_CURVE ( 'NONE', #6106, #6106, #8712, .T. ) ;
#1465 = FACE_OUTER_BOUND ( 'NONE', #4878, .T. ) ;
#1466 = ORIENTED_EDGE ( 'NONE', *, *, #5059, .T. ) ;
#1467 = CARTESIAN_POINT ( 'NONE',  ( 0.000000000000000000, 0.000000000000000000, 4.799999999999999822 ) ) ;
#1468 = ORIENTED_EDGE ( 'NONE', *, *, #7524, .T. ) ;
#1469 = AXIS2_PLACEMENT_3D ( 'NONE', #9077, #3456, #5897 ) ;
#1470 = CARTESIAN_POINT ( 'NONE',  ( 0.7071067811865362485, -0.7071067811865470176, -19.54142135623731136 ) ) ;
#1471 = FACE_OUTER_BOUND ( 'NONE', #2895, .T. ) ;
#1472 = ADVANCED_FACE ( 'NONE', ( #4003 ), #6319, .F. ) ;
#1473 = ORIENTED_EDGE ( 'NONE', *, *, #1335, .F. ) ;
#1474 = CARTESIAN_POINT ( 'NONE',  ( 0.8042429674091777780, -0.5943006388797046347, -9.441421356237309936 ) ) ;
#1475 = EDGE_CURVE ( 'NONE', #10343, #3992, #4761, .T. ) ;
#1476 = CARTESIAN_POINT ( 'NONE',  ( 1.850000000000000089, 12.53459616788481945, 3.000000000000000000 ) ) ;
#1477 = AXIS2_PLACEMENT_3D ( 'NONE', #3780, #2871, #7710 ) ;
#1478 = CARTESIAN_POINT ( 'NONE',  ( 0.000000000000000000, 0.000000000000000000, -2.200000000000000178 ) ) ;
#1479 = DIRECTION ( 'NONE',  ( 0.000000000000000000, 0.000000000000000000, 1.000000000000000000 ) ) ;
#1480 = ORIENTED_EDGE ( 'NONE', *, *, #2551, .T. ) ;
#1481 = CARTESIAN_POINT ( 'NONE',  ( 7.584086097662740222, 8.644746269442702413, -24.41324865405197642 ) ) ;
#1482 = CARTESIAN_POINT ( 'NONE',  ( 9.000000000000000000, -1.849999999999905054, 3.000000000000000000 ) ) ;
#1483 = LINE ( 'NONE', #3867, #10558 ) ;
#1484 = DIRECTION ( 'NONE',  ( -8.673617379884038430E-16, 0.000000000000000000, 1.000000000000000000 ) ) ;
#1485 = ORIENTED_EDGE ( 'NONE', *, *, #4466, .F. ) ;
#1486 = EDGE_CURVE ( 'NONE', #8207, #744, #9551, .T. ) ;
#1487 = AXIS2_PLACEMENT_3D ( 'NONE', #4487, #3144, #7265 ) ;
#1488 = ORIENTED_EDGE ( 'NONE', *, *, #523, .T. ) ;
#1489 = CARTESIAN_POINT ( 'NONE',  ( 4.191266730397895657, 9.299279270581996215, -13.63248993601898817 ) ) ;
#1490 = AXIS2_PLACEMENT_3D ( 'NONE', #8007, #8925, #7207 ) ;
#1491 = EDGE_CURVE ( 'NONE', #9642, #3699, #5501, .T. ) ;
#1492 = LINE ( 'NONE', #1600, #2968 ) ;
#1493 = FACE_BOUND ( 'NONE', #3052, .T. ) ;
#1494 = CARTESIAN_POINT ( 'NONE',  ( -10.67351484864686206, -4.281362845582571630, -11.01782835402103089 ) ) ;
#1495 = CARTESIAN_POINT ( 'NONE',  ( 2.616295090390249989, -3.747665940288682496, -24.80000000000000071 ) ) ;
#1496 = CARTESIAN_POINT ( 'NONE',  ( 7.584086097662892989, -8.644746269442578068, -27.29999999999999005 ) ) ;
#1497 = CIRCLE ( 'NONE', #4966, 7.630127018922000737 ) ;
#1498 = EDGE_CURVE ( 'NONE', #8977, #9624, #4631, .T. ) ;
#1499 = AXIS2_PLACEMENT_3D ( 'NONE', #4297, #1907, #4454 ) ;
#1500 = DIRECTION ( 'NONE',  ( -0.7071067811865520136, 0.7071067811865430208, 0.000000000000000000 ) ) ;
#1501 = DIRECTION ( 'NONE',  ( -2.125719726989809147E-15, -7.641725698951859067E-16, 1.000000000000000000 ) ) ;
#1502 = VERTEX_POINT ( 'NONE', #5144 ) ;
#1503 = EDGE_CURVE ( 'NONE', #8040, #2126, #834, .T. ) ;
#1504 = ADVANCED_FACE ( 'NONE', ( #9139, #6003 ), #1069, .T. ) ;
#1505 = CARTESIAN_POINT ( 'NONE',  ( -0.6099076439117319115, -3.200000000000000178, 7.299999999999999822 ) ) ;
#1506 = ADVANCED_FACE ( 'NONE', ( #4328, #5050 ), #4223, .T. ) ;
#1507 = CARTESIAN_POINT ( 'NONE',  ( 0.05000000000000090483, -3.495995404271780238, 7.700000000000000178 ) ) ;
#1508 = VECTOR ( 'NONE', #3553, 1000.000000000000000 ) ;
#1509 = CARTESIAN_POINT ( 'NONE',  ( 10.80000000000000071, 0.000000000000000000, 1.000000000000000000 ) ) ;
#1510 = AXIS2_PLACEMENT_3D ( 'NONE', #9381, #9110, #1755 ) ;
#1511 = CARTESIAN_POINT ( 'NONE',  ( 0.05000000000000060646, -2.049324200890695113, 7.299999999999999822 ) ) ;
#1512 = DIRECTION ( 'NONE',  ( 0.000000000000000000, 0.000000000000000000, -1.000000000000000000 ) ) ;
#1513 = CARTESIAN_POINT ( 'NONE',  ( 4.336126933478165135, -10.65146153874173507, -13.54808005860599529 ) ) ;
#1514 = ADVANCED_FACE ( 'NONE', ( #7379, #6794 ), #1681, .F. ) ;
#1515 = ORIENTED_EDGE ( 'NONE', *, *, #9411, .F. ) ;
#1516 = AXIS2_PLACEMENT_3D ( 'NONE', #7215, #6434, #9194 ) ;
#1517 = CARTESIAN_POINT ( 'NONE',  ( -4.767137703045714936, -4.851528696805516461, -27.12588195420701709 ) ) ;
#1518 = VECTOR ( 'NONE', #5819, 1000.000000000000000 ) ;
#1519 = VERTEX_POINT ( 'NONE', #9033 ) ;
#1520 = CARTESIAN_POINT ( 'NONE',  ( 8.487769952045104205, -5.657245590750611619, -13.17072742405498431 ) ) ;
#1521 = DIRECTION ( 'NONE',  ( -0.7071067811865531239, 0.7071067811865419106, -2.168404344971010051E-15 ) ) ;
#1522 = VERTEX_POINT ( 'NONE', #1779 ) ;
#1523 = DIRECTION ( 'NONE',  ( 1.000000000000000000, 0.000000000000000000, 0.000000000000000000 ) ) ;
#1524 = CARTESIAN_POINT ( 'NONE',  ( 4.904570347083796023, 10.40169708267882598, -11.77273424909798472 ) ) ;
#1525 = AXIS2_PLACEMENT_3D ( 'NONE', #2434, #9133, #7429 ) ;
#1526 = ORIENTED_EDGE ( 'NONE', *, *, #4060, .F. ) ;
#1527 = CARTESIAN_POINT ( 'NONE',  ( -3.526878005889249490, -4.587538177669134853, -24.80000000000001137 ) ) ;
#1528 = DIRECTION ( 'NONE',  ( -1.000000000000000000, 0.000000000000000000, 0.000000000000000000 ) ) ;
#1529 = MANIFOLD_SOLID_BREP ( 'NONE', #8278 ) ;
#1530 = EDGE_LOOP ( 'NONE', ( #4725 ) ) ;
#1531 = CARTESIAN_POINT ( 'NONE',  ( -5.238325698172497269, 4.594173983494068025, -27.03011463547701254 ) ) ;
#1532 = VECTOR ( 'NONE', #5776, 1000.000000000000000 ) ;
#1533 = CARTESIAN_POINT ( 'NONE',  ( 10.60727770931698011, 4.443000087301139267, -11.13063113053697251 ) ) ;
#1534 = DIRECTION ( 'NONE',  ( -1.487452289516454419E-15, -1.652101818951813923E-15, 1.000000000000000000 ) ) ;
#1535 = EDGE_LOOP ( 'NONE', ( #7604 ) ) ;
#1536 = LINE ( 'NONE', #8107, #2846 ) ;
#1537 = ORIENTED_EDGE ( 'NONE', *, *, #6006, .F. ) ;
#1538 = CIRCLE ( 'NONE', #2935, 10.20000000000000107 ) ;
#1539 = EDGE_CURVE ( 'NONE', #5609, #9414, #7600, .T. ) ;
#1540 = ORIENTED_EDGE ( 'NONE', *, *, #3666, .F. ) ;
#1541 = EDGE_LOOP ( 'NONE', ( #5971, #3256, #257, #3556 ) ) ;
#1542 = EDGE_CURVE ( 'NONE', #1792, #88, #7583, .T. ) ;
#1543 = ORIENTED_EDGE ( 'NONE', *, *, #8825, .T. ) ;
#1544 = CARTESIAN_POINT ( 'NONE',  ( -3.588230175533715185E-15, -6.834523779155948594E-15, -10.80000000000000071 ) ) ;
#1545 = ADVANCED_FACE ( 'NONE', ( #8442 ), #3313, .T. ) ;
#1546 = MANIFOLD_SOLID_BREP ( 'NONE', #1781 ) ;
#1547 = CARTESIAN_POINT ( 'NONE',  ( -1.050000000000000044, 9.000000000000000000, 0.000000000000000000 ) ) ;
#1548 = CARTESIAN_POINT ( 'NONE',  ( 4.000000000000000000, 0.000000000000000000, 7.000000000000000000 ) ) ;
#1549 = CARTESIAN_POINT ( 'NONE',  ( 5.771994226636862457, -4.723919738094309650, -26.74652799504798750 ) ) ;
#1550 = CARTESIAN_POINT ( 'NONE',  ( -3.000000000000000000, 0.000000000000000000, 7.299999999999999822 ) ) ;
#1551 = EDGE_CURVE ( 'NONE', #10072, #10072, #3411, .T. ) ;
#1552 = ORIENTED_EDGE ( 'NONE', *, *, #2294, .T. ) ;
#1553 = AXIS2_PLACEMENT_3D ( 'NONE', #4017, #2287, #8836 ) ;
#1554 = DIRECTION ( 'NONE',  ( -2.023844055306275469E-15, -1.156482317317871725E-15, 1.000000000000000000 ) ) ;
#1555 = CARTESIAN_POINT ( 'NONE',  ( 6.233833562968091435, -9.663890718372552868, -12.68759634898599131 ) ) ;
#1556 = CARTESIAN_POINT ( 'NONE',  ( 1.738233764908631709E-30, 2.982337649086365990E-31, -27.30000000000000071 ) ) ;
#1557 = MANIFOLD_SOLID_BREP ( 'NONE', #7062 ) ;
#1558 = CARTESIAN_POINT ( 'NONE',  ( -1.175114183269401043E-14, -2.108151078562398378E-15, -22.40000000000000213 ) ) ;
#1559 = CIRCLE ( 'NONE', #5900, 1.850000000000000089 ) ;
#1560 = EDGE_LOOP ( 'NONE', ( #1036, #4434 ) ) ;
#1561 = EDGE_CURVE ( 'NONE', #4007, #7590, #6498, .T. ) ;
#1562 = CARTESIAN_POINT ( 'NONE',  ( -0.3843583103502087872, -2.202786573698138906, -12.30000000000000426 ) ) ;
#1563 = DIRECTION ( 'NONE',  ( 0.000000000000000000, 0.000000000000000000, -1.000000000000000000 ) ) ;
#1564 = ORIENTED_EDGE ( 'NONE', *, *, #5782, .F. ) ;
#1565 = PLANE ( 'NONE',  #7834 ) ;
#1566 = ORIENTED_EDGE ( 'NONE', *, *, #6781, .T. ) ;
#1567 = ORIENTED_EDGE ( 'NONE', *, *, #8185, .T. ) ;
#1568 = CARTESIAN_POINT ( 'NONE',  ( 8.626360668065467863, -5.443042679080977386, -12.96184630547998218 ) ) ;
#1569 = AXIS2_PLACEMENT_3D ( 'NONE', #140, #8413, #1957 ) ;
#1570 = ORIENTED_EDGE ( 'NONE', *, *, #8801, .F. ) ;
#1571 = CARTESIAN_POINT ( 'NONE',  ( -4.291558287228316892, -9.253521240152425165, -13.57643061476101565 ) ) ;
#1572 = CARTESIAN_POINT ( 'NONE',  ( 4.389335457365794113, 10.62964811897495920, -11.08898333716998685 ) ) ;
#1573 = CARTESIAN_POINT ( 'NONE',  ( 4.713913591005572279, 4.922667785323101342, -27.11776946302198965 ) ) ;
#1574 = ORIENTED_EDGE ( 'NONE', *, *, #6139, .T. ) ;
#1575 = EDGE_CURVE ( 'NONE', #7920, #6342, #7431, .T. ) ;
#1576 = FACE_OUTER_BOUND ( 'NONE', #9023, .T. ) ;
#1577 = VERTEX_POINT ( 'NONE', #6648 ) ;
#1578 = AXIS2_PLACEMENT_3D ( 'NONE', #3261, #5648, #1625 ) ;
#1579 = DIRECTION ( 'NONE',  ( 0.000000000000000000, 0.000000000000000000, -1.000000000000000000 ) ) ;
#1580 = ORIENTED_EDGE ( 'NONE', *, *, #3377, .F. ) ;
#1581 = DIRECTION ( 'NONE',  ( 0.7071067811865535679, -0.7071067811865415775, 0.000000000000000000 ) ) ;
#1582 = CARTESIAN_POINT ( 'NONE',  ( -0.8375558018636702906, 0.6189173773547840263, -9.400000000000000355 ) ) ;
#1583 = CARTESIAN_POINT ( 'NONE',  ( 10.60849981976196155, 4.440069388306114639, -13.47164831180197453 ) ) ;
#1584 = CARTESIAN_POINT ( 'NONE',  ( 5.674982941157536764, 4.663917791021003012, -26.81181253785398511 ) ) ;
#1585 = AXIS2_PLACEMENT_3D ( 'NONE', #5967, #9204, #5804 ) ;
#1586 = DIRECTION ( 'NONE',  ( 7.666547622084402378E-16, 8.031222920256935389E-16, -1.000000000000000000 ) ) ;
#1587 = CARTESIAN_POINT ( 'NONE',  ( -6.500000000000625278, -5.551115123125782702E-14, -27.30000000000002558 ) ) ;
#1588 = ORIENTED_EDGE ( 'NONE', *, *, #774, .T. ) ;
#1589 = CARTESIAN_POINT ( 'NONE',  ( -1.355497403577985871, -2.918570247845604815, 7.299999999999999822 ) ) ;
#1590 = CARTESIAN_POINT ( 'NONE',  ( -4.079041866330039773E-15, -7.828636328851359370E-15, -8.400000000000000355 ) ) ;
#1591 = LINE ( 'NONE', #9061, #1157 ) ;
#1592 = DIRECTION ( 'NONE',  ( 0.000000000000000000, 0.000000000000000000, 1.000000000000000000 ) ) ;
#1593 = DIRECTION ( 'NONE',  ( 8.493206138382439646E-15, -1.000000000000000000, -4.142135623730857691E-16 ) ) ;
#1594 = EDGE_LOOP ( 'NONE', ( #7356, #4021, #1515, #10506, #3479 ) ) ;
#1595 = CIRCLE ( 'NONE', #6763, 0.8000000000000004885 ) ;
#1596 = B_SPLINE_CURVE_WITH_KNOTS ( 'NONE', 6,
 ( #1077, #4542, #7804, #2704, #3682, #4336, #7711, #2063, #434, #5310, #5370, #5963, #4390, #10129, #6749, #7593, #9301, #6799, #9978, #10031, #9254, #6013, #2655, #284, #6066, #5259, #1947, #8552, #8499, #2811, #4491, #7762, #6966, #10445, #4595, #3888, #3149, #5427, #5526, #10285, #4756, #2217, #6428, #8759, #2325, #7158, #9665, #3032, #5637, #484, #2268, #5586, #8652, #5470, #8706, #537, #1343 ),
 .UNSPECIFIED., .F., .F.,
 ( 7, 5, 5, 5, 5, 5, 5, 5, 5, 5, 5, 7 ),
 ( 0.000000000000000000, 0.1467759177590000075, 0.2274660461809999978, 0.2897113037689999504, 0.3442859585529999822, 0.3834067002339999752, 0.4999870553160000175, 0.6556920819149999469, 0.7069201674260000567, 0.7713530590859999370, 0.8532151477280000007, 1.000000000000000000 ),
 .UNSPECIFIED. ) ;
#1597 = ORIENTED_EDGE ( 'NONE', *, *, #7261, .T. ) ;
#1598 = CARTESIAN_POINT ( 'NONE',  ( 6.000000000000000000, -3.605551275463995342, 6.799999999999999822 ) ) ;
#1599 = CARTESIAN_POINT ( 'NONE',  ( 10.64037123412524011, 1.850000000000110001, 5.000000000000000000 ) ) ;
#1600 = CARTESIAN_POINT ( 'NONE',  ( -1.624913427312634884, -1.833618377345490158, 7.700000000000000178 ) ) ;
#1601 = DIRECTION ( 'NONE',  ( 1.000000000000000000, 0.000000000000000000, 0.000000000000000000 ) ) ;
#1602 = VERTEX_POINT ( 'NONE', #5835 ) ;
#1604 = EDGE_CURVE ( 'NONE', #2900, #4616, #9388, .T. ) ;
#1603 = DIRECTION ( 'NONE',  ( 0.000000000000000000, 0.000000000000000000, -1.000000000000000000 ) ) ;
#1605 = DIRECTION ( 'NONE',  ( 0.000000000000000000, 0.000000000000000000, -1.000000000000000000 ) ) ;
#1606 = VECTOR ( 'NONE', #6937, 1000.000000000000114 ) ;
#1607 = EDGE_LOOP ( 'NONE', ( #309 ) ) ;
#1608 = ORIENTED_EDGE ( 'NONE', *, *, #1274, .T. ) ;
#1609 = CARTESIAN_POINT ( 'NONE',  ( 10.76199274157301389, -0.9052691480050321093, 0.9999999999999991118 ) ) ;
#1610 = ORIENTED_EDGE ( 'NONE', *, *, #1614, .F. ) ;
#1611 = DIRECTION ( 'NONE',  ( 0.000000000000000000, 0.000000000000000000, 1.000000000000000000 ) ) ;
#1612 = PLANE ( 'NONE',  #7416 ) ;
#1613 = AXIS2_PLACEMENT_3D ( 'NONE', #6911, #8500, #1032 ) ;
#1614 = EDGE_CURVE ( 'NONE', #6791, #6791, #7167, .T. ) ;
#1615 = DIRECTION ( 'NONE',  ( -0.000000000000000000, -0.000000000000000000, -1.000000000000000000 ) ) ;
#1616 = CARTESIAN_POINT ( 'NONE',  ( 6.404082294796809016, -9.551922297942972762, -11.60984957939698781 ) ) ;
#1617 = CARTESIAN_POINT ( 'NONE',  ( 0.000000000000000000, 9.000000000000000000, -9.400000000000000355 ) ) ;
#1618 = CARTESIAN_POINT ( 'NONE',  ( 4.003993684994235025, -10.78157096134707515, -10.87852826329799605 ) ) ;
#1619 = DIRECTION ( 'NONE',  ( 0.7071067811865474617, -0.7071067811865474617, 0.000000000000000000 ) ) ;
#1620 = ORIENTED_EDGE ( 'NONE', *, *, #3634, .F. ) ;
#1621 = CIRCLE ( 'NONE', #7968, 6.500000000000000000 ) ;
#1622 = CARTESIAN_POINT ( 'NONE',  ( -4.664196831989329439, -5.675482695506466335, -26.81148721432801452 ) ) ;
#1623 = EDGE_CURVE ( 'NONE', #972, #6008, #4785, .T. ) ;
#1624 = ORIENTED_EDGE ( 'NONE', *, *, #898, .T. ) ;
#1625 = DIRECTION ( 'NONE',  ( 1.000000000000000000, 0.000000000000000000, 0.000000000000000000 ) ) ;
#1626 = EDGE_CURVE ( 'NONE', #8498, #10489, #1180, .T. ) ;
#1627 = CARTESIAN_POINT ( 'NONE',  ( -5.085786437626840240, 1.414213562372344191, -24.80000000000001137 ) ) ;
#1628 = CARTESIAN_POINT ( 'NONE',  ( 0.5900923560882680441, -2.750000000000000444, 7.299999999999999822 ) ) ;
#1629 = CARTESIAN_POINT ( 'NONE',  ( 0.000000000000000000, 0.000000000000000000, 7.299999999999999822 ) ) ;
#1630 = ORIENTED_EDGE ( 'NONE', *, *, #979, .F. ) ;
#1631 = CARTESIAN_POINT ( 'NONE',  ( 3.237605654302143421, 6.909178529471816432, -24.79999999999999005 ) ) ;
#1632 = ORIENTED_EDGE ( 'NONE', *, *, #1335, .T. ) ;
#1633 = CARTESIAN_POINT ( 'NONE',  ( -7.163961030678819952, 6.363961030678660258, 1.000000000000000000 ) ) ;
#1634 = ORIENTED_EDGE ( 'NONE', *, *, #8990, .F. ) ;
#1635 = CIRCLE ( 'NONE', #7324, 4.000000000000000000 ) ;
#1636 = CARTESIAN_POINT ( 'NONE',  ( -0.8846672641501842627, 0.6537307027676573234, -9.400000000000002132 ) ) ;
#1637 = CARTESIAN_POINT ( 'NONE',  ( -5.477385957338507971, 4.600837765588748240, -26.92283572858701390 ) ) ;
#1638 = EDGE_CURVE ( 'NONE', #2610, #9300, #10122, .T. ) ;
#1639 = EDGE_CURVE ( 'NONE', #7860, #4914, #9720, .T. ) ;
#1640 = DIRECTION ( 'NONE',  ( 0.000000000000000000, 0.000000000000000000, 1.000000000000000000 ) ) ;
#1641 = CARTESIAN_POINT ( 'NONE',  ( -8.644746269449068876, 7.584086097669110238, -27.30000000000002558 ) ) ;
#1642 = DIRECTION ( 'NONE',  ( 0.000000000000000000, 0.000000000000000000, -1.000000000000000000 ) ) ;
#1643 = CIRCLE ( 'NONE', #9538, 0.7999999999999999334 ) ;
#1644 = EDGE_LOOP ( 'NONE', ( #4412, #8604, #4590, #6543 ) ) ;
#1645 = DIRECTION ( 'NONE',  ( 0.000000000000000000, 0.000000000000000000, -1.000000000000000000 ) ) ;
#1646 = CARTESIAN_POINT ( 'NONE',  ( 10.52478109835666942, -4.634769000770390335, -11.31693756749297819 ) ) ;
#1647 = ORIENTED_EDGE ( 'NONE', *, *, #8791, .T. ) ;
#1648 = EDGE_LOOP ( 'NONE', ( #5217, #6864, #5478, #6180 ) ) ;
#1649 = ORIENTED_EDGE ( 'NONE', *, *, #6942, .T. ) ;
#1650 = DIRECTION ( 'NONE',  ( -0.7071067811865533459, 0.7071067811865416886, -2.168404344971008079E-15 ) ) ;
#1651 = CARTESIAN_POINT ( 'NONE',  ( -2.071867419369926491E-15, -1.679663816105752115E-15, -23.89363341178100342 ) ) ;
#1652 = VECTOR ( 'NONE', #4541, 1000.000000000000000 ) ;
#1653 = CARTESIAN_POINT ( 'NONE',  ( 10.05000000000014104, -2.556668515609145134E-13, -9.200000000000002842 ) ) ;
#1654 = CARTESIAN_POINT ( 'NONE',  ( -3.747665940288719355, 2.616295090390198919, -27.10000000000000853 ) ) ;
#1655 = CARTESIAN_POINT ( 'NONE',  ( 9.231280351169308673, 4.339082334305328637, -13.54540266655297742 ) ) ;
#1656 = VECTOR ( 'NONE', #4938, 1000.000000000000000 ) ;
#1657 = ORIENTED_EDGE ( 'NONE', *, *, #6190, .F. ) ;
#1658 = CARTESIAN_POINT ( 'NONE',  ( -2.050609665441015750, 2.050609665440969565, -22.50000000000000711 ) ) ;
#1659 = ORIENTED_EDGE ( 'NONE', *, *, #2307, .F. ) ;
#1660 = CARTESIAN_POINT ( 'NONE',  ( -0.8554974035779859820, -2.918570247845604815, 7.299999999999999822 ) ) ;
#1661 = EDGE_CURVE ( 'NONE', #428, #8139, #2921, .T. ) ;
#1662 = DIRECTION ( 'NONE',  ( -2.221825406948020410E-16, -4.142135623730877906E-16, 1.000000000000000000 ) ) ;
#1663 = CARTESIAN_POINT ( 'NONE',  ( -3.863930393447104020E-15, -7.414422766478271481E-15, -9.400000000000002132 ) ) ;
#1664 = DIRECTION ( 'NONE',  ( -0.7071067811865546782, 0.7071067811865404673, -1.734723475976807094E-15 ) ) ;
#1665 = CARTESIAN_POINT ( 'NONE',  ( 6.307016947270618346, -9.616241573636642670, -11.75568261373099155 ) ) ;
#1666 = AXIS2_PLACEMENT_3D ( 'NONE', #5557, #6242, #4569 ) ;
#1667 = DIRECTION ( 'NONE',  ( 1.503138155671783241E-15, 1.636415952796485298E-15, -1.000000000000000000 ) ) ;
#1668 = CARTESIAN_POINT ( 'NONE',  ( -5.868986283848303565, -4.808326112068573188, -27.30000000000002203 ) ) ;
#1669 = CARTESIAN_POINT ( 'NONE',  ( 3.499999999994518607, -11.49999999999390177, -10.79999999999999716 ) ) ;
#1670 = CARTESIAN_POINT ( 'NONE',  ( -10.77567667446463950, -1.850000000000040057, 4.866675785184380487 ) ) ;
#1671 = PLANE ( 'NONE',  #2717 ) ;
#1672 = VERTEX_POINT ( 'NONE', #1283 ) ;
#1673 = VECTOR ( 'NONE', #4823, 1000.000000000000114 ) ;
#1674 = AXIS2_PLACEMENT_3D ( 'NONE', #8302, #7665, #998 ) ;
#1675 = EDGE_CURVE ( 'NONE', #7886, #4794, #6847, .T. ) ;
#1676 = EDGE_LOOP ( 'NONE', ( #8945, #340, #10178, #9504, #1273, #3015, #8028, #5053 ) ) ;
#1677 = ORIENTED_EDGE ( 'NONE', *, *, #481, .F. ) ;
#1678 = CARTESIAN_POINT ( 'NONE',  ( -3.835190777679051699, -9.452826095556316588, -13.76958619978201526 ) ) ;
#1679 = DIRECTION ( 'NONE',  ( 1.000000000000000000, 0.000000000000000000, 0.000000000000000000 ) ) ;
#1680 = CARTESIAN_POINT ( 'NONE',  ( 5.779248310988924331, 2.941137358222337461, -12.39999999999998792 ) ) ;
#1681 = CONICAL_SURFACE ( 'NONE', #8024, 2.399999999999999911, 0.7853981633974447263 ) ;
#1682 = CARTESIAN_POINT ( 'NONE',  ( -1.322875655532296024, 1.500000000000000000, 32.00000000000000000 ) ) ;
#1683 = EDGE_LOOP ( 'NONE', ( #8135, #4847, #9755, #2400, #8226, #7854, #5611, #4824 ) ) ;
#1684 = LINE ( 'NONE', #8037, #9111 ) ;
#1685 = CARTESIAN_POINT ( 'NONE',  ( -4.242248073841761169, 9.276220502677537283, -13.60551282057100941 ) ) ;
#1686 = DIRECTION ( 'NONE',  ( 0.7071067811865537900, -0.7071067811865412445, 1.414213562373107886E-15 ) ) ;
#1687 = EDGE_CURVE ( 'NONE', #5704, #7788, #477, .T. ) ;
#1688 = VERTEX_POINT ( 'NONE', #6902 ) ;
#1689 = DIRECTION ( 'NONE',  ( -6.182342530834563297E-16, -4.848523255675577670E-16, 1.000000000000000000 ) ) ;
#1690 = PLANE ( 'NONE',  #327 ) ;
#1691 = VECTOR ( 'NONE', #8462, 1000.000000000000000 ) ;
#1692 = DIRECTION ( 'NONE',  ( -1.000000000000000000, 0.000000000000000000, 0.000000000000000000 ) ) ;
#1693 = CARTESIAN_POINT ( 'NONE',  ( 4.405198112628709417, 8.076770987746083819, -20.79999999999999005 ) ) ;
#1694 = ORIENTED_EDGE ( 'NONE', *, *, #2736, .F. ) ;
#1695 = EDGE_CURVE ( 'NONE', #9014, #4007, #1121, .T. ) ;
#1696 = CARTESIAN_POINT ( 'NONE',  ( 6.909178529471756924, 3.237605654302265101, -24.79999999999998295 ) ) ;
#1697 = EDGE_CURVE ( 'NONE', #6002, #6002, #3913, .T. ) ;
#1698 = ORIENTED_EDGE ( 'NONE', *, *, #2639, .T. ) ;
#1699 = CARTESIAN_POINT ( 'NONE',  ( 1.850000000000000089, -9.000000000000000000, 3.000000000000000000 ) ) ;
#1700 = EDGE_CURVE ( 'NONE', #6084, #7088, #378, .T. ) ;
#1701 = DIRECTION ( 'NONE',  ( 2.180904282043627811E-15, 1.114213318285691666E-15, -1.000000000000000000 ) ) ;
#1702 = EDGE_LOOP ( 'NONE', ( #26, #7296, #7733, #6297 ) ) ;
#1703 = FACE_OUTER_BOUND ( 'NONE', #4684, .T. ) ;
#1704 = ORIENTED_EDGE ( 'NONE', *, *, #9262, .F. ) ;
#1705 = CIRCLE ( 'NONE', #3270, 7.000000000000000000 ) ;
#1706 = VERTEX_POINT ( 'NONE', #6214 ) ;
#1707 = CARTESIAN_POINT ( 'NONE',  ( 0.000000000000000000, 0.000000000000000000, 7.299999999999999822 ) ) ;
#1708 = DIRECTION ( 'NONE',  ( -6.182342530834563297E-16, -4.848523255675577670E-16, 1.000000000000000000 ) ) ;
#1709 = DIRECTION ( 'NONE',  ( -0.7071067811865535679, 0.7071067811865415775, -1.414213562373107097E-15 ) ) ;
#1710 = CARTESIAN_POINT ( 'NONE',  ( 3.000000000000000000, 3.673940397442060361E-16, 7.000000000000000000 ) ) ;
#1711 = CARTESIAN_POINT ( 'NONE',  ( 6.086011853002196936, -9.757584728041534206, -27.29999999999999361 ) ) ;
#1712 = CARTESIAN_POINT ( 'NONE',  ( -6.086011853008567840, 9.757584728047897116, -23.80000000000001137 ) ) ;
#1713 = AXIS2_PLACEMENT_3D ( 'NONE', #3549, #5130, #1974 ) ;
#1714 = VERTEX_POINT ( 'NONE', #1654 ) ;
#1715 = CARTESIAN_POINT ( 'NONE',  ( 3.237605654302260216, -6.909178529471763142, -24.79999999999999716 ) ) ;
#1716 = CYLINDRICAL_SURFACE ( 'NONE', #310, 7.000000000000000000 ) ;
#1717 = EDGE_CURVE ( 'NONE', #6769, #5773, #9454, .T. ) ;
#1718 = EDGE_LOOP ( 'NONE', ( #3911 ) ) ;
#1719 = VERTEX_POINT ( 'NONE', #9295 ) ;
#1720 = AXIS2_PLACEMENT_3D ( 'NONE', #2514, #8902, #6459 ) ;
#1721 = CARTESIAN_POINT ( 'NONE',  ( -0.8554974035779859820, -2.918570247845604815, 7.700000000000000178 ) ) ;
#1722 = DIRECTION ( 'NONE',  ( 1.000000000000000000, 8.493206138382439646E-15, 2.414213562373102639E-15 ) ) ;
#1723 = DIRECTION ( 'NONE',  ( -5.333095244168829616E-16, -4.142135623730904530E-16, 1.000000000000000000 ) ) ;
#1724 = CARTESIAN_POINT ( 'NONE',  ( 0.000000000000000000, 0.000000000000000000, 0.9999999999999991118 ) ) ;
#1725 = CARTESIAN_POINT ( 'NONE',  ( 5.353519458253279240, -8.682181251882710171, -11.77770832667499157 ) ) ;
#1726 = AXIS2_PLACEMENT_3D ( 'NONE', #5475, #5640, #4700 ) ;
#1727 = DIRECTION ( 'NONE',  ( -8.493206138382439646E-15, 1.000000000000000000, 1.342135623732650485E-16 ) ) ;
#1728 = CARTESIAN_POINT ( 'NONE',  ( -6.909178529471768471, -3.237605654302266878, -24.80000000000001847 ) ) ;
#1729 = ORIENTED_EDGE ( 'NONE', *, *, #2828, .T. ) ;
#1730 = ORIENTED_EDGE ( 'NONE', *, *, #7075, .F. ) ;
#1731 = AXIS2_PLACEMENT_3D ( 'NONE', #896, #87, #3385 ) ;
#1732 = FACE_OUTER_BOUND ( 'NONE', #2923, .T. ) ;
#1733 = ORIENTED_EDGE ( 'NONE', *, *, #3695, .F. ) ;
#1734 = FACE_OUTER_BOUND ( 'NONE', #1783, .T. ) ;
#1735 = ORIENTED_EDGE ( 'NONE', *, *, #6317, .F. ) ;
#1736 = CARTESIAN_POINT ( 'NONE',  ( 4.961876225946421748, -8.911871283231954877, -12.70121659404499148 ) ) ;
#1737 = DIRECTION ( 'NONE',  ( 0.000000000000000000, 0.000000000000000000, -1.000000000000000000 ) ) ;
#1738 = AXIS2_PLACEMENT_3D ( 'NONE', #8943, #6610, #8996 ) ;
#1739 = ORIENTED_EDGE ( 'NONE', *, *, #4215, .T. ) ;
#1740 = EDGE_CURVE ( 'NONE', #9624, #1819, #1497, .T. ) ;
#1741 = CARTESIAN_POINT ( 'NONE',  ( -4.986595999808185020, 8.897977515215020006, -12.03981011879701057 ) ) ;
#1742 = ORIENTED_EDGE ( 'NONE', *, *, #8307, .T. ) ;
#1743 = FACE_OUTER_BOUND ( 'NONE', #9094, .T. ) ;
#1744 = ADVANCED_FACE ( 'NONE', ( #2975 ), #2863, .F. ) ;
#1745 = CARTESIAN_POINT ( 'NONE',  ( 8.988313468612115997, -4.823589429658039940, -13.03821600445398232 ) ) ;
#1746 = CIRCLE ( 'NONE', #10123, 1.050000000000200107 ) ;
#1747 = DIRECTION ( 'NONE',  ( -0.7071067812027513888, -0.7071067811703435346, -2.000000000032418394E-15 ) ) ;
#1748 = CARTESIAN_POINT ( 'NONE',  ( -6.000000000000000000, 3.605551275463990013, 6.799999999999999822 ) ) ;
#1749 = FACE_OUTER_BOUND ( 'NONE', #6153, .T. ) ;
#1750 = ADVANCED_FACE ( 'NONE', ( #3566 ), #4381, .T. ) ;
#1751 = CYLINDRICAL_SURFACE ( 'NONE', #4505, 0.8000000000000003775 ) ;
#1752 = AXIS2_PLACEMENT_3D ( 'NONE', #762, #4868, #2380 ) ;
#1753 = ORIENTED_EDGE ( 'NONE', *, *, #3622, .F. ) ;
#1754 = ORIENTED_EDGE ( 'NONE', *, *, #507, .T. ) ;
#1755 = DIRECTION ( 'NONE',  ( -0.7071067811865531239, 0.7071067811865420216, -1.156482317317871331E-15 ) ) ;
#1756 = CARTESIAN_POINT ( 'NONE',  ( -7.584086097669110238, -8.644746269449068876, -27.30000000000003268 ) ) ;
#1757 = CLOSED_SHELL ( 'NONE', ( #7233, #8719, #171 ) ) ;
#1758 = ORIENTED_EDGE ( 'NONE', *, *, #5421, .F. ) ;
#1759 = ORIENTED_EDGE ( 'NONE', *, *, #7696, .T. ) ;
#1760 = DIRECTION ( 'NONE',  ( -0.7071067811865546782, 0.7071067811865404673, -1.734723475976807094E-15 ) ) ;
#1761 = LINE ( 'NONE', #3147, #7687 ) ;
#1762 = AXIS2_PLACEMENT_3D ( 'NONE', #4853, #8111, #4038 ) ;
#1763 = CARTESIAN_POINT ( 'NONE',  ( 0.000000000000000000, 0.000000000000000000, 5.000000000000000000 ) ) ;
#1764 = ADVANCED_FACE ( 'NONE', ( #330 ), #10215, .F. ) ;
#1765 = LINE ( 'NONE', #1872, #8918 ) ;
#1766 = VERTEX_POINT ( 'NONE', #100 ) ;
#1767 = FACE_BOUND ( 'NONE', #1560, .T. ) ;
#1768 = CARTESIAN_POINT ( 'NONE',  ( 0.000000000000000000, 0.000000000000000000, 7.799999999999999822 ) ) ;
#1769 = AXIS2_PLACEMENT_3D ( 'NONE', #9864, #1603, #756 ) ;
#1770 = ORIENTED_EDGE ( 'NONE', *, *, #8934, .T. ) ;
#1771 = VERTEX_POINT ( 'NONE', #8547 ) ;
#1772 = DIRECTION ( 'NONE',  ( 1.000000000000000000, 0.000000000000000000, 0.000000000000000000 ) ) ;
#1773 = EDGE_CURVE ( 'NONE', #9777, #3977, #632, .T. ) ;
#1774 = AXIS2_PLACEMENT_3D ( 'NONE', #9485, #4423, #3709 ) ;
#1775 = ADVANCED_FACE ( 'NONE', ( #8121 ), #3082, .F. ) ;
#1776 = CARTESIAN_POINT ( 'NONE',  ( -1.850000000000000089, -10.64037123412524011, 5.000000000000000000 ) ) ;
#1777 = CARTESIAN_POINT ( 'NONE',  ( 4.443000084785929005, -10.60727771068669156, -11.13063112478299921 ) ) ;
#1778 = CARTESIAN_POINT ( 'NONE',  ( -11.00000000000000000, 0.000000000000000000, 1.199999999999999956 ) ) ;
#1779 = CARTESIAN_POINT ( 'NONE',  ( 4.000000000000000000, 0.000000000000000000, 6.799999999999999822 ) ) ;
#1780 = VERTEX_POINT ( 'NONE', #8813 ) ;
#1781 = CLOSED_SHELL ( 'NONE', ( #9757, #7512, #195 ) ) ;
#1782 = DIRECTION ( 'NONE',  ( -0.7071067811865415775, -0.7071067811865535679, -1.999999999999998972E-15 ) ) ;
#1783 = EDGE_LOOP ( 'NONE', ( #4609, #7958, #4682, #8254 ) ) ;
#1784 = ORIENTED_EDGE ( 'NONE', *, *, #7438, .T. ) ;
#1785 =( BOUNDED_CURVE ( )  B_SPLINE_CURVE ( 2, ( #5894, #8172, #9866 ),
 .UNSPECIFIED., .F., .F. ) 
 B_SPLINE_CURVE_WITH_KNOTS ( ( 3, 3 ),
 ( 0.000000000000000000, 1.000000000000000000 ),
 .UNSPECIFIED. ) 
 CURVE ( )  GEOMETRIC_REPRESENTATION_ITEM ( )  RATIONAL_B_SPLINE_CURVE ( ( 1.000000000000000000, 1.045347380084147959, 1.000000000000000000 ) ) 
 REPRESENTATION_ITEM ( '' )  );
#1786 = CARTESIAN_POINT ( 'NONE',  ( -3.941344716135905202, -9.408812918886908960, -13.74016890136301505 ) ) ;
#1787 = CARTESIAN_POINT ( 'NONE',  ( 8.644746269442570963, 7.584086097662891213, -24.41324865405197642 ) ) ;
#1788 = CARTESIAN_POINT ( 'NONE',  ( -4.830306952754114924, -10.43640145250303952, -12.99406793739401600 ) ) ;
#1789 = AXIS2_PLACEMENT_3D ( 'NONE', #3523, #435, #10032 ) ;
#1790 = PLANE ( 'NONE',  #625 ) ;
#1791 = ORIENTED_EDGE ( 'NONE', *, *, #2537, .F. ) ;
#1792 = VERTEX_POINT ( 'NONE', #4749 ) ;
#1793 = CARTESIAN_POINT ( 'NONE',  ( 9.157129687445699773, -4.493210294610727296, -13.42529421492098152 ) ) ;
#1794 = ORIENTED_EDGE ( 'NONE', *, *, #9291, .F. ) ;
#1795 = CARTESIAN_POINT ( 'NONE',  ( -5.833630944789019779, 5.833630944789019779, 0.9999999999999991118 ) ) ;
#1796 = AXIS2_PLACEMENT_3D ( 'NONE', #3782, #1512, #3202 ) ;
#1797 = FACE_OUTER_BOUND ( 'NONE', #3010, .T. ) ;
#1798 = FACE_OUTER_BOUND ( 'NONE', #7119, .T. ) ;
#1799 = DIRECTION ( 'NONE',  ( 0.000000000000000000, 0.000000000000000000, -1.000000000000000000 ) ) ;
#1800 = VERTEX_POINT ( 'NONE', #4048 ) ;
#1801 = EDGE_CURVE ( 'NONE', #9726, #2709, #6833, .T. ) ;
#1802 = CARTESIAN_POINT ( 'NONE',  ( -4.808326112068579405, 5.868986283848302676, -24.80000000000000782 ) ) ;
#1803 = CIRCLE ( 'NONE', #10519, 1.000000000000000000 ) ;
#1804 = CARTESIAN_POINT ( 'NONE',  ( -2.670958644856774183E-15, -2.156463157219616118E-15, -22.91324865405200129 ) ) ;
#1805 = CARTESIAN_POINT ( 'NONE',  ( 5.338656197958476568, -5.338656197958391303, -27.29999999999999361 ) ) ;
#1806 = FACE_OUTER_BOUND ( 'NONE', #1006, .T. ) ;
#1807 = DIRECTION ( 'NONE',  ( -0.7071067811865533459, 0.7071067811865417996, -1.304213562373106493E-15 ) ) ;
#1808 = B_SPLINE_CURVE_WITH_KNOTS ( 'NONE', 3,
 ( #2174, #2938, #6279, #9415 ),
 .UNSPECIFIED., .F., .F.,
 ( 4, 4 ),
 ( 1.939479807224430197E-18, 0.0002849325233932115315 ),
 .UNSPECIFIED. ) ;
#1809 = VERTEX_POINT ( 'NONE', #9715 ) ;
#1810 = EDGE_CURVE ( 'NONE', #1989, #1989, #8692, .T. ) ;
#1811 = VERTEX_POINT ( 'NONE', #1550 ) ;
#1812 = DIRECTION ( 'NONE',  ( 1.000000000000000000, 0.000000000000000000, 0.000000000000000000 ) ) ;
#1813 = CARTESIAN_POINT ( 'NONE',  ( -10.60727770931995906, 4.443000087303789591, -13.46936886946302714 ) ) ;
#1814 = CARTESIAN_POINT ( 'NONE',  ( -0.6099076439117319115, -3.494011637183155106, 7.700000000000000178 ) ) ;
#1815 = CARTESIAN_POINT ( 'NONE',  ( -4.405198112628740503, -8.076770987746089148, -20.80000000000001492 ) ) ;
#1816 = PERSON_AND_ORGANIZATION_ROLE ( 'design_supplier' ) ;
#1817 = DIRECTION ( 'NONE',  ( -2.130801843661360134E-15, -7.604171063012753348E-16, 1.000000000000000000 ) ) ;
#1818 = CARTESIAN_POINT ( 'NONE',  ( -5.868986283848387053, 4.808326112068473712, -26.67232776209101530 ) ) ;
#1819 = VERTEX_POINT ( 'NONE', #8752 ) ;
#1820 = AXIS2_PLACEMENT_3D ( 'NONE', #6355, #5294, #3663 ) ;
#1821 = EDGE_CURVE ( 'NONE', #2151, #7995, #4809, .T. ) ;
#1822 = ADVANCED_FACE ( 'NONE', ( #3026 ), #7892, .T. ) ;
#1823 = CARTESIAN_POINT ( 'NONE',  ( -4.724709992861243713, 4.900430999318628800, -27.12294719907301044 ) ) ;
#1824 = EDGE_LOOP ( 'NONE', ( #1268, #5506, #4899, #4620, #9431, #3232 ) ) ;
#1825 = CARTESIAN_POINT ( 'NONE',  ( -9.000000000000000000, 1.849999999999970113, 3.000000000000000000 ) ) ;
#1826 = CARTESIAN_POINT ( 'NONE',  ( 5.338656197958384197, 5.338656197958477456, -24.79999999999998650 ) ) ;
#1827 = DIRECTION ( 'NONE',  ( 1.000000000000000000, 0.000000000000000000, 0.000000000000000000 ) ) ;
#1828 = CARTESIAN_POINT ( 'NONE',  ( 6.458475249050428246, -9.515259632315586913, -13.05223749217598872 ) ) ;
#1829 = FACE_BOUND ( 'NONE', #6099, .T. ) ;
#1830 = CARTESIAN_POINT ( 'NONE',  ( -5.833630944789019779, -5.833630944789019779, 0.9999999999999991118 ) ) ;
#1831 = CARTESIAN_POINT ( 'NONE',  ( -2.121320343559671251, 2.121320343559623733, -22.40000000000000568 ) ) ;
#1832 = CONICAL_SURFACE ( 'NONE', #9722, 1.250000000000413891, 0.7853981633974497223 ) ;
#1833 = ORIENTED_EDGE ( 'NONE', *, *, #6964, .F. ) ;
#1834 = EDGE_CURVE ( 'NONE', #9294, #9294, #984, .T. ) ;
#1835 = ADVANCED_FACE ( 'NONE', ( #10380, #7322, #7948, #9605, #2374, #4690, #5632 ), #581, .T. ) ;
#1836 = DIRECTION ( 'NONE',  ( 0.7071067811865529018, -0.7071067811865422437, 7.442135623731050844E-16 ) ) ;
#1837 = ORIENTED_EDGE ( 'NONE', *, *, #2333, .T. ) ;
#1838 = CARTESIAN_POINT ( 'NONE',  ( -3.181980515339486004, 3.181980515339441595, -27.30000000000000426 ) ) ;
#1839 = VECTOR ( 'NONE', #7754, 1000.000000000000000 ) ;
#1840 = CIRCLE ( 'NONE', #6511, 0.8000000000000001554 ) ;
#1841 = EDGE_CURVE ( 'NONE', #7447, #6255, #7153, .T. ) ;
#1842 = CARTESIAN_POINT ( 'NONE',  ( 4.998630425066656890, -8.891214607772713663, -12.23109183074499384 ) ) ;
#1843 = DIRECTION ( 'NONE',  ( 1.000000000000000000, 0.000000000000000000, 0.000000000000000000 ) ) ;
#1844 = FACE_OUTER_BOUND ( 'NONE', #4642, .T. ) ;
#1845 = EDGE_LOOP ( 'NONE', ( #7373 ) ) ;
#1846 = CARTESIAN_POINT ( 'NONE',  ( 0.05000000000000080075, -3.200000000000000178, 7.700000000000000178 ) ) ;
#1847 = ORIENTED_EDGE ( 'NONE', *, *, #9299, .F. ) ;
#1848 = CIRCLE ( 'NONE', #467, 0.1000000000000000056 ) ;
#1849 = CARTESIAN_POINT ( 'NONE',  ( 9.299279270581971346, -4.191266730397933848, -13.63248993601898107 ) ) ;
#1850 = VERTEX_POINT ( 'NONE', #2262 ) ;
#1851 = LINE ( 'NONE', #5869, #7023 ) ;
#1852 = DIRECTION ( 'NONE',  ( 0.7071067811865535679, -0.7071067811865414665, -1.508455196501571429E-16 ) ) ;
#1853 = CARTESIAN_POINT ( 'NONE',  ( -6.086011853008567840, 9.757584728047897116, -23.80000000000001137 ) ) ;
#1854 = CIRCLE ( 'NONE', #3251, 0.7999999999999998224 ) ;
#1855 = CARTESIAN_POINT ( 'NONE',  ( -2.449999999999999734, 0.000000000000000000, 7.700000000000000178 ) ) ;
#1856 = DIRECTION ( 'NONE',  ( -8.029753876452300089E-16, 1.000000000000000000, 0.000000000000000000 ) ) ;
#1857 = VECTOR ( 'NONE', #5485, 1000.000000000000000 ) ;
#1858 = DIRECTION ( 'NONE',  ( 2.180904282043627811E-15, 1.114213318285691666E-15, -1.000000000000000000 ) ) ;
#1859 = VERTEX_POINT ( 'NONE', #2427 ) ;
#1860 = CARTESIAN_POINT ( 'NONE',  ( 9.157136858707636051, 4.493195736987787292, -13.42530735609997627 ) ) ;
#1861 = ORIENTED_EDGE ( 'NONE', *, *, #5525, .T. ) ;
#1862 = CARTESIAN_POINT ( 'NONE',  ( 10.43640145249946372, -4.830306952750548888, -12.99406793739397692 ) ) ;
#1863 = DIRECTION ( 'NONE',  ( 0.000000000000000000, 0.000000000000000000, -1.000000000000000000 ) ) ;
#1864 = CARTESIAN_POINT ( 'NONE',  ( -3.982483294463547149E-14, -1.506079541106454387E-14, -8.949999999999999289 ) ) ;
#1865 = ORIENTED_EDGE ( 'NONE', *, *, #1967, .F. ) ;
#1866 = CARTESIAN_POINT ( 'NONE',  ( -9.299281342802933281, -4.191262062583288817, -13.63249213252602488 ) ) ;
#1867 = ORIENTED_EDGE ( 'NONE', *, *, #2969, .F. ) ;
#1868 = DIRECTION ( 'NONE',  ( 0.000000000000000000, 0.000000000000000000, 1.000000000000000000 ) ) ;
#1869 = CARTESIAN_POINT ( 'NONE',  ( -10.36109288697334563, 4.989777343365066287, -12.52606708392502277 ) ) ;
#1870 = AXIS2_PLACEMENT_3D ( 'NONE', #3165, #7077, #5651 ) ;
#1871 = LINE ( 'NONE', #9946, #2101 ) ;
#1872 = CARTESIAN_POINT ( 'NONE',  ( -2.000000000000000000, 0.000000000000000000, 7.299999999999999822 ) ) ;
#1873 = EDGE_CURVE ( 'NONE', #7202, #7202, #2538, .T. ) ;
#1874 = LINE ( 'NONE', #3551, #5272 ) ;
#1875 = DIRECTION ( 'NONE',  ( 0.000000000000000000, 0.000000000000000000, 1.000000000000000000 ) ) ;
#1876 = AXIS2_PLACEMENT_3D ( 'NONE', #10495, #5903, #9080 ) ;
#1877 = CARTESIAN_POINT ( 'NONE',  ( 1.050000000000000044, 9.000000000000000000, 3.000000000000000000 ) ) ;
#1878 = ORIENTED_EDGE ( 'NONE', *, *, #5226, .T. ) ;
#1879 = ADVANCED_FACE ( 'NONE', ( #8867 ), #6533, .T. ) ;
#1880 = ORIENTED_EDGE ( 'NONE', *, *, #1231, .T. ) ;
#1881 = FACE_BOUND ( 'NONE', #8638, .T. ) ;
#1882 = AXIS2_PLACEMENT_3D ( 'NONE', #5247, #2858, #6103 ) ;
#1883 = DIRECTION ( 'NONE',  ( 0.7071067811865470176, -0.7071067811865480168, 0.000000000000000000 ) ) ;
#1884 = EDGE_CURVE ( 'NONE', #10365, #610, #1318, .T. ) ;
#1885 = CARTESIAN_POINT ( 'NONE',  ( 0.000000000000000000, 9.000000000000000000, 1.000000000000000000 ) ) ;
#1886 = DIRECTION ( 'NONE',  ( -0.7071067811865535679, 0.7071067811865415775, -1.414213562373107097E-15 ) ) ;
#1887 = EDGE_LOOP ( 'NONE', ( #866, #1677, #9240, #1791 ) ) ;
#1888 = CIRCLE ( 'NONE', #8070, 2.000000000000000444 ) ;
#1889 = ORIENTED_EDGE ( 'NONE', *, *, #420, .T. ) ;
#1890 = CARTESIAN_POINT ( 'NONE',  ( -0.1499999999999999944, -2.144222209522359979, 7.299999999999999822 ) ) ;
#1891 = EDGE_LOOP ( 'NONE', ( #10294, #5592, #1485, #6520 ) ) ;
#1892 = DIRECTION ( 'NONE',  ( 0.7071067811865474617, -0.7071067811865474617, 0.000000000000000000 ) ) ;
#1893 = ORIENTED_EDGE ( 'NONE', *, *, #6201, .T. ) ;
#1894 = CARTESIAN_POINT ( 'NONE',  ( 4.191266730398046647, -9.299279270581939372, -10.96751006398099371 ) ) ;
#1895 = CIRCLE ( 'NONE', #15, 0.7499999999999997780 ) ;
#1896 = ADVANCED_FACE ( 'NONE', ( #3195 ), #5828, .T. ) ;
#1897 = CARTESIAN_POINT ( 'NONE',  ( 6.000000000000000000, -3.200000000000000178, 7.000000000000000000 ) ) ;
#1898 = PLANE ( 'NONE',  #5844 ) ;
#1899 = ORIENTED_EDGE ( 'NONE', *, *, #10207, .F. ) ;
#1900 = EDGE_LOOP ( 'NONE', ( #10576, #4281, #6448, #5783 ) ) ;
#1901 = ORIENTED_EDGE ( 'NONE', *, *, #3362, .T. ) ;
#1902 = FACE_OUTER_BOUND ( 'NONE', #4, .T. ) ;
#1903 = CARTESIAN_POINT ( 'NONE',  ( 2.121320343559647714, -2.121320343559628174, -22.39999999999999858 ) ) ;
#1904 = ORIENTED_EDGE ( 'NONE', *, *, #7025, .T. ) ;
#1905 = LINE ( 'NONE', #1087, #7083 ) ;
#1906 = CARTESIAN_POINT ( 'NONE',  ( 8.076770987746002106, 4.405198112628860407, -23.79999999999997939 ) ) ;
#1907 = DIRECTION ( 'NONE',  ( 0.000000000000000000, 0.000000000000000000, 1.000000000000000000 ) ) ;
#1908 = CIRCLE ( 'NONE', #8595, 9.200000000000001066 ) ;
#1909 = DIRECTION ( 'NONE',  ( 0.000000000000000000, 0.000000000000000000, 1.000000000000000000 ) ) ;
#1910 = CARTESIAN_POINT ( 'NONE',  ( 8.713220754642396315, -5.303272552315744015, -11.86302925956298360 ) ) ;
#1911 = ADVANCED_FACE ( 'NONE', ( #6474 ), #8921, .F. ) ;
#1912 = CYLINDRICAL_SURFACE ( 'NONE', #2258, 1.000000000000000000 ) ;
#1913 = ORIENTED_EDGE ( 'NONE', *, *, #4471, .T. ) ;
#1914 = VECTOR ( 'NONE', #7263, 1000.000000000000000 ) ;
#1915 = CARTESIAN_POINT ( 'NONE',  ( 9.757584728041534206, 6.086011853002196936, -27.29999999999997584 ) ) ;
#1916 = CARTESIAN_POINT ( 'NONE',  ( -1.750786205429736800E-15, -1.422005728670131962E-15, -24.41324865405200129 ) ) ;
#1917 = CARTESIAN_POINT ( 'NONE',  ( 0.000000000000000000, 0.000000000000000000, 7.299999999999998934 ) ) ;
#1918 = ORIENTED_EDGE ( 'NONE', *, *, #7368, .F. ) ;
#1919 = CARTESIAN_POINT ( 'NONE',  ( -9.142016692789397325, -4.523888436608190844, -13.39759389478402518 ) ) ;
#1920 = ORIENTED_EDGE ( 'NONE', *, *, #9345, .T. ) ;
#1921 = CARTESIAN_POINT ( 'NONE',  ( 10.95445115009783876, 3.499999999994550581, -13.79999999999997407 ) ) ;
#1922 = CARTESIAN_POINT ( 'NONE',  ( -10.73827280006716478, 4.117319039434237382, -13.67235549157202712 ) ) ;
#1923 = DIRECTION ( 'NONE',  ( 0.000000000000000000, 0.000000000000000000, 1.000000000000000000 ) ) ;
#1924 = VECTOR ( 'NONE', #2642, 1000.000000000000000 ) ;
#1925 = FACE_OUTER_BOUND ( 'NONE', #5017, .T. ) ;
#1926 = APPLICATION_PROTOCOL_DEFINITION ( 'international standard', 'config_control_design', 1994, #8631 ) ;
#1927 = DIRECTION ( 'NONE',  ( 0.000000000000000000, 0.000000000000000000, -1.000000000000000000 ) ) ;
#1928 = CARTESIAN_POINT ( 'NONE',  ( -1.937773265415709950E-14, 1.850000000000000089, 5.000000000000000000 ) ) ;
#1929 = ORIENTED_EDGE ( 'NONE', *, *, #4811, .T. ) ;
#1930 = VECTOR ( 'NONE', #7285, 1000.000000000000114 ) ;
#1931 = CARTESIAN_POINT ( 'NONE',  ( -7.950000000000000178, 2.548218452695024850E-13, 0.9999999999999991118 ) ) ;
#1932 = EDGE_LOOP ( 'NONE', ( #93, #5798, #9131, #5333 ) ) ;
#1933 = DIRECTION ( 'NONE',  ( -1.682279890214207501E-16, -4.681681140464683419E-16, 1.000000000000000000 ) ) ;
#1934 = CARTESIAN_POINT ( 'NONE',  ( -1.850000000000000089, -12.53459616788481945, 3.000000000000000000 ) ) ;
#1935 = DIRECTION ( 'NONE',  ( -0.7071067811865533459, 0.7071067811865417996, 0.000000000000000000 ) ) ;
#1936 = CARTESIAN_POINT ( 'NONE',  ( -5.953399550669781881, 7.014059722449484724, -23.89363341178101408 ) ) ;
#1937 = EDGE_CURVE ( 'NONE', #7781, #7886, #1785, .T. ) ;
#1938 = AXIS2_PLACEMENT_3D ( 'NONE', #1081, #8555, #4446 ) ;
#1939 = VERTEX_POINT ( 'NONE', #7638 ) ;
#1940 = CARTESIAN_POINT ( 'NONE',  ( 0.000000000000000000, 0.000000000000000000, 7.700000000000000178 ) ) ;
#1941 = ORIENTED_EDGE ( 'NONE', *, *, #5854, .T. ) ;
#1942 = AXIS2_PLACEMENT_3D ( 'NONE', #2910, #9643, #5507 ) ;
#1943 = ADVANCED_FACE ( 'NONE', ( #5132, #9179 ), #1013, .F. ) ;
#1944 = CARTESIAN_POINT ( 'NONE',  ( 2.050609665440922935, 6.151828996322972642, -19.50000000000000000 ) ) ;
#1945 =( BOUNDED_CURVE ( )  B_SPLINE_CURVE ( 2, ( #4792, #3281, #9007 ),
 .UNSPECIFIED., .F., .F. ) 
 B_SPLINE_CURVE_WITH_KNOTS ( ( 3, 3 ),
 ( 0.000000000000000000, 1.000000000000000000 ),
 .UNSPECIFIED. ) 
 CURVE ( )  GEOMETRIC_REPRESENTATION_ITEM ( )  RATIONAL_B_SPLINE_CURVE ( ( 1.000000000000000000, 1.004414555900966066, 1.000000000000000000 ) ) 
 REPRESENTATION_ITEM ( '' )  );
#1946 = ORIENTED_EDGE ( 'NONE', *, *, #6900, .T. ) ;
#1947 = CARTESIAN_POINT ( 'NONE',  ( -4.942734678348435828, 10.38365893413617336, -12.71935795151301107 ) ) ;
#1948 = CARTESIAN_POINT ( 'NONE',  ( -4.752492098736350812, -10.47207762061256808, -13.12629511623601708 ) ) ;
#1949 = DIRECTION ( 'NONE',  ( -0.7071067811865531239, 0.7071067811865419106, 0.000000000000000000 ) ) ;
#1950 = ORIENTED_EDGE ( 'NONE', *, *, #9421, .T. ) ;
#1951 = CIRCLE ( 'NONE', #3351, 2.000000000000000000 ) ;
#1952 = DIRECTION ( 'NONE',  ( 1.000000000000000000, 8.029753876452300089E-16, 0.000000000000000000 ) ) ;
#1953 = EDGE_CURVE ( 'NONE', #6848, #2090, #4211, .T. ) ;
#1954 = CARTESIAN_POINT ( 'NONE',  ( -5.953399550669663753, -7.014059722449588641, -23.89363341178102118 ) ) ;
#1955 = EDGE_LOOP ( 'NONE', ( #8616, #2584, #8963, #10583, #6505, #1847, #2952, #1431 ) ) ;
#1956 = ADVANCED_FACE ( 'NONE', ( #214, #3 ), #8320, .T. ) ;
#1957 = DIRECTION ( 'NONE',  ( 1.000000000000000000, 0.000000000000000000, 0.000000000000000000 ) ) ;
#1958 = DIRECTION ( 'NONE',  ( 1.000000000000000000, 1.047445008332813989E-14, 0.000000000000000000 ) ) ;
#1959 = FACE_BOUND ( 'NONE', #2010, .T. ) ;
#1960 = DIRECTION ( 'NONE',  ( 0.7071067811865415775, 0.7071067811865535679, 1.329999999999998932E-15 ) ) ;
#1961 = AXIS2_PLACEMENT_3D ( 'NONE', #6703, #8989, #22 ) ;
#1962 = EDGE_CURVE ( 'NONE', #5578, #5578, #10550, .T. ) ;
#1963 = ORIENTED_EDGE ( 'NONE', *, *, #1244, .F. ) ;
#1964 = VERTEX_POINT ( 'NONE', #1818 ) ;
#1965 = DIRECTION ( 'NONE',  ( -0.7071067811865521247, 0.7071067811865427988, -1.700709290173339867E-15 ) ) ;
#1966 = CARTESIAN_POINT ( 'NONE',  ( -5.833630944789019779, -5.833630944789019779, 0.9999999999999991118 ) ) ;
#1967 = EDGE_CURVE ( 'NONE', #5621, #6063, #8225, .T. ) ;
#1968 = EDGE_LOOP ( 'NONE', ( #7192 ) ) ;
#1969 = DIRECTION ( 'NONE',  ( 0.7071067811865414665, 0.7071067811865537900, 1.734723475976806700E-15 ) ) ;
#1970 = CARTESIAN_POINT ( 'NONE',  ( -10.53885249847089156, 4.602682622565336779, -11.28127406444601810 ) ) ;
#1971 = FACE_OUTER_BOUND ( 'NONE', #5244, .T. ) ;
#1972 = CYLINDRICAL_SURFACE ( 'NONE', #1774, 1.499999999999999556 ) ;
#1973 = DIRECTION ( 'NONE',  ( 1.000000000000000000, 0.000000000000000000, 0.000000000000000000 ) ) ;
#1974 = DIRECTION ( 'NONE',  ( 0.000000000000000000, 1.000000000000000000, 0.000000000000000000 ) ) ;
#1975 = AXIS2_PLACEMENT_3D ( 'NONE', #1467, #8091, #6611 ) ;
#1976 = CIRCLE ( 'NONE', #9264, 1.050000000000000044 ) ;
#1977 = ORIENTED_EDGE ( 'NONE', *, *, #1498, .F. ) ;
#1978 = DIRECTION ( 'NONE',  ( 2.569777054234141349E-15, 2.586500705120672244E-16, -1.000000000000000000 ) ) ;
#1979 = FACE_OUTER_BOUND ( 'NONE', #9805, .T. ) ;
#1980 = FACE_OUTER_BOUND ( 'NONE', #2393, .T. ) ;
#1981 = ORIENTED_EDGE ( 'NONE', *, *, #767, .T. ) ;
#1982 = ORIENTED_EDGE ( 'NONE', *, *, #4789, .F. ) ;
#1983 = CARTESIAN_POINT ( 'NONE',  ( 4.384798385521979647, 9.209555462457799990, -11.08746193323998597 ) ) ;
#1984 = CARTESIAN_POINT ( 'NONE',  ( 9.515259632305754778, -6.458475249060207091, -11.54776250781197966 ) ) ;
#1985 = CONICAL_SURFACE ( 'NONE', #3212, 3.200000000000000178, 0.7853981633974447263 ) ;
#1986 = CARTESIAN_POINT ( 'NONE',  ( -0.1499999999999999944, -2.144222209522359979, 7.700000000000000178 ) ) ;
#1987 = CARTESIAN_POINT ( 'NONE',  ( 8.999999999999740652, -2.557954394748249714E-13, 0.9999999999999991118 ) ) ;
#1988 = CARTESIAN_POINT ( 'NONE',  ( -0.6099076439117319115, -2.750000000000000444, 7.700000000000000178 ) ) ;
#1989 = VERTEX_POINT ( 'NONE', #9247 ) ;
#1990 = CARTESIAN_POINT ( 'NONE',  ( 5.526223675872405927, -8.573384464789382875, -13.05811424317999148 ) ) ;
#1991 = VECTOR ( 'NONE', #1301, 1000.000000000000000 ) ;
#1992 = DIRECTION ( 'NONE',  ( -1.000000000000000000, 0.000000000000000000, 0.000000000000000000 ) ) ;
#1993 = ORIENTED_EDGE ( 'NONE', *, *, #8243, .T. ) ;
#1994 = EDGE_CURVE ( 'NONE', #2965, #2636, #6635, .T. ) ;
#1995 = CARTESIAN_POINT ( 'NONE',  ( -2.050609665441023743, 2.050609665440967788, -19.50000000000000711 ) ) ;
#1996 = CIRCLE ( 'NONE', #1477, 1.050000000000000044 ) ;
#1997 = CARTESIAN_POINT ( 'NONE',  ( 3.725420603912382944, -9.496538687308850868, -10.81026177729899374 ) ) ;
#1998 = FACE_OUTER_BOUND ( 'NONE', #7172, .T. ) ;
#1999 = LINE ( 'NONE', #7019, #3465 ) ;
#2000 = DIRECTION ( 'NONE',  ( -3.131717426292753308E-15, -4.886692933823911531E-16, 1.000000000000000000 ) ) ;
#2001 = ADVANCED_FACE ( 'NONE', ( #5839, #102 ), #6783, .T. ) ;
#2002 = PLANE ( 'NONE',  #3671 ) ;
#2003 = ORIENTED_EDGE ( 'NONE', *, *, #9810, .T. ) ;
#2004 = CARTESIAN_POINT ( 'NONE',  ( 1.850000000000000089, -9.000000000000000000, 3.000000000000000000 ) ) ;
#2005 = AXIS2_PLACEMENT_3D ( 'NONE', #6224, #7852, #7653 ) ;
#2006 = CARTESIAN_POINT ( 'NONE',  ( -2.050609665441015750, 2.050609665440969565, -22.50000000000000711 ) ) ;
#2007 = ORIENTED_EDGE ( 'NONE', *, *, #8185, .F. ) ;
#2008 = EDGE_CURVE ( 'NONE', #7821, #993, #1155, .T. ) ;
#2009 = DIRECTION ( 'NONE',  ( -1.388908729652604544E-15, -4.919953083036178938E-16, 1.000000000000000000 ) ) ;
#2010 = EDGE_LOOP ( 'NONE', ( #680 ) ) ;
#2011 = CARTESIAN_POINT ( 'NONE',  ( -1.050000000000000044, 9.000000000000000000, -9.200000000000006395 ) ) ;
#2012 = DIRECTION ( 'NONE',  ( -0.7071067811865533459, 0.7071067811865417996, 0.000000000000000000 ) ) ;
#2013 = CARTESIAN_POINT ( 'NONE',  ( -1.750786205429736800E-15, -1.422005728670131962E-15, -24.41324865405200129 ) ) ;
#2014 = CARTESIAN_POINT ( 'NONE',  ( -1.850000000000000089, 9.000000000000000000, 5.000000000000000000 ) ) ;
#2015 = CARTESIAN_POINT ( 'NONE',  ( 8.681325490998263561, -5.355408314244993306, -11.76294206064798153 ) ) ;
#2016 = CARTESIAN_POINT ( 'NONE',  ( 7.001597576517796462, -9.122917920077341591, -13.29999999999998828 ) ) ;
#2017 = AXIS2_PLACEMENT_3D ( 'NONE', #6693, #9973, #2649 ) ;
#2018 = AXIS2_PLACEMENT_3D ( 'NONE', #9297, #8650, #1287 ) ;
#2019 = DIRECTION ( 'NONE',  ( -0.7071067811865522357, 0.7071067811865429098, -7.542275982507856161E-16 ) ) ;
#2020 = ORIENTED_EDGE ( 'NONE', *, *, #169, .T. ) ;
#2021 = ADVANCED_FACE ( 'NONE', ( #4923 ), #1716, .T. ) ;
#2022 = CARTESIAN_POINT ( 'NONE',  ( 8.911871283231914020, 4.961876225946451058, -12.70121659404497727 ) ) ;
#2023 = DIRECTION ( 'NONE',  ( 0.000000000000000000, 0.000000000000000000, 1.000000000000000000 ) ) ;
#2024 = EDGE_LOOP ( 'NONE', ( #7254 ) ) ;
#2025 = CARTESIAN_POINT ( 'NONE',  ( 10.44464704376959219, -4.812481922787110733, -13.02782229508497736 ) ) ;
#2026 = DIRECTION ( 'NONE',  ( 0.000000000000000000, 0.000000000000000000, 1.000000000000000000 ) ) ;
#2027 = CARTESIAN_POINT ( 'NONE',  ( -8.894794764453340719, 4.992262405482642329, -12.07004942403901993 ) ) ;
#2028 = ORIENTED_EDGE ( 'NONE', *, *, #5619, .F. ) ;
#2029 = CARTESIAN_POINT ( 'NONE',  ( -9.231272455430506341, -4.339099205869604070, -11.05460834853402474 ) ) ;
#2030 = ORIENTED_EDGE ( 'NONE', *, *, #4681, .T. ) ;
#2031 = DIRECTION ( 'NONE',  ( -1.000000000000000000, 0.000000000000000000, 0.000000000000000000 ) ) ;
#2032 = AXIS2_PLACEMENT_3D ( 'NONE', #2467, #4201, #4911 ) ;
#2033 = CARTESIAN_POINT ( 'NONE',  ( -10.40169708268452453, 4.904570347089483917, -11.77273424909802380 ) ) ;
#2034 = CARTESIAN_POINT ( 'NONE',  ( 6.363961030679040398, 6.363961030679200270, 1.000000000000000000 ) ) ;
#2035 = FACE_OUTER_BOUND ( 'NONE', #8184, .T. ) ;
#2036 = DIRECTION ( 'NONE',  ( 1.000000000000000000, 0.000000000000000000, 0.000000000000000000 ) ) ;
#2037 = EDGE_CURVE ( 'NONE', #610, #6823, #2478, .T. ) ;
#2038 = ORIENTED_EDGE ( 'NONE', *, *, #1464, .F. ) ;
#2039 = EDGE_CURVE ( 'NONE', #4577, #8258, #3589, .T. ) ;
#2040 = PERSON_AND_ORGANIZATION_ROLE ( 'classification_officer' ) ;
#2041 = CARTESIAN_POINT ( 'NONE',  ( -1.355497403577985871, -2.432350908723610150, 7.299999999999999822 ) ) ;
#2042 = AXIS2_PLACEMENT_3D ( 'NONE', #835, #4018, #1267 ) ;
#2043 = CARTESIAN_POINT ( 'NONE',  ( -11.00000000000000000, 0.000000000000000000, -9.400000000000000355 ) ) ;
#2044 = ORIENTED_EDGE ( 'NONE', *, *, #3559, .F. ) ;
#2045 = CARTESIAN_POINT ( 'NONE',  ( -4.585610941957008357, 5.320617677771109832, -26.99755111321201184 ) ) ;
#2046 = ORIENTED_EDGE ( 'NONE', *, *, #6058, .T. ) ;
#2047 = CARTESIAN_POINT ( 'NONE',  ( 0.1499999999999999944, -2.200000000000000178, 7.700000000000000178 ) ) ;
#2048 = CARTESIAN_POINT ( 'NONE',  ( 10.37272415736378051, 4.965625972004691135, -12.63701308647597266 ) ) ;
#2049 = FACE_OUTER_BOUND ( 'NONE', #3857, .T. ) ;
#2050 = VECTOR ( 'NONE', #4816, 1000.000000000000000 ) ;
#2051 = CYLINDRICAL_SURFACE ( 'NONE', #8083, 2.000000000000000444 ) ;
#2052 = EDGE_CURVE ( 'NONE', #4584, #4584, #2901, .T. ) ;
#2053 = FACE_OUTER_BOUND ( 'NONE', #6524, .T. ) ;
#2054 = CARTESIAN_POINT ( 'NONE',  ( 5.796685582895896083, 2.125112707674060797, -24.79999999999998650 ) ) ;
#2055 = DIRECTION ( 'NONE',  ( -0.7071067811865485719, 0.000000000000000000, -0.7071067811865465735 ) ) ;
#2056 = ORIENTED_EDGE ( 'NONE', *, *, #1353, .F. ) ;
#2057 = DIRECTION ( 'NONE',  ( 0.000000000000000000, 0.000000000000000000, -1.000000000000000000 ) ) ;
#2058 = ORIENTED_EDGE ( 'NONE', *, *, #5357, .F. ) ;
#2059 = CIRCLE ( 'NONE', #8064, 2.000000000000000000 ) ;
#2060 = CARTESIAN_POINT ( 'NONE',  ( 6.000000000000000000, 3.471553468719434932, 6.869019423288179382 ) ) ;
#2061 = LINE ( 'NONE', #1187, #5914 ) ;
#2062 = EDGE_CURVE ( 'NONE', #3992, #3829, #7175, .T. ) ;
#2063 = CARTESIAN_POINT ( 'NONE',  ( -4.336126931190033673, 10.65146153957469544, -13.54808005903100998 ) ) ;
#2064 = CARTESIAN_POINT ( 'NONE',  ( -6.000000000000000000, -3.200000000000000178, 7.000000000000000000 ) ) ;
#2065 = FACE_OUTER_BOUND ( 'NONE', #8788, .T. ) ;
#2066 = PRODUCT_DEFINITION ( 'UNKNOWN', '', #3303, #2641 ) ;
#2067 = AXIS2_PLACEMENT_3D ( 'NONE', #10418, #677, #7247 ) ;
#2068 = ORIENTED_EDGE ( 'NONE', *, *, #8863, .T. ) ;
#2069 = DIRECTION ( 'NONE',  ( -6.110912703474027111E-16, -4.919953083036113857E-16, 1.000000000000000000 ) ) ;
#2070 = CARTESIAN_POINT ( 'NONE',  ( -4.242257122733915864, 9.276216409869947555, -10.99449196777301019 ) ) ;
#2071 = CARTESIAN_POINT ( 'NONE',  ( -9.539334684995775859, 3.613257950257719120, -10.80000000871002364 ) ) ;
#2072 = ORIENTED_EDGE ( 'NONE', *, *, #8913, .F. ) ;
#2073 = CARTESIAN_POINT ( 'NONE',  ( 0.000000000000000000, 0.000000000000000000, 31.69999999999999929 ) ) ;
#2074 = DIRECTION ( 'NONE',  ( 1.869741340859458476E-15, 3.364318164425815011E-16, -1.000000000000000000 ) ) ;
#2075 = ORIENTED_EDGE ( 'NONE', *, *, #5386, .T. ) ;
#2076 = CARTESIAN_POINT ( 'NONE',  ( 0.000000000000000000, 9.000000000000000000, 3.000000000000000000 ) ) ;
#2077 = CIRCLE ( 'NONE', #2067, 0.4500000000000000111 ) ;
#2078 = CARTESIAN_POINT ( 'NONE',  ( -3.886864499436928158E-14, -1.470176474832373608E-14, -9.390000000000002345 ) ) ;
#2079 = EDGE_CURVE ( 'NONE', #4269, #5466, #640, .T. ) ;
#2080 = ADVANCED_FACE ( 'NONE', ( #7518 ), #5493, .F. ) ;
#2081 = VERTEX_POINT ( 'NONE', #4477 ) ;
#2082 = ORIENTED_EDGE ( 'NONE', *, *, #392, .T. ) ;
#2083 = AXIS2_PLACEMENT_3D ( 'NONE', #275, #5300, #1179 ) ;
#2084 = CARTESIAN_POINT ( 'NONE',  ( 10.65081432662660177, -4.337734361967950036, -13.54708027406897664 ) ) ;
#2085 = CARTESIAN_POINT ( 'NONE',  ( -0.7778174593052278318, 0.7778174593051925267, -19.50000000000000355 ) ) ;
#2086 = EDGE_LOOP ( 'NONE', ( #4679 ) ) ;
#2087 = CARTESIAN_POINT ( 'NONE',  ( -8.916240535517779620, -4.954063058880337600, -11.87520029698002411 ) ) ;
#2088 = CIRCLE ( 'NONE', #7408, 1.050000000000000044 ) ;
#2089 = ORIENTED_EDGE ( 'NONE', *, *, #8834, .F. ) ;
#2090 = VERTEX_POINT ( 'NONE', #10111 ) ;
#2091 = EDGE_CURVE ( 'NONE', #2260, #2260, #6842, .T. ) ;
#2092 = CARTESIAN_POINT ( 'NONE',  ( -1.850000000000000089, -10.84331591350174051, 4.799999999999999822 ) ) ;
#2093 = LINE ( 'NONE', #461, #5018 ) ;
#2094 = CIRCLE ( 'NONE', #6068, 7.630127018922000737 ) ;
#2095 = ORIENTED_EDGE ( 'NONE', *, *, #7524, .F. ) ;
#2096 = ORIENTED_EDGE ( 'NONE', *, *, #9299, .T. ) ;
#2097 = CARTESIAN_POINT ( 'NONE',  ( -1.050000000001055867, -9.000000000000000000, -9.199999999999999289 ) ) ;
#2098 = CARTESIAN_POINT ( 'NONE',  ( -12.53459616788484077, 1.849999999999955014, 3.000000000000000000 ) ) ;
#2099 = ORIENTED_EDGE ( 'NONE', *, *, #1229, .T. ) ;
#2100 = CARTESIAN_POINT ( 'NONE',  ( 3.835190596518229356, 9.452826169685138780, -13.76958624008898724 ) ) ;
#2101 = VECTOR ( 'NONE', #1747, 1000.000000000000114 ) ;
#2102 = EDGE_CURVE ( 'NONE', #952, #10316, #6997, .T. ) ;
#2103 = FACE_OUTER_BOUND ( 'NONE', #4741, .T. ) ;
#2104 = CARTESIAN_POINT ( 'NONE',  ( 2.265596578422604580E-16, -1.850000000000000089, 7.799999999999999822 ) ) ;
#2105 = CARTESIAN_POINT ( 'NONE',  ( -10.95445115010356218, -3.500000000000216716, -13.80000000000002913 ) ) ;
#2106 = VERTEX_POINT ( 'NONE', #6419 ) ;
#2107 = CARTESIAN_POINT ( 'NONE',  ( 4.677164644546119909, -4.984688990355744309, -27.10635783477599148 ) ) ;
#2108 = CARTESIAN_POINT ( 'NONE',  ( 0.000000000000000000, 0.000000000000000000, 7.799999999999999822 ) ) ;
#2109 = AXIS2_PLACEMENT_3D ( 'NONE', #6267, #3729, #7709 ) ;
#2110 = DIRECTION ( 'NONE',  ( 0.7071067811865535679, -0.7071067811865414665, -2.775557561562890858E-16 ) ) ;
#2111 = ORIENTED_EDGE ( 'NONE', *, *, #931, .T. ) ;
#2112 = EDGE_CURVE ( 'NONE', #5275, #5656, #3246, .T. ) ;
#2113 = CARTESIAN_POINT ( 'NONE',  ( 6.000000000000000000, 3.336382002646364864, 6.935820234048780009 ) ) ;
#2114 = ADVANCED_FACE ( 'NONE', ( #1218 ), #4575, .F. ) ;
#2115 = EDGE_LOOP ( 'NONE', ( #4894, #2727, #6797, #1093 ) ) ;
#2116 = CYLINDRICAL_SURFACE ( 'NONE', #2109, 0.1000000000000000056 ) ;
#2117 = AXIS2_PLACEMENT_3D ( 'NONE', #2004, #5377, #10089 ) ;
#2118 = CARTESIAN_POINT ( 'NONE',  ( -1.393320238429273142E-14, -2.755982353573374711E-14, -10.80000000000000071 ) ) ;
#2119 = DIRECTION ( 'NONE',  ( 1.351599077795221906E-16, -1.000000000000000000, 0.000000000000000000 ) ) ;
#2120 = DIRECTION ( 'NONE',  ( -0.7071067811865532349, 0.7071067811865416886, -1.304213562373106295E-15 ) ) ;
#2121 = DIRECTION ( 'NONE',  ( 0.000000000000000000, 0.000000000000000000, 1.000000000000000000 ) ) ;
#2122 = DIRECTION ( 'NONE',  ( -3.110185550058225992E-15, -5.102011696169179760E-16, 1.000000000000000000 ) ) ;
#2123 = DIRECTION ( 'NONE',  ( 0.000000000000000000, -1.000000000000000000, 0.000000000000000000 ) ) ;
#2124 = EDGE_LOOP ( 'NONE', ( #10254, #10408, #8079, #3855 ) ) ;
#2125 = VECTOR ( 'NONE', #2877, 1000.000000000000000 ) ;
#2126 = VERTEX_POINT ( 'NONE', #3714 ) ;
#2127 = CARTESIAN_POINT ( 'NONE',  ( -5.120077358544430801, -4.620490197275579192, -27.07101095255301360 ) ) ;
#2128 = EDGE_LOOP ( 'NONE', ( #796 ) ) ;
#2129 = CARTESIAN_POINT ( 'NONE',  ( -3.835190777679765795, -9.452826095557025354, -10.83041380021801103 ) ) ;
#2130 = CARTESIAN_POINT ( 'NONE',  ( 8.381784971270706208, -5.814156378599822261, -11.34072721468298539 ) ) ;
#2131 = AXIS2_PLACEMENT_3D ( 'NONE', #7942, #6469, #4105 ) ;
#2132 = FACE_BOUND ( 'NONE', #9038, .T. ) ;
#2133 = CIRCLE ( 'NONE', #8137, 1.000000000000000000 ) ;
#2134 = ORIENTED_EDGE ( 'NONE', *, *, #837, .F. ) ;
#2135 = CARTESIAN_POINT ( 'NONE',  ( -3.716920283231508026, -7.388493158379960235, -26.29766626893663428 ) ) ;
#2136 = EDGE_LOOP ( 'NONE', ( #6917 ) ) ;
#2137 = CARTESIAN_POINT ( 'NONE',  ( 0.7071067811865119346, 2.121320343559644606, -19.60000000000000497 ) ) ;
#2138 = CARTESIAN_POINT ( 'NONE',  ( -9.299281342803011441, 4.191262062583118286, -10.96750786747402096 ) ) ;
#2139 = EDGE_LOOP ( 'NONE', ( #9156, #1770, #8877, #982 ) ) ;
#2140 = CARTESIAN_POINT ( 'NONE',  ( 1.137154288554682813, 6.517117313710466320, -9.399999999999996803 ) ) ;
#2141 = ADVANCED_FACE ( 'NONE', ( #8534, #1979 ), #5291, .F. ) ;
#2142 = FACE_OUTER_BOUND ( 'NONE', #1845, .T. ) ;
#2143 =( BOUNDED_CURVE ( )  B_SPLINE_CURVE ( 2, ( #3222, #9792, #8199 ),
 .UNSPECIFIED., .F., .F. ) 
 B_SPLINE_CURVE_WITH_KNOTS ( ( 3, 3 ),
 ( 0.000000000000000000, 1.000000000000000000 ),
 .UNSPECIFIED. ) 
 CURVE ( )  GEOMETRIC_REPRESENTATION_ITEM ( )  RATIONAL_B_SPLINE_CURVE ( ( 1.000000000000000000, 1.004847937625010124, 1.000000000000000000 ) ) 
 REPRESENTATION_ITEM ( '' )  );
#2144 = ADVANCED_FACE ( 'NONE', ( #7624, #368 ), #9226, .F. ) ;
#2145 = DIRECTION ( 'NONE',  ( -2.491995308303619233E-15, -4.919953083036274587E-16, 1.000000000000000000 ) ) ;
#2146 = FACE_OUTER_BOUND ( 'NONE', #7405, .T. ) ;
#2147 = VERTEX_POINT ( 'NONE', #268 ) ;
#2148 = AXIS2_PLACEMENT_3D ( 'NONE', #5476, #7901, #2984 ) ;
#2149 = DIRECTION ( 'NONE',  ( 0.000000000000000000, -1.000000000000000000, 0.000000000000000000 ) ) ;
#2150 = EDGE_LOOP ( 'NONE', ( #10039 ) ) ;
#2151 = VERTEX_POINT ( 'NONE', #6049 ) ;
#2152 = CARTESIAN_POINT ( 'NONE',  ( 4.523898966854907222, 9.142011453396884590, -13.39758373805598701 ) ) ;
#2153 = CARTESIAN_POINT ( 'NONE',  ( 10.05000000000014104, -2.556668515609145134E-13, -9.200000000000002842 ) ) ;
#2154 = CIRCLE ( 'NONE', #9683, 4.000000000000000000 ) ;
#2155 = CARTESIAN_POINT ( 'NONE',  ( 1.850000000000000089, 12.53459616788481945, 3.000000000000000000 ) ) ;
#2156 = CARTESIAN_POINT ( 'NONE',  ( -0.5656854249491500841, -8.434314575050777307, -10.80000000000000604 ) ) ;
#2157 = CARTESIAN_POINT ( 'NONE',  ( 4.922667785323100453, -4.713913591005573167, -27.11776946302199320 ) ) ;
#2158 = CARTESIAN_POINT ( 'NONE',  ( -0.1499999999999999944, -2.299999999999999822, 7.700000000000000178 ) ) ;
#2159 = EDGE_CURVE ( 'NONE', #8306, #857, #6204, .T. ) ;
#2160 = VERTEX_POINT ( 'NONE', #2043 ) ;
#2161 = VECTOR ( 'NONE', #9477, 1000.000000000000000 ) ;
#2162 = CARTESIAN_POINT ( 'NONE',  ( 0.05000000000000080075, -3.299999999999999822, 7.700000000000000178 ) ) ;
#2163 = DIRECTION ( 'NONE',  ( 0.000000000000000000, 0.000000000000000000, -1.000000000000000000 ) ) ;
#2164 = FACE_OUTER_BOUND ( 'NONE', #8622, .T. ) ;
#2165 = FACE_OUTER_BOUND ( 'NONE', #7309, .T. ) ;
#2166 = EDGE_CURVE ( 'NONE', #5813, #511, #10165, .T. ) ;
#2167 = CARTESIAN_POINT ( 'NONE',  ( 4.871965794508036574, -10.41701629594640721, -12.90749707758699394 ) ) ;
#2168 = CARTESIAN_POINT ( 'NONE',  ( -7.750000000000000000, 2.546932573555920269E-13, 0.9999999999999991118 ) ) ;
#2169 = EDGE_CURVE ( 'NONE', #4508, #6191, #8635, .T. ) ;
#2170 = ORIENTED_EDGE ( 'NONE', *, *, #9553, .F. ) ;
#2171 = ADVANCED_FACE ( 'NONE', ( #5345, #10065 ), #7789, .F. ) ;
#2172 = CARTESIAN_POINT ( 'NONE',  ( -1.992844245168646555, -1.014185295938749620, -12.35857864376269610 ) ) ;
#2173 = ORIENTED_EDGE ( 'NONE', *, *, #10359, .F. ) ;
#2174 = CARTESIAN_POINT ( 'NONE',  ( -1.850000000000000089, -10.64037123412524011, 5.000000000000000000 ) ) ;
#2175 = AXIS2_PLACEMENT_3D ( 'NONE', #7662, #2074, #2823 ) ;
#2176 = VERTEX_POINT ( 'NONE', #10271 ) ;
#2177 = DIRECTION ( 'NONE',  ( -2.515591529716012086E-16, -3.848369500962892639E-16, 1.000000000000000000 ) ) ;
#2178 = CARTESIAN_POINT ( 'NONE',  ( 4.812481922787070765, 10.44464704376961883, -13.02782229508498624 ) ) ;
#2179 = CARTESIAN_POINT ( 'NONE',  ( -4.440069388308100606, -10.60849981976419798, -11.12835168819801446 ) ) ;
#2180 = CARTESIAN_POINT ( 'NONE',  ( 2.412728902227620154, -1.782901916639093365, -12.29999999999999893 ) ) ;
#2181 = FACE_BOUND ( 'NONE', #4827, .T. ) ;
#2182 = ORIENTED_EDGE ( 'NONE', *, *, #7757, .T. ) ;
#2183 = EDGE_LOOP ( 'NONE', ( #3224 ) ) ;
#2184 = AXIS2_PLACEMENT_3D ( 'NONE', #109, #5899, #1772 ) ;
#2185 = CARTESIAN_POINT ( 'NONE',  ( -10.70802861563070074, 1.849999999999965228, 4.933342624449380764 ) ) ;
#2186 = DIRECTION ( 'NONE',  ( -3.121320343559646425E-15, -4.990663761154980360E-16, 1.000000000000000000 ) ) ;
#2187 = CARTESIAN_POINT ( 'NONE',  ( -9.112956821424621268, 4.582026060026816339, -11.26034640310302137 ) ) ;
#2188 = ORIENTED_EDGE ( 'NONE', *, *, #8922, .T. ) ;
#2189 = CARTESIAN_POINT ( 'NONE',  ( 1.114639100015460960, 6.388081063724575515, -9.399999999999996803 ) ) ;
#2190 = CARTESIAN_POINT ( 'NONE',  ( -0.1423076923076918021, -2.044518506469930053, 7.700000000000000178 ) ) ;
#2191 = AXIS2_PLACEMENT_3D ( 'NONE', #3248, #1501, #5581 ) ;
#2192 = VECTOR ( 'NONE', #3085, 1000.000000000000000 ) ;
#2193 = LINE ( 'NONE', #10363, #4539 ) ;
#2194 = DIRECTION ( 'NONE',  ( 1.000000000000000000, 0.000000000000000000, 0.000000000000000000 ) ) ;
#2195 = DIRECTION ( 'NONE',  ( -3.110185550058225992E-15, -5.102011696169179760E-16, 1.000000000000000000 ) ) ;
#2196 = ORIENTED_EDGE ( 'NONE', *, *, #2091, .T. ) ;
#2197 = CARTESIAN_POINT ( 'NONE',  ( -2.926167029855665788E-15, -2.362991693419707544E-15, -22.50000000000000355 ) ) ;
#2198 = EDGE_LOOP ( 'NONE', ( #5350, #4948, #4574, #7990 ) ) ;
#2199 = ORIENTED_EDGE ( 'NONE', *, *, #572, .T. ) ;
#2200 = AXIS2_PLACEMENT_3D ( 'NONE', #3657, #2911, #5405 ) ;
#2201 = VECTOR ( 'NONE', #7756, 1000.000000000000000 ) ;
#2202 = VERTEX_POINT ( 'NONE', #9286 ) ;
#2203 = VERTEX_POINT ( 'NONE', #1877 ) ;
#2204 = CARTESIAN_POINT ( 'NONE',  ( 0.000000000000000000, 0.000000000000000000, 5.000000000000000000 ) ) ;
#2205 = CARTESIAN_POINT ( 'NONE',  ( 1.850000000000000089, -10.70802861563070074, 4.933342624449380764 ) ) ;
#2206 = LINE ( 'NONE', #473, #7208 ) ;
#2207 = CONICAL_SURFACE ( 'NONE', #6667, 2.399999999999999911, 0.7853981633974348453 ) ;
#2208 = VERTEX_POINT ( 'NONE', #7838 ) ;
#2210 = ADVANCED_FACE ( 'NONE', ( #3606 ), #3923, .F. ) ;
#2209 = LINE ( 'NONE', #8866, #5930 ) ;
#2211 = DIRECTION ( 'NONE',  ( 2.574209397157452716E-15, 2.542177275887557582E-16, -1.000000000000000000 ) ) ;
#2212 = ORIENTED_EDGE ( 'NONE', *, *, #1029, .T. ) ;
#2213 = DIRECTION ( 'NONE',  ( -1.351599077795221906E-16, 1.000000000000000000, 0.000000000000000000 ) ) ;
#2214 = CARTESIAN_POINT ( 'NONE',  ( 0.000000000000000000, 0.000000000000000000, 6.799999999999999822 ) ) ;
#2215 = CIRCLE ( 'NONE', #7370, 11.50000000000000178 ) ;
#2216 = EDGE_CURVE ( 'NONE', #6053, #2625, #9005, .T. ) ;
#2217 = CARTESIAN_POINT ( 'NONE',  ( -4.702469829168355986, 10.49465159972524297, -11.40198029527300960 ) ) ;
#2218 = CARTESIAN_POINT ( 'NONE',  ( -2.679756133823609093E-15, -2.821534623807725363E-15, -23.80000000000000071 ) ) ;
#2219 = CARTESIAN_POINT ( 'NONE',  ( 3.883880205997507051, -10.82572612942240831, -13.75998642150899798 ) ) ;
#2220 = FACE_BOUND ( 'NONE', #4576, .T. ) ;
#2221 = ORIENTED_EDGE ( 'NONE', *, *, #8767, .F. ) ;
#2222 = CIRCLE ( 'NONE', #4998, 0.8000000000000003775 ) ;
#2223 = CARTESIAN_POINT ( 'NONE',  ( -2.092031021678324443, 2.092031021678277369, -22.50000000000000711 ) ) ;
#2224 = CARTESIAN_POINT ( 'NONE',  ( -4.691990631649290755, -5.725227855668098442, -26.77909808926401425 ) ) ;
#2225 = ADVANCED_FACE ( 'NONE', ( #5241 ), #8483, .T. ) ;
#2226 = ORIENTED_EDGE ( 'NONE', *, *, #7415, .F. ) ;
#2227 = ORIENTED_EDGE ( 'NONE', *, *, #1201, .T. ) ;
#2228 = LINE ( 'NONE', #9523, #1857 ) ;
#2229 = ADVANCED_FACE ( 'NONE', ( #2308 ), #3067, .T. ) ;
#2230 = DIRECTION ( 'NONE',  ( 0.000000000000000000, 0.000000000000000000, 1.000000000000000000 ) ) ;
#2231 = CARTESIAN_POINT ( 'NONE',  ( 4.391641713991233154, 10.62870238457275462, -13.50940754819198730 ) ) ;
#2232 = AXIS2_PLACEMENT_3D ( 'NONE', #6779, #9233, #6043 ) ;
#2233 = ORIENTED_EDGE ( 'NONE', *, *, #3442, .F. ) ;
#2234 = CARTESIAN_POINT ( 'NONE',  ( 9.253521240151599159, 4.291558287229140234, -11.02356938523897689 ) ) ;
#2235 = EDGE_LOOP ( 'NONE', ( #241, #7383, #1624, #9109 ) ) ;
#2236 = CARTESIAN_POINT ( 'NONE',  ( -4.043788380991180218E-14, -1.497100356386625843E-14, -8.740000000000001990 ) ) ;
#2237 = CARTESIAN_POINT ( 'NONE',  ( -9.365189036355035412, 4.042800561395359260, -10.89764718788002362 ) ) ;
#2238 = ORIENTED_EDGE ( 'NONE', *, *, #2037, .T. ) ;
#2239 = AXIS2_PLACEMENT_3D ( 'NONE', #36, #1642, #792 ) ;
#2240 = ADVANCED_FACE ( 'NONE', ( #9704 ), #7936, .T. ) ;
#2241 = CARTESIAN_POINT ( 'NONE',  ( 10.91292885340704366, 3.629958274862594259, -13.79999998943197248 ) ) ;
#2242 = LINE ( 'NONE', #8102, #9150 ) ;
#2243 = DIRECTION ( 'NONE',  ( -1.000000000000000000, 0.000000000000000000, 0.000000000000000000 ) ) ;
#2244 = CARTESIAN_POINT ( 'NONE',  ( 1.250000000000000000, 9.000000000000000000, 0.9999999999999991118 ) ) ;
#2245 = CARTESIAN_POINT ( 'NONE',  ( 0.000000000000000000, 0.000000000000000000, -9.400000000000000355 ) ) ;
#2246 = AXIS2_PLACEMENT_3D ( 'NONE', #10085, #9305, #3686 ) ;
#2247 = ORIENTED_EDGE ( 'NONE', *, *, #3176, .T. ) ;
#2248 = DIRECTION ( 'NONE',  ( 0.000000000000000000, 0.000000000000000000, 1.000000000000000000 ) ) ;
#2249 = ORIENTED_EDGE ( 'NONE', *, *, #2102, .T. ) ;
#2250 = DIRECTION ( 'NONE',  ( -1.000000000000000000, 0.000000000000000000, 0.000000000000000000 ) ) ;
#2251 = DIRECTION ( 'NONE',  ( 0.000000000000000000, 0.000000000000000000, -1.000000000000000000 ) ) ;
#2252 = AXIS2_PLACEMENT_3D ( 'NONE', #4170, #2587, #6479 ) ;
#2253 = ORIENTED_EDGE ( 'NONE', *, *, #426, .T. ) ;
#2254 = EDGE_LOOP ( 'NONE', ( #3725 ) ) ;
#2255 = CARTESIAN_POINT ( 'NONE',  ( -0.1499999999999999944, -3.395393726758810349, 7.299999999999999822 ) ) ;
#2256 = EDGE_LOOP ( 'NONE', ( #5387 ) ) ;
#2257 = CARTESIAN_POINT ( 'NONE',  ( 4.830679341125238224, 8.984552556677403601, -11.57225620452298465 ) ) ;
#2258 = AXIS2_PLACEMENT_3D ( 'NONE', #4407, #301, #6714 ) ;
#2259 = CARTESIAN_POINT ( 'NONE',  ( -10.91292885339155028, -3.629958274923414940, -13.79999998943202755 ) ) ;
#2260 = VERTEX_POINT ( 'NONE', #8691 ) ;
#2261 = CARTESIAN_POINT ( 'NONE',  ( 5.046756922887673191, -4.647279604265357911, -27.09186954811298875 ) ) ;
#2262 = CARTESIAN_POINT ( 'NONE',  ( -8.644746269448368992, 7.584086097668402360, -24.41324865405201905 ) ) ;
#2263 = AXIS2_PLACEMENT_3D ( 'NONE', #3530, #9212, #6810 ) ;
#2264 = ORIENTED_EDGE ( 'NONE', *, *, #1403, .F. ) ;
#2265 = CARTESIAN_POINT ( 'NONE',  ( 10.80000000000000071, 0.000000000000000000, 0.9999999999999991118 ) ) ;
#2266 = CARTESIAN_POINT ( 'NONE',  ( -2.121320343559605970, -6.363961030678946251, -19.60000000000001563 ) ) ;
#2267 = EDGE_CURVE ( 'NONE', #6450, #3806, #1483, .T. ) ;
#2268 = CARTESIAN_POINT ( 'NONE',  ( -4.281362845582603605, 10.67351484864681410, -11.01782835402100780 ) ) ;
#2269 = CARTESIAN_POINT ( 'NONE',  ( -5.093865147111840539E-13, -9.000000000000000000, -9.400000000000000355 ) ) ;
#2270 = AXIS2_PLACEMENT_3D ( 'NONE', #7197, #9598, #3985 ) ;
#2271 = CARTESIAN_POINT ( 'NONE',  ( 11.00000000000000000, 1.347111479062087813E-15, -9.400000000000000355 ) ) ;
#2272 = CARTESIAN_POINT ( 'NONE',  ( 4.389335457365979742, -10.62964811897489525, -13.51101666282999325 ) ) ;
#2273 = LINE ( 'NONE', #1451, #2628 ) ;
#2274 = EDGE_LOOP ( 'NONE', ( #5015 ) ) ;
#2275 = B_SPLINE_CURVE_WITH_KNOTS ( 'NONE', 6,
 ( #5182, #5335, #6088, #2841, #3449, #1158, #10061, #210, #962, #6825, #9173, #8477, #1970, #2730, #10106, #10003, #9282, #2782, #3597, #7511, #5285, #6727, #4257, #8373, #6938, #2033, #10157, #1008, #8525, #155, #2627, #2679, #1869, #6039, #7619, #9961, #5940, #4469, #7564, #4311, #5989, #3651, #4363, #6883, #7735, #6144, #1102, #1813, #259, #3498, #5128, #1922, #9231, #360, #8427, #4420, #9378 ),
 .UNSPECIFIED., .F., .F.,
 ( 7, 5, 5, 5, 5, 5, 5, 5, 5, 5, 5, 7 ),
 ( 0.000000000000000000, 0.1467756928460000054, 0.2274658420819999916, 0.2897111157610000043, 0.3442857846529999710, 0.3834065364470000126, 0.4999869216649999726, 0.6556919936310000585, 0.7069200922770000339, 0.7713530004579999266, 0.8532151100910000396, 1.000000000000000000 ),
 .UNSPECIFIED. ) ;
#2276 = EDGE_CURVE ( 'NONE', #7781, #5715, #522, .T. ) ;
#2277 = CARTESIAN_POINT ( 'NONE',  ( 2.075390556573172063, 1.056194226372452860, -12.39999999999999680 ) ) ;
#2278 = VERTEX_POINT ( 'NONE', #621 ) ;
#2279 = FACE_OUTER_BOUND ( 'NONE', #5935, .T. ) ;
#2280 = AXIS2_PLACEMENT_3D ( 'NONE', #4696, #3086, #6370 ) ;
#2281 = ORIENTED_EDGE ( 'NONE', *, *, #9037, .F. ) ;
#2282 = CARTESIAN_POINT ( 'NONE',  ( 8.681771017302612137, -5.354680027128109643, -12.83565774555998296 ) ) ;
#2283 = CARTESIAN_POINT ( 'NONE',  ( -4.242248073841610179, -9.276220502677622548, -10.99448717942901688 ) ) ;
#2284 = CARTESIAN_POINT ( 'NONE',  ( 3.883880205879943315, 10.82572612946913182, -13.75998642153998652 ) ) ;
#2285 = CARTESIAN_POINT ( 'NONE',  ( 4.748169116304242543, 4.874526289364495391, -27.12405566886198827 ) ) ;
#2286 = CARTESIAN_POINT ( 'NONE',  ( 1.153074931050481533, 6.608359721094389627, -12.35857864376268545 ) ) ;
#2287 = DIRECTION ( 'NONE',  ( -2.180868324581535896E-15, -8.031222920257056676E-16, 1.000000000000000000 ) ) ;
#2288 = CIRCLE ( 'NONE', #9135, 1.250000000000413891 ) ;
#2289 = ORIENTED_EDGE ( 'NONE', *, *, #5854, .F. ) ;
#2290 = ADVANCED_FACE ( 'NONE', ( #10424, #8798 ), #6178, .T. ) ;
#2291 = LINE ( 'NONE', #10462, #6154 ) ;
#2292 = FACE_OUTER_BOUND ( 'NONE', #5061, .T. ) ;
#2293 = ORIENTED_EDGE ( 'NONE', *, *, #10118, .T. ) ;
#2294 = EDGE_CURVE ( 'NONE', #9689, #10058, #6250, .T. ) ;
#2295 = CARTESIAN_POINT ( 'NONE',  ( -0.7071067811865471286, -2.121320343559653043, -19.60000000000000853 ) ) ;
#2296 = CARTESIAN_POINT ( 'NONE',  ( 9.209555462457769792, -4.384798385522025832, -11.08746193323998241 ) ) ;
#2297 = VERTEX_POINT ( 'NONE', #3978 ) ;
#2298 = DIRECTION ( 'NONE',  ( 0.000000000000000000, 0.000000000000000000, -1.000000000000000000 ) ) ;
#2299 = CIRCLE ( 'NONE', #1243, 1.000000000000000000 ) ;
#2300 = CARTESIAN_POINT ( 'NONE',  ( 10.40498320004149768, 4.897904710695833330, -11.74391625417197460 ) ) ;
#2301 = CARTESIAN_POINT ( 'NONE',  ( -0.6099076439117319115, -2.299999999999999822, 7.700000000000000178 ) ) ;
#2302 = DIRECTION ( 'NONE',  ( -1.000000000000000000, 0.000000000000000000, 0.000000000000000000 ) ) ;
#2303 = DIRECTION ( 'NONE',  ( 1.000000000000000000, 0.000000000000000000, 0.000000000000000000 ) ) ;
#2304 = ORIENTED_EDGE ( 'NONE', *, *, #114, .T. ) ;
#2305 = ADVANCED_FACE ( 'NONE', ( #4795, #7252 ), #10477, .F. ) ;
#2306 = ORIENTED_EDGE ( 'NONE', *, *, #7401, .T. ) ;
#2307 = EDGE_CURVE ( 'NONE', #8572, #6409, #9490, .T. ) ;
#2308 = FACE_OUTER_BOUND ( 'NONE', #6805, .T. ) ;
#2309 = EDGE_CURVE ( 'NONE', #7446, #814, #3012, .T. ) ;
#2310 = VERTEX_POINT ( 'NONE', #1350 ) ;
#2311 = DIRECTION ( 'NONE',  ( 2.324928405707404297E-15, 1.835070494700989440E-16, -1.000000000000000000 ) ) ;
#2312 = VERTEX_POINT ( 'NONE', #4064 ) ;
#2313 = CARTESIAN_POINT ( 'NONE',  ( 9.580709785814853774, -3.500000000000043521, -13.79999999999997939 ) ) ;
#2314 = AXIS2_PLACEMENT_3D ( 'NONE', #2422, #8966, #4102 ) ;
#2315 = ORIENTED_EDGE ( 'NONE', *, *, #5598, .F. ) ;
#2316 = EDGE_CURVE ( 'NONE', #9624, #7336, #5533, .T. ) ;
#2317 = FACE_OUTER_BOUND ( 'NONE', #6495, .T. ) ;
#2318 = CARTESIAN_POINT ( 'NONE',  ( 0.05000000000000090483, -3.396295565269215277, 7.299999999999999822 ) ) ;
#2319 = CARTESIAN_POINT ( 'NONE',  ( -1.050000000000000044, 9.000000000000000000, 0.9999999999999991118 ) ) ;
#2320 = CARTESIAN_POINT ( 'NONE',  ( -0.8042429674092611558, 0.5943006388796872042, -9.500000000000003553 ) ) ;
#2321 = CARTESIAN_POINT ( 'NONE',  ( 4.730409103947743610, -4.898284846202329845, -27.12133830928299361 ) ) ;
#2322 = DIRECTION ( 'NONE',  ( 0.000000000000000000, 0.000000000000000000, -1.000000000000000000 ) ) ;
#2323 = AXIS2_PLACEMENT_3D ( 'NONE', #2401, #6396, #4078 ) ;
#2324 = LINE ( 'NONE', #6776, #5308 ) ;
#2325 = CARTESIAN_POINT ( 'NONE',  ( -4.608689155522114334, 10.53623297009360726, -11.28768684844001058 ) ) ;
#2326 = CARTESIAN_POINT ( 'NONE',  ( -2.614213562373095870E-14, -9.679893911179657554E-15, -15.30000000000000071 ) ) ;
#2327 = CARTESIAN_POINT ( 'NONE',  ( 2.121320343559623289, 0.7071067811865615615, -22.39999999999999858 ) ) ;
#2328 = DIRECTION ( 'NONE',  ( -0.7071067811865412445, -0.7071067811865537900, -4.336808689942016947E-15 ) ) ;
#2329 = CARTESIAN_POINT ( 'NONE',  ( 5.525763755377149700, -8.573682594941162805, -11.54231625809598860 ) ) ;
#2330 = AXIS2_PLACEMENT_3D ( 'NONE', #8520, #6717, #10098 ) ;
#2331 = DIRECTION ( 'NONE',  ( -0.7071067811865520136, 0.7071067811865430208, -2.040851148208007998E-15 ) ) ;
#2332 = ORIENTED_EDGE ( 'NONE', *, *, #3293, .F. ) ;
#2333 = EDGE_CURVE ( 'NONE', #891, #7424, #8880, .T. ) ;
#2334 = CARTESIAN_POINT ( 'NONE',  ( -10.05000000000044125, 2.546932573555920269E-13, 0.9999999999999991118 ) ) ;
#2335 = ORIENTED_EDGE ( 'NONE', *, *, #9622, .F. ) ;
#2336 = DIRECTION ( 'NONE',  ( 0.000000000000000000, 1.000000000000000000, 0.000000000000000000 ) ) ;
#2337 = ORIENTED_EDGE ( 'NONE', *, *, #652, .F. ) ;
#2338 = CARTESIAN_POINT ( 'NONE',  ( 7.014059722449469625, 5.953399550669772111, -20.79999999999998295 ) ) ;
#2339 = AXIS2_PLACEMENT_3D ( 'NONE', #2777, #8422, #5281 ) ;
#2340 = CARTESIAN_POINT ( 'NONE',  ( -5.911692744832726554, -6.972352916612665652, -25.77584506070255799 ) ) ;
#2341 = CARTESIAN_POINT ( 'NONE',  ( 4.440069388305901477, 10.60849981976206458, -11.12835168819798604 ) ) ;
#2342 = CARTESIAN_POINT ( 'NONE',  ( 5.895986424101185008, 3.000546957382492330, -12.39999999999999147 ) ) ;
#2343 = EDGE_LOOP ( 'NONE', ( #2623, #6786, #8823, #3387, #4320, #717 ) ) ;
#2344 = EDGE_CURVE ( 'NONE', #366, #3527, #3952, .T. ) ;
#2345 = CARTESIAN_POINT ( 'NONE',  ( -4.730792358877916826, 9.037594106339120970, -13.17616156917600634 ) ) ;
#2346 = ORIENTED_EDGE ( 'NONE', *, *, #4225, .F. ) ;
#2347 = EDGE_CURVE ( 'NONE', #5706, #9645, #3895, .T. ) ;
#2348 = AXIS2_PLACEMENT_3D ( 'NONE', #1389, #3884, #3084 ) ;
#2349 = CARTESIAN_POINT ( 'NONE',  ( 6.363961030679580411, -6.363961030678660258, 5.000000000000000000 ) ) ;
#2350 = CARTESIAN_POINT ( 'NONE',  ( -9.142011453396923670, 4.523898966854935644, -13.39758373805602254 ) ) ;
#2351 = ORIENTED_EDGE ( 'NONE', *, *, #3357, .T. ) ;
#2352 = CARTESIAN_POINT ( 'NONE',  ( -2.192128669685514897, -1.115603825532624604, -9.400000000000007461 ) ) ;
#2353 = CARTESIAN_POINT ( 'NONE',  ( 10.44464704376950515, 4.812481922787275934, -11.57217770491497610 ) ) ;
#2354 = EDGE_CURVE ( 'NONE', #10365, #9217, #8827, .T. ) ;
#2355 = FACE_OUTER_BOUND ( 'NONE', #2651, .T. ) ;
#2356 = CARTESIAN_POINT ( 'NONE',  ( 1.355497403577985871, -2.432350908723610150, 7.700000000000000178 ) ) ;
#2357 = ORIENTED_EDGE ( 'NONE', *, *, #7696, .F. ) ;
#2358 = ORIENTED_EDGE ( 'NONE', *, *, #6167, .F. ) ;
#2359 = CARTESIAN_POINT ( 'NONE',  ( -5.338656197958386862, -5.338656197958481897, -27.30000000000002203 ) ) ;
#2360 = PRODUCT ( 'Repeat Compact 1806', 'Repeat Compact 1806', '', ( #2632 ) ) ;
#2361 = ORIENTED_EDGE ( 'NONE', *, *, #7869, .T. ) ;
#2362 = CARTESIAN_POINT ( 'NONE',  ( -1.050000000000000044, 9.000000000000000000, 3.000000000000000000 ) ) ;
#2363 = AXIS2_PLACEMENT_3D ( 'NONE', #5682, #10488, #696 ) ;
#2364 = EDGE_LOOP ( 'NONE', ( #29, #2804, #6817, #8419, #10027 ) ) ;
#2365 = DIRECTION ( 'NONE',  ( -0.7071067811865415775, -0.7071067811865535679, -1.999999999999998972E-15 ) ) ;
#2366 = CIRCLE ( 'NONE', #3230, 0.7999999999999998224 ) ;
#2367 = FACE_OUTER_BOUND ( 'NONE', #7428, .T. ) ;
#2368 = EDGE_CURVE ( 'NONE', #1397, #10489, #8033, .T. ) ;
#2369 = CARTESIAN_POINT ( 'NONE',  ( -7.584086097668556903, 8.644746269448232212, -24.41324865405201550 ) ) ;
#2370 = CARTESIAN_POINT ( 'NONE',  ( -10.50788871920361167, -4.672900428229452174, -11.36290054706302932 ) ) ;
#2371 = CARTESIAN_POINT ( 'NONE',  ( -0.7071067811865935360, 0.7071067811865257013, -9.390000000000004121 ) ) ;
#2372 = AXIS2_PLACEMENT_3D ( 'NONE', #2685, #5036, #4317 ) ;
#2373 = CIRCLE ( 'NONE', #10223, 0.8000000000000003775 ) ;
#2374 = FACE_BOUND ( 'NONE', #3420, .T. ) ;
#2375 = B_SPLINE_CURVE_WITH_KNOTS ( 'NONE', 6,
 ( #647, #8182, #3094, #7163, #5590, #8018, #3155, #2329, #4172, #6060, #4986, #4278, #9880, #6647, #1725, #5048, #3464, #117, #9925, #5905, #1020, #5097, #8331, #7581, #6792, #10022, #1068, #3770, #8598, #8546, #2800, #2920, #3674, #4638, #1990, #5417, #7107, #10174, #6213, #6161, #9501, #4585 ),
 .UNSPECIFIED., .F., .F.,
 ( 7, 5, 5, 5, 5, 5, 5, 5, 7 ),
 ( 0.000000000000000000, 0.1829463707940000017, 0.2695911006689999945, 0.3333687171339999589, 0.5000005451769999887, 0.6682051745339999682, 0.7310554050719999530, 0.8170537886269999550, 1.000000000000000000 ),
 .UNSPECIFIED. ) ;
#2376 = EDGE_LOOP ( 'NONE', ( #9164, #9999, #4010, #10588 ) ) ;
#2377 = FACE_OUTER_BOUND ( 'NONE', #7964, .T. ) ;
#2378 = CARTESIAN_POINT ( 'NONE',  ( 1.050000000000037792, -9.000000000000000000, 0.8000000000000003775 ) ) ;
#2379 = CONICAL_SURFACE ( 'NONE', #8378, 9.200000000000001066, 1.047197551196999754 ) ;
#2380 = DIRECTION ( 'NONE',  ( 1.000000000000000000, 0.000000000000000000, 0.000000000000000000 ) ) ;
#2381 = VECTOR ( 'NONE', #6513, 1000.000000000000000 ) ;
#2382 = FACE_BOUND ( 'NONE', #3441, .T. ) ;
#2383 = CARTESIAN_POINT ( 'NONE',  ( 0.000000000000000000, 0.000000000000000000, 0.9999999999999991118 ) ) ;
#2384 = CARTESIAN_POINT ( 'NONE',  ( 0.7071067811865195951, 2.121320343559645938, -22.45857864376269575 ) ) ;
#2385 = FACE_BOUND ( 'NONE', #125, .T. ) ;
#2386 = DIRECTION ( 'NONE',  ( -0.7071067811865535679, 0.7071067811865415775, 5.782411586589356653E-16 ) ) ;
#2387 = VERTEX_POINT ( 'NONE', #9197 ) ;
#2388 = CARTESIAN_POINT ( 'NONE',  ( -1.850000000000000089, 9.000000000000000000, 3.000000000000000000 ) ) ;
#2389 = DIRECTION ( 'NONE',  ( -1.000000000000000000, 0.000000000000000000, 0.000000000000000000 ) ) ;
#2390 = CARTESIAN_POINT ( 'NONE',  ( 0.000000000000000000, 0.000000000000000000, -2.200000000000000178 ) ) ;
#2391 = CIRCLE ( 'NONE', #3287, 0.1000000000000000194 ) ;
#2392 = ORIENTED_EDGE ( 'NONE', *, *, #2169, .F. ) ;
#2393 = EDGE_LOOP ( 'NONE', ( #6694 ) ) ;
#2394 = ORIENTED_EDGE ( 'NONE', *, *, #4289, .F. ) ;
#2395 = DIRECTION ( 'NONE',  ( 0.000000000000000000, 0.000000000000000000, 1.000000000000000000 ) ) ;
#2396 = CARTESIAN_POINT ( 'NONE',  ( 4.969337436529115415, 10.37096205663646131, -12.63818859962998431 ) ) ;
#2397 = CARTESIAN_POINT ( 'NONE',  ( -4.003993638819350664, -10.78157098493551835, -10.87852819155401463 ) ) ;
#2398 = CARTESIAN_POINT ( 'NONE',  ( -2.412728902227692540, 1.782901916639081374, -12.35857864376269610 ) ) ;
#2399 = AXIS2_PLACEMENT_3D ( 'NONE', #3310, #9028, #1554 ) ;
#2400 = ORIENTED_EDGE ( 'NONE', *, *, #5727, .T. ) ;
#2401 = CARTESIAN_POINT ( 'NONE',  ( -2.926167029855665788E-15, -2.362991693419707544E-15, -22.50000000000000355 ) ) ;
#2402 = DIRECTION ( 'NONE',  ( -0.7071067811865532349, 0.7071067811865417996, -9.050731179009428576E-16 ) ) ;
#2403 = CARTESIAN_POINT ( 'NONE',  ( 8.891214607772756295, -4.998630425066549421, -12.36890816925498271 ) ) ;
#2404 = CARTESIAN_POINT ( 'NONE',  ( -9.299279270582037071, 4.191266730397923190, -13.63248993601902193 ) ) ;
#2405 = ORIENTED_EDGE ( 'NONE', *, *, #2747, .T. ) ;
#2406 = CARTESIAN_POINT ( 'NONE',  ( -5.563961030678280295, -6.363961030679200270, 5.000000000000000000 ) ) ;
#2407 = LINE ( 'NONE', #5710, #9557 ) ;
#2408 = CARTESIAN_POINT ( 'NONE',  ( 10.49834089726118513, 4.694223905502133753, -13.20887311047197521 ) ) ;
#2409 = CARTESIAN_POINT ( 'NONE',  ( 5.771848379881745927, 4.723799586481156609, -26.74663709335198547 ) ) ;
#2410 = EDGE_CURVE ( 'NONE', #1672, #857, #9974, .T. ) ;
#2411 = CARTESIAN_POINT ( 'NONE',  ( -1.850000000000000089, 10.64037123412525965, 5.000000000000000000 ) ) ;
#2412 = CARTESIAN_POINT ( 'NONE',  ( 1.050000000000000044, 9.000000000000000000, 1.000000000000000000 ) ) ;
#2413 = ORIENTED_EDGE ( 'NONE', *, *, #7737, .T. ) ;
#2414 = ORIENTED_EDGE ( 'NONE', *, *, #7819, .F. ) ;
#2415 = VECTOR ( 'NONE', #7093, 1000.000000000000000 ) ;
#2416 = CARTESIAN_POINT ( 'NONE',  ( 1.850000000000000089, -0.1999999999999997891, 7.299999999999999822 ) ) ;
#2417 = ORIENTED_EDGE ( 'NONE', *, *, #433, .F. ) ;
#2418 = VERTEX_POINT ( 'NONE', #2547 ) ;
#2419 = LINE ( 'NONE', #3290, #9235 ) ;
#2420 = ADVANCED_FACE ( 'NONE', ( #7433 ), #5836, .F. ) ;
#2421 = ORIENTED_EDGE ( 'NONE', *, *, #6691, .T. ) ;
#2422 = CARTESIAN_POINT ( 'NONE',  ( 0.000000000000000000, -9.000000000000000000, 3.000000000000000000 ) ) ;
#2423 = CARTESIAN_POINT ( 'NONE',  ( 10.84331591350171919, 1.850000000000115108, 4.799999999999999822 ) ) ;
#2424 = APPROVAL_PERSON_ORGANIZATION ( #267, #1065, #5131 ) ;
#2425 = DIRECTION ( 'NONE',  ( -1.000000000000000000, 0.000000000000000000, 0.000000000000000000 ) ) ;
#2426 = CARTESIAN_POINT ( 'NONE',  ( 2.474873734152944316, -3.889087296525995274, -27.30000000000000071 ) ) ;
#2427 = CARTESIAN_POINT ( 'NONE',  ( -1.050000000000000044, -9.000000000000000000, 1.000000000000000000 ) ) ;
#2428 =( BOUNDED_SURFACE ( )  B_SPLINE_SURFACE ( 3, 3, ( 
 ( #6850, #1944, #5255, #2807, #6113, #9346, #1995 ),
 ( #3199, #5886, #585, #8869, #8264, #8816, #10384 ),
 ( #2525, #7271, #10492, #6477, #8756, #6677, #8314 ),
 ( #6424, #3030, #9914, #5636, #2266, #1447, #9859 ) ),
 .UNSPECIFIED., .F., .T., .T. ) 
 B_SPLINE_SURFACE_WITH_KNOTS ( ( 4, 4 ),
 ( 4, 3, 4 ),
 ( 0.000000000000000000, 1.000000000000000000 ),
 ( 0.000000000000000000, 0.5000000000000000000, 1.000000000000000000 ),
 .UNSPECIFIED. ) 
 GEOMETRIC_REPRESENTATION_ITEM ( )  RATIONAL_B_SPLINE_SURFACE ( (
 ( 1.000000000000000000, 0.3333333333333335369, 0.3333333333333335369, 1.000000000000000000, 0.3333333333333335369, 0.3333333333333335369, 1.000000000000000000),
 ( 0.8047378541243649375, 0.2682459513747884605, 0.2682459513747884605, 0.8047378541243649375, 0.2682459513747884605, 0.2682459513747884605, 0.8047378541243649375),
 ( 0.8047378541243649375, 0.2682459513747884605, 0.2682459513747884605, 0.8047378541243649375, 0.2682459513747884605, 0.2682459513747884605, 0.8047378541243649375),
 ( 1.000000000000000000, 0.3333333333333335369, 0.3333333333333335369, 1.000000000000000000, 0.3333333333333335369, 0.3333333333333335369, 1.000000000000000000) ) ) 
 REPRESENTATION_ITEM ( '' )  SURFACE ( )  );
#2429 = EDGE_LOOP ( 'NONE', ( #323, #9051, #4004, #4180 ) ) ;
#2430 = EDGE_CURVE ( 'NONE', #4384, #2965, #4448, .T. ) ;
#2431 = CARTESIAN_POINT ( 'NONE',  ( -4.808326112068574965, 5.868986283848303565, -26.67232776209101175 ) ) ;
#2432 = CIRCLE ( 'NONE', #9103, 0.8000000000000003775 ) ;
#2433 = ORIENTED_EDGE ( 'NONE', *, *, #7799, .T. ) ;
#2434 = CARTESIAN_POINT ( 'NONE',  ( -1.236312086854121106E-15, 7.573719023451795108E-16, -23.80000000000000071 ) ) ;
#2435 = CARTESIAN_POINT ( 'NONE',  ( 6.488935749214707727, -9.494480691814061402, -11.51819635188098800 ) ) ;
#2436 = CARTESIAN_POINT ( 'NONE',  ( 4.812481922787244848, -10.44464704376954955, -11.57217770491499742 ) ) ;
#2437 = DIRECTION ( 'NONE',  ( 0.000000000000000000, 0.000000000000000000, -1.000000000000000000 ) ) ;
#2438 = VECTOR ( 'NONE', #7775, 1000.000000000000000 ) ;
#2439 = ADVANCED_FACE ( 'NONE', ( #1732 ), #1671, .F. ) ;
#2440 = CARTESIAN_POINT ( 'NONE',  ( -4.787229480397226844, -4.829422743739820056, -27.12679491924301445 ) ) ;
#2441 = EDGE_LOOP ( 'NONE', ( #3125, #9096, #3791, #7144 ) ) ;
#2442 = LINE ( 'NONE', #7645, #2453 ) ;
#2443 = VECTOR ( 'NONE', #2664, 1000.000000000000000 ) ;
#2444 = CARTESIAN_POINT ( 'NONE',  ( 4.339082334305301103, -9.231280351169345977, -13.54540266655299519 ) ) ;
#2445 = CYLINDRICAL_SURFACE ( 'NONE', #3355, 1.050000000000000044 ) ;
#2446 = CARTESIAN_POINT ( 'NONE',  ( 1.114639100015468065, 6.388081063724578179, -12.39999999999999680 ) ) ;
#2447 = DIRECTION ( 'NONE',  ( -0.7071067811865531239, 0.7071067811865419106, -1.156482317317871133E-15 ) ) ;
#2448 = LINE ( 'NONE', #5755, #10064 ) ;
#2449 = ORIENTED_EDGE ( 'NONE', *, *, #9943, .F. ) ;
#2450 = CARTESIAN_POINT ( 'NONE',  ( 9.496538698945659718, 3.725420555269834288, -10.81026181048197543 ) ) ;
#2451 = DIRECTION ( 'NONE',  ( 0.000000000000000000, 0.000000000000000000, 1.000000000000000000 ) ) ;
#2452 = VERTEX_POINT ( 'NONE', #9250 ) ;
#2453 = VECTOR ( 'NONE', #5152, 1000.000000000000000 ) ;
#2454 = CARTESIAN_POINT ( 'NONE',  ( 2.265596578422604580E-16, -1.850000000000000089, 7.299999999999998934 ) ) ;
#2455 = LINE ( 'NONE', #4900, #8888 ) ;
#2456 = CARTESIAN_POINT ( 'NONE',  ( 3.883880205856601986, 10.82572612947832269, -10.84001357845398772 ) ) ;
#2457 = CARTESIAN_POINT ( 'NONE',  ( -5.760992692186938768, 4.717454624270441599, -26.75380742758001418 ) ) ;
#2458 = DIRECTION ( 'NONE',  ( -0.7071067811865412445, -0.7071067811865537900, 0.000000000000000000 ) ) ;
#2459 = CARTESIAN_POINT ( 'NONE',  ( 1.050000000000000044, -9.000000000000000000, 1.000000000000000000 ) ) ;
#2460 = AXIS2_PLACEMENT_3D ( 'NONE', #4380, #10121, #2861 ) ;
#2461 = CARTESIAN_POINT ( 'NONE',  ( 0.000000000000000000, 0.000000000000000000, 7.000000000000000000 ) ) ;
#2462 = DIRECTION ( 'NONE',  ( 0.000000000000000000, 0.000000000000000000, 1.000000000000000000 ) ) ;
#2463 = ORIENTED_EDGE ( 'NONE', *, *, #2316, .T. ) ;
#2464 = CYLINDRICAL_SURFACE ( 'NONE', #429, 0.1000000000000000056 ) ;
#2465 = EDGE_LOOP ( 'NONE', ( #1416 ) ) ;
#2466 = LINE ( 'NONE', #9703, #4892 ) ;
#2467 = CARTESIAN_POINT ( 'NONE',  ( -2.679756133823609093E-15, -2.821534623807725363E-15, -23.80000000000000071 ) ) ;
#2468 = ORIENTED_EDGE ( 'NONE', *, *, #206, .F. ) ;
#2469 = ORIENTED_EDGE ( 'NONE', *, *, #206, .T. ) ;
#2470 = VECTOR ( 'NONE', #6379, 1000.000000000000000 ) ;
#2471 = ORIENTED_EDGE ( 'NONE', *, *, #9742, .T. ) ;
#2472 = DIRECTION ( 'NONE',  ( 0.7071067811865485719, 0.000000000000000000, 0.7071067811865465735 ) ) ;
#2473 = DIRECTION ( 'NONE',  ( 0.000000000000000000, 0.000000000000000000, -1.000000000000000000 ) ) ;
#2474 = LINE ( 'NONE', #2319, #1532 ) ;
#2475 = ADVANCED_FACE ( 'NONE', ( #7704 ), #6109, .F. ) ;
#2476 = CARTESIAN_POINT ( 'NONE',  ( -3.889087296525980175, -3.889087296526042792, -27.30000000000001847 ) ) ;
#2477 = CARTESIAN_POINT ( 'NONE',  ( 3.500000000000004885, 9.580709785814882196, -13.79999999999999005 ) ) ;
#2478 = LINE ( 'NONE', #4975, #5315 ) ;
#2479 = AXIS2_PLACEMENT_3D ( 'NONE', #6838, #6895, #7576 ) ;
#2480 = ORIENTED_EDGE ( 'NONE', *, *, #574, .T. ) ;
#2481 = EDGE_LOOP ( 'NONE', ( #10245 ) ) ;
#2482 = LINE ( 'NONE', #5094, #7759 ) ;
#2483 = VECTOR ( 'NONE', #2120, 1000.000000000000114 ) ;
#2484 = DIRECTION ( 'NONE',  ( 0.7071067811703428685, -0.7071067812027522770, 2.414213562327256409E-15 ) ) ;
#2485 = EDGE_CURVE ( 'NONE', #7691, #1819, #5064, .T. ) ;
#2486 = CARTESIAN_POINT ( 'NONE',  ( 4.337734354814286597, -10.65081432922660021, -11.05291972460899963 ) ) ;
#2487 =( BOUNDED_CURVE ( )  B_SPLINE_CURVE ( 2, ( #9618, #709, #14 ),
 .UNSPECIFIED., .F., .T. ) 
 B_SPLINE_CURVE_WITH_KNOTS ( ( 3, 3 ),
 ( 0.000000000000000000, 1.000000000000000000 ),
 .UNSPECIFIED. ) 
 CURVE ( )  GEOMETRIC_REPRESENTATION_ITEM ( )  RATIONAL_B_SPLINE_CURVE ( ( 1.000000000000000000, 1.021844029432259937, 1.000000000000000000 ) ) 
 REPRESENTATION_ITEM ( '' )  );
#2488 = FACE_OUTER_BOUND ( 'NONE', #6367, .T. ) ;
#2489 = CARTESIAN_POINT ( 'NONE',  ( -1.139282179206400178E-14, -2.254830370489016622E-14, -13.80000000000000071 ) ) ;
#2490 = FACE_BOUND ( 'NONE', #6072, .T. ) ;
#2491 = AXIS2_PLACEMENT_3D ( 'NONE', #3033, #485, #3999 ) ;
#2492 = DIRECTION ( 'NONE',  ( 1.000000000000000000, 0.000000000000000000, 0.000000000000000000 ) ) ;
#2493 = ORIENTED_EDGE ( 'NONE', *, *, #4285, .F. ) ;
#2494 = DIRECTION ( 'NONE',  ( -1.000000000000000000, 0.000000000000000000, 0.000000000000000000 ) ) ;
#2495 = VERTEX_POINT ( 'NONE', #6960 ) ;
#2496 = VERTEX_POINT ( 'NONE', #6354 ) ;
#2497 = DIRECTION ( 'NONE',  ( 0.000000000000000000, 0.000000000000000000, -1.000000000000000000 ) ) ;
#2498 = FACE_BOUND ( 'NONE', #4479, .T. ) ;
#2499 = VECTOR ( 'NONE', #6202, 1000.000000000000000 ) ;
#2500 = EDGE_CURVE ( 'NONE', #9657, #9657, #1854, .T. ) ;
#2501 = ORIENTED_EDGE ( 'NONE', *, *, #3681, .F. ) ;
#2502 = CARTESIAN_POINT ( 'NONE',  ( -3.613257950192159118, 9.539334685019003501, -13.79999999129000621 ) ) ;
#2503 = ORIENTED_EDGE ( 'NONE', *, *, #5398, .F. ) ;
#2504 = B_SPLINE_CURVE_WITH_KNOTS ( 'NONE', 6,
 ( #7287, #10507, #3958, #2129, #1304, #546, #9626, #2283, #5440, #2994, #8666, #7864, #4714, #9524, #4661, #7913, #9575, #1408, #8832, #1461, #4771, #7227, #2600, #932, #9040, #5751, #777, #7440, #4126, #5915, #10563, #9888, #9147, #4071, #882, #8988, #126, #4287, #1571, #8238, #7489, #2555, #1786, #1678, #5105, #6549, #8294 ),
 .UNSPECIFIED., .F., .F.,
 ( 7, 5, 5, 5, 5, 5, 5, 5, 5, 7 ),
 ( 0.000000000000000000, 0.1289865109209999972, 0.1997480286449999920, 0.2526863934970000058, 0.4869572672970000071, 0.5213667283459999524, 0.7473418766999999630, 0.8002680581650000180, 0.8710279321119999141, 1.000000000000000000 ),
 .UNSPECIFIED. ) ;
#2505 = DIRECTION ( 'NONE',  ( 2.569777054234141349E-15, 2.586500705120672244E-16, -1.000000000000000000 ) ) ;
#2506 = DIRECTION ( 'NONE',  ( -1.000000000000000000, 0.000000000000000000, 0.000000000000000000 ) ) ;
#2507 = ORIENTED_EDGE ( 'NONE', *, *, #8058, .T. ) ;
#2508 = CARTESIAN_POINT ( 'NONE',  ( 13.01076477383256780, -15.27350647362932179, -12.29999999999997762 ) ) ;
#2509 = CIRCLE ( 'NONE', #963, 11.50000000000000178 ) ;
#2510 = CARTESIAN_POINT ( 'NONE',  ( 0.3843583103501301279, 2.202786573698125583, -9.441421356237313489 ) ) ;
#2511 = DIRECTION ( 'NONE',  ( 0.000000000000000000, 0.000000000000000000, 1.000000000000000000 ) ) ;
#2512 = LINE ( 'NONE', #86, #1518 ) ;
#2513 = DIRECTION ( 'NONE',  ( -8.493206138382439646E-15, 1.000000000000000000, 4.142135623730857691E-16 ) ) ;
#2514 = CARTESIAN_POINT ( 'NONE',  ( 0.000000000000000000, 0.000000000000000000, 1.000000000000000000 ) ) ;
#2515 = AXIS2_PLACEMENT_3D ( 'NONE', #5694, #9781, #773 ) ;
#2516 = ORIENTED_EDGE ( 'NONE', *, *, #10368, .F. ) ;
#2517 = ORIENTED_EDGE ( 'NONE', *, *, #5880, .F. ) ;
#2518 = CARTESIAN_POINT ( 'NONE',  ( -4.234089883065451789E-14, -8.470242795433640434E-15, -9.400000000000002132 ) ) ;
#2519 = CARTESIAN_POINT ( 'NONE',  ( 3.499999999994523048, -10.95445115009787962, -13.79999999999999716 ) ) ;
#2520 = CYLINDRICAL_SURFACE ( 'NONE', #3499, 0.7499999999999997780 ) ;
#2521 = LINE ( 'NONE', #4964, #6289 ) ;
#2522 = ORIENTED_EDGE ( 'NONE', *, *, #6426, .F. ) ;
#2523 = VERTEX_POINT ( 'NONE', #7642 ) ;
#2524 = FACE_OUTER_BOUND ( 'NONE', #1358, .T. ) ;
#2525 = CARTESIAN_POINT ( 'NONE',  ( -2.121320343559678800, 2.121320343559622401, -19.54142135623731846 ) ) ;
#2526 = CIRCLE ( 'NONE', #615, 10.90000000000000036 ) ;
#2527 = DIRECTION ( 'NONE',  ( 0.000000000000000000, 0.000000000000000000, -1.000000000000000000 ) ) ;
#2528 = CARTESIAN_POINT ( 'NONE',  ( -10.53623297009365167, -4.608689155522082359, -11.28768684844003189 ) ) ;
#2529 = VERTEX_POINT ( 'NONE', #9763 ) ;
#2530 = CARTESIAN_POINT ( 'NONE',  ( 0.6888520379748489519, 10.97840985160318006, 0.9999999999999991118 ) ) ;
#2531 = DIRECTION ( 'NONE',  ( -2.312964634635743450E-15, -8.673617379884038430E-16, 1.000000000000000000 ) ) ;
#2532 = AXIS2_PLACEMENT_3D ( 'NONE', #4128, #3372, #4339 ) ;
#2533 = AXIS2_PLACEMENT_3D ( 'NONE', #9199, #3317, #2494 ) ;
#2534 = EDGE_LOOP ( 'NONE', ( #10097 ) ) ;
#2535 = ORIENTED_EDGE ( 'NONE', *, *, #4623, .T. ) ;
#2536 = ORIENTED_EDGE ( 'NONE', *, *, #3740, .F. ) ;
#2537 = EDGE_CURVE ( 'NONE', #5898, #8855, #472, .T. ) ;
#2538 = CIRCLE ( 'NONE', #2191, 2.899999999999999911 ) ;
#2539 = DIRECTION ( 'NONE',  ( 0.000000000000000000, 0.000000000000000000, 1.000000000000000000 ) ) ;
#2540 = VECTOR ( 'NONE', #9459, 1000.000000000000000 ) ;
#2541 = EDGE_CURVE ( 'NONE', #2594, #10026, #10567, .T. ) ;
#2542 = CARTESIAN_POINT ( 'NONE',  ( 6.086011853002189831, -9.757584728041535982, -24.41324865405199063 ) ) ;
#2543 = DIRECTION ( 'NONE',  ( -3.116852043174240776E-15, -5.035346765009035866E-16, 1.000000000000000000 ) ) ;
#2544 = DIRECTION ( 'NONE',  ( 0.000000000000000000, 0.000000000000000000, 1.000000000000000000 ) ) ;
#2545 = VERTEX_POINT ( 'NONE', #9065 ) ;
#2546 = ORIENTED_EDGE ( 'NONE', *, *, #5337, .T. ) ;
#2547 = CARTESIAN_POINT ( 'NONE',  ( -1.624913427312634884, -1.833618377345490158, 7.700000000000000178 ) ) ;
#2548 = VERTEX_POINT ( 'NONE', #5673 ) ;
#2549 = VECTOR ( 'NONE', #5075, 1000.000000000000000 ) ;
#2550 = DIRECTION ( 'NONE',  ( 9.912705577010325352E-15, -1.000000000000000000, 0.000000000000000000 ) ) ;
#2551 = EDGE_CURVE ( 'NONE', #1577, #3699, #2419, .T. ) ;
#2552 = EDGE_LOOP ( 'NONE', ( #6465, #8995, #9546, #4186 ) ) ;
#2553 = CARTESIAN_POINT ( 'NONE',  ( 6.500000000000625278, 5.551115123125782702E-14, -27.29999999999998650 ) ) ;
#2554 = EDGE_LOOP ( 'NONE', ( #2574, #1993, #9195, #2449 ) ) ;
#2555 = CARTESIAN_POINT ( 'NONE',  ( -4.042800392682547539, -9.365189111253162224, -13.70235289151001368 ) ) ;
#2556 = CIRCLE ( 'NONE', #5821, 3.000000000000000444 ) ;
#2557 = DIRECTION ( 'NONE',  ( 0.000000000000000000, 0.000000000000000000, -1.000000000000000000 ) ) ;
#2558 = ORIENTED_EDGE ( 'NONE', *, *, #1821, .T. ) ;
#2559 = CARTESIAN_POINT ( 'NONE',  ( -4.998630425066729721, 8.891214607772701228, -12.23109183074500983 ) ) ;
#2560 = VERTEX_POINT ( 'NONE', #10480 ) ;
#2561 = CARTESIAN_POINT ( 'NONE',  ( -9.496538687308939686, 3.725420603910841066, -13.78973822270102367 ) ) ;
#2562 = ORIENTED_EDGE ( 'NONE', *, *, #5254, .F. ) ;
#2563 = EDGE_CURVE ( 'NONE', #10303, #152, #3757, .T. ) ;
#2564 = CARTESIAN_POINT ( 'NONE',  ( 0.3746845402923689727, -1.496962410891656159, 7.299999999999999822 ) ) ;
#2565 = CARTESIAN_POINT ( 'NONE',  ( 0.05000000000000090483, -3.495995404271780238, 7.299999999999999822 ) ) ;
#2566 = DIRECTION ( 'NONE',  ( -0.7071067811865520136, 0.7071067811865429098, 1.508455196501571183E-16 ) ) ;
#2567 = CIRCLE ( 'NONE', #8558, 11.50000000000000178 ) ;
#2568 = ORIENTED_EDGE ( 'NONE', *, *, #4013, .T. ) ;
#2569 = ORIENTED_EDGE ( 'NONE', *, *, #6167, .T. ) ;
#2570 = CARTESIAN_POINT ( 'NONE',  ( 10.42268354918191164, -4.859821627669207444, -11.66617900987198375 ) ) ;
#2571 = ORIENTED_EDGE ( 'NONE', *, *, #1539, .F. ) ;
#2572 = LINE ( 'NONE', #1966, #10193 ) ;
#2573 = ORIENTED_EDGE ( 'NONE', *, *, #179, .F. ) ;
#2574 = ORIENTED_EDGE ( 'NONE', *, *, #8394, .T. ) ;
#2575 = DIRECTION ( 'NONE',  ( 0.000000000000000000, 0.000000000000000000, 1.000000000000000000 ) ) ;
#2576 = CARTESIAN_POINT ( 'NONE',  ( -10.80000000000000071, 1.322618543079139916E-15, 1.000000000000000000 ) ) ;
#2577 = DIRECTION ( 'NONE',  ( -0.7071067811865415775, -0.7071067811865535679, -1.999999999999998972E-15 ) ) ;
#2578 = AXIS2_PLACEMENT_3D ( 'NONE', #6899, #7579, #3562 ) ;
#2579 = CARTESIAN_POINT ( 'NONE',  ( 9.199999999999974420, -9.679893911179657554E-15, -15.30000000000000071 ) ) ;
#2580 = DIRECTION ( 'NONE',  ( -1.000000000000000000, 0.000000000000000000, 0.000000000000000000 ) ) ;
#2581 = VERTEX_POINT ( 'NONE', #3982 ) ;
#2582 = ORIENTED_EDGE ( 'NONE', *, *, #4874, .F. ) ;
#2583 = CIRCLE ( 'NONE', #6719, 2.449999999999999734 ) ;
#2584 = ORIENTED_EDGE ( 'NONE', *, *, #8898, .T. ) ;
#2585 = DIRECTION ( 'NONE',  ( 1.000000000000000000, 0.000000000000000000, 0.000000000000000000 ) ) ;
#2586 = CARTESIAN_POINT ( 'NONE',  ( 6.338597658632241227, -9.595447087429301192, -11.70305688256799037 ) ) ;
#2587 = DIRECTION ( 'NONE',  ( -1.387415771621248338E-16, -4.976545259057638638E-16, 1.000000000000000000 ) ) ;
#2588 = CARTESIAN_POINT ( 'NONE',  ( -8.076770987746019870, -4.405198112628863960, -23.80000000000002203 ) ) ;
#2589 = AXIS2_PLACEMENT_3D ( 'NONE', #3414, #6692, #9924 ) ;
#2590 = CARTESIAN_POINT ( 'NONE',  ( -10.84331591350171919, -1.850000000000040057, 4.799999999999999822 ) ) ;
#2591 = ORIENTED_EDGE ( 'NONE', *, *, #2079, .F. ) ;
#2592 = EDGE_CURVE ( 'NONE', #5460, #5460, #4282, .T. ) ;
#2593 = FACE_OUTER_BOUND ( 'NONE', #7935, .T. ) ;
#2594 = VERTEX_POINT ( 'NONE', #2313 ) ;
#2595 = VECTOR ( 'NONE', #3063, 1000.000000000000000 ) ;
#2596 = VERTEX_POINT ( 'NONE', #2362 ) ;
#2597 = EDGE_CURVE ( 'NONE', #7054, #1052, #8358, .T. ) ;
#2598 = EDGE_LOOP ( 'NONE', ( #9044, #6414, #28, #7250 ) ) ;
#2599 = EDGE_CURVE ( 'NONE', #5531, #5683, #8711, .T. ) ;
#2600 = CARTESIAN_POINT ( 'NONE',  ( -5.000325411077021442, -8.890261272790111136, -12.29295487513801710 ) ) ;
#2601 = LINE ( 'NONE', #6750, #5613 ) ;
#2602 = CARTESIAN_POINT ( 'NONE',  ( 4.584773705439390667, 5.346093550878742384, -26.98671797492598756 ) ) ;
#2603 = AXIS2_PLACEMENT_3D ( 'NONE', #9436, #2145, #4625 ) ;
#2604 = CARTESIAN_POINT ( 'NONE',  ( -4.894341174472397249, -10.40651886102011936, -11.74579602951201629 ) ) ;
#2605 = CARTESIAN_POINT ( 'NONE',  ( -2.332304605486770210, 1.723471852751111477, -12.40000000000000568 ) ) ;
#2606 = CYLINDRICAL_SURFACE ( 'NONE', #9403, 0.7999999999999998224 ) ;
#2607 = VERTEX_POINT ( 'NONE', #7977 ) ;
#2608 = EDGE_CURVE ( 'NONE', #4807, #4807, #1333, .T. ) ;
#2609 = CARTESIAN_POINT ( 'NONE',  ( -4.899622735904817006, 8.946641378701460923, -11.71487171443800790 ) ) ;
#2610 = VERTEX_POINT ( 'NONE', #3330 ) ;
#2611 = EDGE_CURVE ( 'NONE', #9824, #991, #2455, .T. ) ;
#2612 = EDGE_LOOP ( 'NONE', ( #776, #8384, #877, #9982 ) ) ;
#2613 = DIRECTION ( 'NONE',  ( 0.000000000000000000, 0.000000000000000000, -1.000000000000000000 ) ) ;
#2614 = AXIS2_PLACEMENT_3D ( 'NONE', #2715, #9364, #10142 ) ;
#2615 = DIRECTION ( 'NONE',  ( 2.810193359837561511E-15, 9.657568516986168284E-16, -1.000000000000000000 ) ) ;
#2616 = LINE ( 'NONE', #5763, #1009 ) ;
#2617 = DIRECTION ( 'NONE',  ( 1.000000000000000000, 0.000000000000000000, 0.000000000000000000 ) ) ;
#2618 = VERTEX_POINT ( 'NONE', #7348 ) ;
#2619 = ADVANCED_FACE ( 'NONE', ( #7661 ), #2379, .F. ) ;
#2620 = CARTESIAN_POINT ( 'NONE',  ( -1.355497403577985871, -2.040864225982059743, 7.700000000000000178 ) ) ;
#2621 = CARTESIAN_POINT ( 'NONE',  ( 9.580709785814649493, -3.499999999999973799, -10.79999999999997939 ) ) ;
#2622 = LINE ( 'NONE', #8257, #5973 ) ;
#2623 = ORIENTED_EDGE ( 'NONE', *, *, #10309, .F. ) ;
#2624 = CARTESIAN_POINT ( 'NONE',  ( -9.365189111252414378, -4.042800392683385979, -13.70235289151002434 ) ) ;
#2625 = VERTEX_POINT ( 'NONE', #7605 ) ;
#2626 = LINE ( 'NONE', #9377, #4377 ) ;
#2627 = CARTESIAN_POINT ( 'NONE',  ( -10.35615758860420321, 4.999999999999571010, -12.21536382888902317 ) ) ;
#2628 = VECTOR ( 'NONE', #648, 1000.000000000000000 ) ;
#2629 = CARTESIAN_POINT ( 'NONE',  ( -10.97840985160318006, -0.6888520379748519495, 0.9999999999999991118 ) ) ;
#2630 = EDGE_CURVE ( 'NONE', #4965, #9824, #1851, .T. ) ;
#2631 = EDGE_CURVE ( 'NONE', #9500, #9500, #2366, .T. ) ;
#2632 = MECHANICAL_CONTEXT ( 'NONE', #8687, 'mechanical' ) ;
#2633 = CARTESIAN_POINT ( 'NONE',  ( 8.760262930798850434, -5.224729024866035410, -12.29999999999998295 ) ) ;
#2634 = DIRECTION ( 'NONE',  ( -1.000000000000000000, -8.493206138382439646E-15, -2.823091806822001620E-15 ) ) ;
#2635 = VECTOR ( 'NONE', #9072, 1000.000000000000000 ) ;
#2636 = VERTEX_POINT ( 'NONE', #9157 ) ;
#2637 = LINE ( 'NONE', #9182, #5117 ) ;
#2638 = ORIENTED_EDGE ( 'NONE', *, *, #2955, .F. ) ;
#2639 = EDGE_CURVE ( 'NONE', #1111, #6823, #4597, .T. ) ;
#2640 = CARTESIAN_POINT ( 'NONE',  ( 0.000000000000000000, 0.000000000000000000, 7.000000000000000000 ) ) ;
#2641 = DESIGN_CONTEXT ( 'detailed design', #8631, 'design' ) ;
#2642 = DIRECTION ( 'NONE',  ( 0.000000000000000000, 0.000000000000000000, -1.000000000000000000 ) ) ;
#2643 = CIRCLE ( 'NONE', #3509, 1.050000000000000044 ) ;
#2644 = DIRECTION ( 'NONE',  ( -4.578627559914759889E-16, 1.000000000000000000, 0.000000000000000000 ) ) ;
#2645 = DIRECTION ( 'NONE',  ( -1.000000000000000000, 0.000000000000000000, 0.000000000000000000 ) ) ;
#2646 = CARTESIAN_POINT ( 'NONE',  ( -2.071867419369926491E-15, -1.679663816105752115E-15, -23.89363341178100342 ) ) ;
#2647 = CARTESIAN_POINT ( 'NONE',  ( -5.551115123125782702E-14, 6.500000000000625278, -27.30000000000000071 ) ) ;
#2648 = CARTESIAN_POINT ( 'NONE',  ( -3.500000000000162537, 9.580709785814601531, -10.80000000000000782 ) ) ;
#2649 = DIRECTION ( 'NONE',  ( 1.000000000000000000, 0.000000000000000000, 0.000000000000000000 ) ) ;
#2650 = ORIENTED_EDGE ( 'NONE', *, *, #6256, .F. ) ;
#2651 = EDGE_LOOP ( 'NONE', ( #10453 ) ) ;
#2652 = CARTESIAN_POINT ( 'NONE',  ( 9.000000000000000000, 9.427005074995329055E-14, 3.000000000000000000 ) ) ;
#2653 = AXIS2_PLACEMENT_3D ( 'NONE', #271, #5297, #3557 ) ;
#2654 = DIRECTION ( 'NONE',  ( -0.7071067811865415775, -0.7071067811865535679, -1.999999999999998972E-15 ) ) ;
#2655 = CARTESIAN_POINT ( 'NONE',  ( -4.871965794508105851, 10.41701629594639300, -12.90749707758700815 ) ) ;
#2656 = CARTESIAN_POINT ( 'NONE',  ( 0.1496993885214814302, -3.496295113431885149, 7.700000000000000178 ) ) ;
#2657 = DIRECTION ( 'NONE',  ( 2.960024404117014106E-16, 3.403936626561898508E-16, -1.000000000000000000 ) ) ;
#2658 = AXIS2_PLACEMENT_3D ( 'NONE', #8833, #1462, #4772 ) ;
#2659 = ORIENTED_EDGE ( 'NONE', *, *, #6636, .T. ) ;
#2660 = ORIENTED_EDGE ( 'NONE', *, *, #1170, .T. ) ;
#2661 = LINE ( 'NONE', #190, #10524 ) ;
#2662 = CARTESIAN_POINT ( 'NONE',  ( 6.086011853002023742, 9.757584728041637234, -24.41324865405197997 ) ) ;
#2663 = EDGE_LOOP ( 'NONE', ( #2851, #9324, #8560, #119 ) ) ;
#2664 = DIRECTION ( 'NONE',  ( 0.000000000000000000, 0.000000000000000000, 1.000000000000000000 ) ) ;
#2665 = ADVANCED_FACE ( 'NONE', ( #996 ), #4778, .F. ) ;
#2666 = AXIS2_PLACEMENT_3D ( 'NONE', #6429, #8873, #706 ) ;
#2667 = CARTESIAN_POINT ( 'NONE',  ( -9.000000000000000000, -3.142335024998445122E-14, 3.000000000000000000 ) ) ;
#2668 = FACE_OUTER_BOUND ( 'NONE', #9581, .T. ) ;
#2669 = EDGE_CURVE ( 'NONE', #1519, #920, #9310, .T. ) ;
#2670 = EDGE_CURVE ( 'NONE', #2545, #5970, #2884, .T. ) ;
#2671 = ORIENTED_EDGE ( 'NONE', *, *, #5727, .F. ) ;
#2672 = VERTEX_POINT ( 'NONE', #5380 ) ;
#2673 = PLANE ( 'NONE',  #2339 ) ;
#2674 = CARTESIAN_POINT ( 'NONE',  ( 0.000000000000000000, -0.2000000000000000111, 7.700000000000000178 ) ) ;
#2675 = PLANE ( 'NONE',  #7663 ) ;
#2676 = ORIENTED_EDGE ( 'NONE', *, *, #6052, .F. ) ;
#2677 = VERTEX_POINT ( 'NONE', #5483 ) ;
#2678 = DIRECTION ( 'NONE',  ( 8.493206138382439646E-15, -1.000000000000000000, -1.084213562372656028E-15 ) ) ;
#2679 = CARTESIAN_POINT ( 'NONE',  ( -10.35615758860420321, 4.999999999999571010, -12.41304029480702198 ) ) ;
#2680 = EDGE_CURVE ( 'NONE', #6517, #2297, #3790, .T. ) ;
#2681 = CIRCLE ( 'NONE', #3547, 0.5000000000000000000 ) ;
#2682 = FACE_OUTER_BOUND ( 'NONE', #4214, .T. ) ;
#2683 = COORDINATED_UNIVERSAL_TIME_OFFSET ( 6, 0, .BEHIND. ) ;
#2684 = CARTESIAN_POINT ( 'NONE',  ( -10.76199274157302277, -0.9052691480050164552, 0.9999999999999991118 ) ) ;
#2685 = CARTESIAN_POINT ( 'NONE',  ( 8.999999999999996447, 8.933825901280556536E-14, -9.399999999999977263 ) ) ;
#2686 = EDGE_LOOP ( 'NONE', ( #8351, #7182, #9416, #2351, #8730, #7940, #3925, #10263, #8710, #1285, #4925, #4750, #867, #7179, #9036, #9025 ) ) ;
#2687 = CIRCLE ( 'NONE', #5796, 6.500000000000000000 ) ;
#2688 = ORIENTED_EDGE ( 'NONE', *, *, #5942, .T. ) ;
#2689 = CARTESIAN_POINT ( 'NONE',  ( 3.725420555218021512, 9.496538698957778024, -10.81026181051698920 ) ) ;
#2690 = ADVANCED_FACE ( 'NONE', ( #6921 ), #9210, .T. ) ;
#2691 = CARTESIAN_POINT ( 'NONE',  ( 0.05000000000000080075, -3.200000000000000178, 7.700000000000000178 ) ) ;
#2692 = CARTESIAN_POINT ( 'NONE',  ( 4.200000000000000178, 0.000000000000000000, 7.000000000000000000 ) ) ;
#2693 = CARTESIAN_POINT ( 'NONE',  ( -0.8000000000000000444, 1.500000000000000000, 32.00000000000000000 ) ) ;
#2694 = CARTESIAN_POINT ( 'NONE',  ( -3.181980515339442928, -3.181980515339491777, -24.80000000000000782 ) ) ;
#2695 = AXIS2_PLACEMENT_3D ( 'NONE', #2390, #10344, #2336 ) ;
#2696 = ORIENTED_EDGE ( 'NONE', *, *, #6461, .F. ) ;
#2697 = ORIENTED_EDGE ( 'NONE', *, *, #9845, .F. ) ;
#2698 = CARTESIAN_POINT ( 'NONE',  ( -5.899517097201949944, -4.838856925422214239, -24.80000000000001492 ) ) ;
#2699 = ORIENTED_EDGE ( 'NONE', *, *, #6050, .F. ) ;
#2700 = EDGE_LOOP ( 'NONE', ( #2536 ) ) ;
#2701 =( BOUNDED_CURVE ( )  B_SPLINE_CURVE ( 2, ( #3384, #5013, #1045 ),
 .UNSPECIFIED., .F., .F. ) 
 B_SPLINE_CURVE_WITH_KNOTS ( ( 3, 3 ),
 ( 0.000000000000000000, 1.000000000000000000 ),
 .UNSPECIFIED. ) 
 CURVE ( )  GEOMETRIC_REPRESENTATION_ITEM ( )  RATIONAL_B_SPLINE_CURVE ( ( 1.000000000000000000, 1.045347380079583832, 1.000000000000000000 ) ) 
 REPRESENTATION_ITEM ( '' )  );
#2702 = VECTOR ( 'NONE', #10282, 1000.000000000000114 ) ;
#2703 = AXIS2_PLACEMENT_3D ( 'NONE', #4695, #3887, #7156 ) ;
#2704 = CARTESIAN_POINT ( 'NONE',  ( -3.883880413709481783, 10.82572605383763076, -13.75998636847300460 ) ) ;
#2705 = LINE ( 'NONE', #7712, #8926 ) ;
#2706 = DIRECTION ( 'NONE',  ( 0.7071067811865411334, 0.7071067811865539010, 2.559999999999998211E-15 ) ) ;
#2707 = DIRECTION ( 'NONE',  ( -0.7071067811865520136, 0.7071067811865430208, 1.700709290173340163E-16 ) ) ;
#2708 = CARTESIAN_POINT ( 'NONE',  ( 5.085786437626827805, -1.414213562372346189, -24.79999999999999005 ) ) ;
#2709 = VERTEX_POINT ( 'NONE', #1138 ) ;
#2710 = VECTOR ( 'NONE', #917, 1000.000000000000000 ) ;
#2711 = LINE ( 'NONE', #1846, #5415 ) ;
#2712 = ORIENTED_EDGE ( 'NONE', *, *, #3304, .T. ) ;
#2713 = VECTOR ( 'NONE', #9313, 1000.000000000000000 ) ;
#2714 = EDGE_LOOP ( 'NONE', ( #295, #478, #10268, #9679 ) ) ;
#2715 = CARTESIAN_POINT ( 'NONE',  ( -9.757584728048001921, 6.086011853008395533, -27.30000000000003268 ) ) ;
#2716 = DIRECTION ( 'NONE',  ( -0.7071067811865480168, -0.7071067811865470176, 0.000000000000000000 ) ) ;
#2717 = AXIS2_PLACEMENT_3D ( 'NONE', #3364, #4230, #1782 ) ;
#2718 = DIRECTION ( 'NONE',  ( 0.000000000000000000, 0.000000000000000000, -1.000000000000000000 ) ) ;
#2719 = CARTESIAN_POINT ( 'NONE',  ( 8.573384464782360936, -5.526223675883614739, -11.54188575680798579 ) ) ;
#2720 = AXIS2_PLACEMENT_3D ( 'NONE', #4573, #6247, #8994 ) ;
#2721 = DIRECTION ( 'NONE',  ( -1.000000000000000000, 0.000000000000000000, 0.000000000000000000 ) ) ;
#2722 = EDGE_LOOP ( 'NONE', ( #880, #5420, #7411, #1076 ) ) ;
#2723 = CARTESIAN_POINT ( 'NONE',  ( 8.891214607772671030, 4.998630425066687089, -12.23109183074497963 ) ) ;
#2724 = CARTESIAN_POINT ( 'NONE',  ( 1.050000000000037792, -9.000000000000000000, -9.199999999999999289 ) ) ;
#2725 = CARTESIAN_POINT ( 'NONE',  ( 10.52175953570185918, -4.641636258039301133, -13.27522473130697733 ) ) ;
#2726 = DIRECTION ( 'NONE',  ( 1.682279890214207501E-16, 4.681681140464683419E-16, -1.000000000000000000 ) ) ;
#2727 = ORIENTED_EDGE ( 'NONE', *, *, #6976, .F. ) ;
#2728 = LINE ( 'NONE', #3650, #4905 ) ;
#2729 = EDGE_CURVE ( 'NONE', #9475, #8401, #10139, .T. ) ;
#2730 = CARTESIAN_POINT ( 'NONE',  ( -10.52478109835886855, 4.634769000772498870, -11.31693756749302082 ) ) ;
#2731 = EDGE_CURVE ( 'NONE', #6166, #10026, #4452, .T. ) ;
#2732 = CARTESIAN_POINT ( 'NONE',  ( -4.587538177669140183, 3.526878005889242385, -24.80000000000000782 ) ) ;
#2733 = CALENDAR_DATE ( 2026, 28, 1 ) ;
#2734 = AXIS2_PLACEMENT_3D ( 'NONE', #5045, #1615, #5742 ) ;
#2735 = DIRECTION ( 'NONE',  ( 0.000000000000000000, 0.000000000000000000, 1.000000000000000000 ) ) ;
#2736 = EDGE_CURVE ( 'NONE', #9300, #4417, #1808, .T. ) ;
#2737 = ORIENTED_EDGE ( 'NONE', *, *, #9121, .F. ) ;
#2738 = DIRECTION ( 'NONE',  ( 0.000000000000000000, 0.000000000000000000, -1.000000000000000000 ) ) ;
#2739 = CARTESIAN_POINT ( 'NONE',  ( -4.586189562942390552, 5.369661581303342146, -26.97582028585901170 ) ) ;
#2740 = ORIENTED_EDGE ( 'NONE', *, *, #6645, .T. ) ;
#2741 = CARTESIAN_POINT ( 'NONE',  ( 8.319422638934251205E-16, 1.485072170133250532E-15, -30.88528137423860187 ) ) ;
#2742 = AXIS2_PLACEMENT_3D ( 'NONE', #4273, #4376, #5458 ) ;
#2743 = DIRECTION ( 'NONE',  ( 0.7071067811865535679, -0.7071067811865415775, 1.304213562373107084E-15 ) ) ;
#2744 = CARTESIAN_POINT ( 'NONE',  ( 6.743179380477626772, -9.316575767499223559, -13.25819710226998893 ) ) ;
#2745 = CARTESIAN_POINT ( 'NONE',  ( -2.050609665441015750, 2.050609665440969565, -22.50000000000000711 ) ) ;
#2746 = CARTESIAN_POINT ( 'NONE',  ( -3.618697672328892201E-14, -6.245017890825876077E-15, -12.30000000000000249 ) ) ;
#2747 = EDGE_CURVE ( 'NONE', #9706, #8780, #6489, .T. ) ;
#2748 = ORIENTED_EDGE ( 'NONE', *, *, #1638, .F. ) ;
#2749 = VECTOR ( 'NONE', #5340, 1000.000000000000000 ) ;
#2750 = CARTESIAN_POINT ( 'NONE',  ( 6.000000000000000000, -3.200000000000000178, 7.000000000000000000 ) ) ;
#2751 = CARTESIAN_POINT ( 'NONE',  ( -0.3824753689750550190, -1.494686291009290180, 7.299999999999999822 ) ) ;
#2752 = ORIENTED_EDGE ( 'NONE', *, *, #707, .F. ) ;
#2753 = DIRECTION ( 'NONE',  ( -0.7071067811865535679, 0.7071067811865415775, -1.414213562373107097E-15 ) ) ;
#2754 = LINE ( 'NONE', #5212, #1091 ) ;
#2755 = CARTESIAN_POINT ( 'NONE',  ( 4.775267418165446642, 5.833958804467634707, -26.70006670682398564 ) ) ;
#2756 = AXIS2_PLACEMENT_3D ( 'NONE', #1885, #7003, #8490 ) ;
#2757 = CARTESIAN_POINT ( 'NONE',  ( -4.003993638728127635, -10.78157098498289201, -13.72147180858801541 ) ) ;
#2758 = DIRECTION ( 'NONE',  ( 2.405628631302114965E-16, 1.000000000000000000, 0.000000000000000000 ) ) ;
#2759 = EDGE_LOOP ( 'NONE', ( #4692, #9360, #8674, #7223, #7833, #2959, #10102 ) ) ;
#2760 = EDGE_CURVE ( 'NONE', #5761, #6659, #10091, .T. ) ;
#2761 = CARTESIAN_POINT ( 'NONE',  ( 2.192128669685433628, 1.115603825532608617, -12.39999999999999680 ) ) ;
#2762 =( BOUNDED_CURVE ( )  B_SPLINE_CURVE ( 2, ( #3859, #611, #7784 ),
 .UNSPECIFIED., .F., .T. ) 
 B_SPLINE_CURVE_WITH_KNOTS ( ( 3, 3 ),
 ( 0.000000000000000000, 1.000000000000000000 ),
 .UNSPECIFIED. ) 
 CURVE ( )  GEOMETRIC_REPRESENTATION_ITEM ( )  RATIONAL_B_SPLINE_CURVE ( ( 1.000000000000000000, 1.004414555903390127, 1.000000000000000000 ) ) 
 REPRESENTATION_ITEM ( '' )  );
#2763 = FACE_OUTER_BOUND ( 'NONE', #685, .T. ) ;
#2764 = ORIENTED_EDGE ( 'NONE', *, *, #8767, .T. ) ;
#2765 = DIRECTION ( 'NONE',  ( -0.7071067811865415775, -0.7071067811865535679, -1.999999999999998972E-15 ) ) ;
#2766 = DIRECTION ( 'NONE',  ( -1.000000000000000000, 0.000000000000000000, 0.000000000000000000 ) ) ;
#2767 = FACE_OUTER_BOUND ( 'NONE', #1955, .T. ) ;
#2768 = DIRECTION ( 'NONE',  ( 0.9999954816267412339, -0.003006114785194515578, 0.000000000000000000 ) ) ;
#2769 = CIRCLE ( 'NONE', #197, 10.80000000000000071 ) ;
#2770 = CARTESIAN_POINT ( 'NONE',  ( -2.847956723429002867E-15, -5.467619023324757297E-15, -14.10000000000000142 ) ) ;
#2771 = FACE_OUTER_BOUND ( 'NONE', #4521, .T. ) ;
#2772 = CARTESIAN_POINT ( 'NONE',  ( 5.567008813656052268, 4.621820856511266840, -26.87537298894698523 ) ) ;
#2773 = DIRECTION ( 'NONE',  ( -0.7071067811865533459, 0.7071067811865416886, 0.000000000000000000 ) ) ;
#2774 = FACE_BOUND ( 'NONE', #3764, .T. ) ;
#2775 = ORIENTED_EDGE ( 'NONE', *, *, #5635, .F. ) ;
#2776 = CIRCLE ( 'NONE', #8773, 2.449999999999999734 ) ;
#2777 = CARTESIAN_POINT ( 'NONE',  ( -0.04999999999999939909, -2.049324200890695113, 7.700000000000000178 ) ) ;
#2778 = DIRECTION ( 'NONE',  ( 0.000000000000000000, 0.000000000000000000, 1.000000000000000000 ) ) ;
#2779 = VERTEX_POINT ( 'NONE', #7720 ) ;
#2780 = EDGE_LOOP ( 'NONE', ( #8054, #10537, #9153, #133 ) ) ;
#2781 = CARTESIAN_POINT ( 'NONE',  ( -3.500000000000249578, 11.49999999999954703, -13.80000000000000426 ) ) ;
#2782 = CARTESIAN_POINT ( 'NONE',  ( -10.46490192072398706, 4.768311880340200481, -11.49744920562102024 ) ) ;
#2783 = AXIS2_PLACEMENT_3D ( 'NONE', #1986, #220, #8806 ) ;
#2784 = PLANE ( 'NONE',  #5573 ) ;
#2785 = CARTESIAN_POINT ( 'NONE',  ( -6.086011853008404415, -9.757584728048003697, -23.80000000000001847 ) ) ;
#2786 = EDGE_LOOP ( 'NONE', ( #7317, #10040, #6278, #6381 ) ) ;
#2787 = DATE_AND_TIME ( #3655, #9775 ) ;
#2788 = ADVANCED_FACE ( 'NONE', ( #4551 ), #7770, .T. ) ;
#2789 = CARTESIAN_POINT ( 'NONE',  ( -4.212570418672477396E-14, -8.397006983967049060E-15, -9.500000000000001776 ) ) ;
#2790 = ORIENTED_EDGE ( 'NONE', *, *, #2276, .T. ) ;
#2791 = CARTESIAN_POINT ( 'NONE',  ( -4.590324773113326984, 5.417559030136553488, -26.95318322916500975 ) ) ;
#2792 = EDGE_LOOP ( 'NONE', ( #5750, #5938, #1406, #38 ) ) ;
#2793 = DIRECTION ( 'NONE',  ( 0.000000000000000000, -1.000000000000000000, 0.000000000000000000 ) ) ;
#2794 = CARTESIAN_POINT ( 'NONE',  ( 9.705020886158866489, -6.169486980226037254, -12.19083110160198125 ) ) ;
#2795 = DIRECTION ( 'NONE',  ( -0.7071067811865522357, 0.7071067811865427988, -1.810146235801885321E-15 ) ) ;
#2796 = DIRECTION ( 'NONE',  ( -0.7071067811865551223, 0.7071067811865400232, -1.084202172485504434E-15 ) ) ;
#2797 = CIRCLE ( 'NONE', #7436, 11.00000000000000000 ) ;
#2798 = CARTESIAN_POINT ( 'NONE',  ( 0.000000000000000000, -9.000000000000000000, 1.000000000000000000 ) ) ;
#2799 = DIRECTION ( 'NONE',  ( 0.7071067811865417996, 0.7071067811865533459, 4.625929269271486900E-15 ) ) ;
#2800 = CARTESIAN_POINT ( 'NONE',  ( 5.402424116665653919, -8.651834676885941988, -12.90393563303899249 ) ) ;
#2801 = EDGE_CURVE ( 'NONE', #6338, #1364, #5584, .T. ) ;
#2802 = DIRECTION ( 'NONE',  ( -1.466690475583121533E-15, -8.950461735799506958E-16, 1.000000000000000000 ) ) ;
#2803 = EDGE_LOOP ( 'NONE', ( #7656, #8163, #10356, #10345 ) ) ;
#2804 = ORIENTED_EDGE ( 'NONE', *, *, #10075, .T. ) ;
#2805 = DIRECTION ( 'NONE',  ( 0.7071067811865415775, 0.7071067811865535679, 1.219999999999998919E-15 ) ) ;
#2806 = AXIS2_PLACEMENT_3D ( 'NONE', #10277, #4581, #2795 ) ;
#2807 = CARTESIAN_POINT ( 'NONE',  ( 2.050609665440985552, -2.050609665440974450, -19.50000000000000000 ) ) ;
#2808 = EDGE_CURVE ( 'NONE', #9738, #3072, #6827, .T. ) ;
#2809 = DIRECTION ( 'NONE',  ( -0.7071067811865520136, 0.7071067811865429098, 1.508455196501571183E-16 ) ) ;
#2810 = ORIENTED_EDGE ( 'NONE', *, *, #5258, .T. ) ;
#2811 = CARTESIAN_POINT ( 'NONE',  ( -4.994269506994615249, 10.35892425387663707, -12.46926727859001005 ) ) ;
#2812 = FACE_BOUND ( 'NONE', #7094, .T. ) ;
#2813 = CARTESIAN_POINT ( 'NONE',  ( -4.117319228265729159, -10.73827272552394341, -13.67235538776101578 ) ) ;
#2814 = CARTESIAN_POINT ( 'NONE',  ( 0.1499999999999999944, -3.200000000000000178, 7.700000000000000178 ) ) ;
#2815 = CYLINDRICAL_SURFACE ( 'NONE', #6789, 11.00000000000000000 ) ;
#2816 = ORIENTED_EDGE ( 'NONE', *, *, #10319, .F. ) ;
#2817 = CARTESIAN_POINT ( 'NONE',  ( 11.49999999999385558, 3.499999999994551914, -10.79999999999997229 ) ) ;
#2818 = CARTESIAN_POINT ( 'NONE',  ( -4.582029351466953671, 9.112955154030645488, -11.26035002034901034 ) ) ;
#2819 = CONICAL_SURFACE ( 'NONE', #4028, 1.250000000000542233, 0.7853981633974476129 ) ;
#2820 = PLANE ( 'NONE',  #2117 ) ;
#2821 = EDGE_LOOP ( 'NONE', ( #4908, #7323, #4706, #742, #6706, #60, #8879, #6623 ) ) ;
#2822 = CARTESIAN_POINT ( 'NONE',  ( -5.674982941156831551, -4.663917791020296022, -26.81181253785401708 ) ) ;
#2823 = DIRECTION ( 'NONE',  ( -0.7071067811865417996, -0.7071067811865533459, 0.000000000000000000 ) ) ;
#2824 = VERTEX_POINT ( 'NONE', #9621 ) ;
#2825 = FACE_OUTER_BOUND ( 'NONE', #7216, .T. ) ;
#2826 = ADVANCED_FACE ( 'NONE', ( #3209, #2279 ), #5599, .T. ) ;
#2827 = DIRECTION ( 'NONE',  ( 7.666547622084402378E-16, 8.031222920256935389E-16, -1.000000000000000000 ) ) ;
#2828 = EDGE_CURVE ( 'NONE', #5840, #8289, #656, .T. ) ;
#2829 = CARTESIAN_POINT ( 'NONE',  ( -2.614213562373095870E-14, -9.679893911179657554E-15, -15.30000000000000071 ) ) ;
#2830 = AXIS2_PLACEMENT_3D ( 'NONE', #6455, #8099, #735 ) ;
#2831 = CARTESIAN_POINT ( 'NONE',  ( -9.000000000000000000, -3.142335024998445122E-14, 0.000000000000000000 ) ) ;
#2832 = ORIENTED_EDGE ( 'NONE', *, *, #2801, .F. ) ;
#2833 = EDGE_LOOP ( 'NONE', ( #7627 ) ) ;
#2834 = DIRECTION ( 'NONE',  ( 0.000000000000000000, 0.000000000000000000, -1.000000000000000000 ) ) ;
#2835 = CARTESIAN_POINT ( 'NONE',  ( -9.209555462457847952, 4.384798385522012509, -11.08746193324002327 ) ) ;
#2836 = EDGE_LOOP ( 'NONE', ( #4989 ) ) ;
#2837 = AXIS2_PLACEMENT_3D ( 'NONE', #8196, #4835, #9629 ) ;
#2838 = VERTEX_POINT ( 'NONE', #8186 ) ;
#2839 = ORIENTED_EDGE ( 'NONE', *, *, #1561, .F. ) ;
#2840 = CARTESIAN_POINT ( 'NONE',  ( -0.04999999999999939909, -2.144222209522359979, 7.700000000000000178 ) ) ;
#2841 = CARTESIAN_POINT ( 'NONE',  ( -10.82572612942887247, 3.883880205993813117, -10.84001357848902636 ) ) ;
#2842 = ADVANCED_FACE ( 'NONE', ( #9729 ), #6441, .T. ) ;
#2843 = CARTESIAN_POINT ( 'NONE',  ( 11.00000000000000000, 1.347111479062087813E-15, 0.9999999999999991118 ) ) ;
#2844 = DIRECTION ( 'NONE',  ( 0.000000000000000000, 0.000000000000000000, -1.000000000000000000 ) ) ;
#2845 = LINE ( 'NONE', #4570, #5187 ) ;
#2846 = VECTOR ( 'NONE', #9852, 1000.000000000000000 ) ;
#2847 = ORIENTED_EDGE ( 'NONE', *, *, #149, .F. ) ;
#2848 = DATE_TIME_ROLE ( 'creation_date' ) ;
#2849 = DIRECTION ( 'NONE',  ( 1.000000000000000000, 0.000000000000000000, 0.000000000000000000 ) ) ;
#2850 = DIRECTION ( 'NONE',  ( 2.180868324581535502E-15, 8.031222920257052732E-16, -1.000000000000000000 ) ) ;
#2851 = ORIENTED_EDGE ( 'NONE', *, *, #4755, .T. ) ;
#2852 = CARTESIAN_POINT ( 'NONE',  ( -4.588868633881040715, 5.270629310565541736, -27.01814203947101234 ) ) ;
#2853 = EDGE_LOOP ( 'NONE', ( #7617, #4359 ) ) ;
#2854 = LINE ( 'NONE', #9334, #6105 ) ;
#2855 = CARTESIAN_POINT ( 'NONE',  ( 9.374252304132221880, -6.662376911036296256, -11.38196663201098247 ) ) ;
#2856 = AXIS2_PLACEMENT_3D ( 'NONE', #7449, #4950, #732 ) ;
#2857 = CARTESIAN_POINT ( 'NONE',  ( 10.40651886101787582, 4.894341174470410394, -12.85420397048797447 ) ) ;
#2858 = DIRECTION ( 'NONE',  ( -3.110185550058225992E-15, -5.102011696169179760E-16, 1.000000000000000000 ) ) ;
#2859 = DIRECTION ( 'NONE',  ( -1.000000000000000000, 0.000000000000000000, 0.000000000000000000 ) ) ;
#2860 = DIRECTION ( 'NONE',  ( 0.000000000000000000, 0.000000000000000000, 1.000000000000000000 ) ) ;
#2861 = DIRECTION ( 'NONE',  ( -0.7071067811865522357, 0.7071067811865429098, -1.818814781641097311E-15 ) ) ;
#2862 = CIRCLE ( 'NONE', #6145, 10.80000000000000071 ) ;
#2863 = PLANE ( 'NONE',  #5306 ) ;
#2864 = ORIENTED_EDGE ( 'NONE', *, *, #8385, .T. ) ;
#2865 = PLANE ( 'NONE',  #6295 ) ;
#2866 = FACE_OUTER_BOUND ( 'NONE', #3302, .T. ) ;
#2867 = FACE_OUTER_BOUND ( 'NONE', #840, .T. ) ;
#2868 = ADVANCED_FACE ( 'NONE', ( #5693 ), #1565, .T. ) ;
#2869 = CARTESIAN_POINT ( 'NONE',  ( -0.1499999999999999944, -3.200000000000000178, 7.700000000000000178 ) ) ;
#2870 = EDGE_CURVE ( 'NONE', #3527, #9376, #124, .T. ) ;
#2871 = DIRECTION ( 'NONE',  ( 0.000000000000000000, 0.000000000000000000, -1.000000000000000000 ) ) ;
#2872 = CARTESIAN_POINT ( 'NONE',  ( 4.582029351466878175, -9.112955154030657923, -11.26035002034899613 ) ) ;
#2873 = DIRECTION ( 'NONE',  ( 1.395979797464467627E-15, 8.101933598375644120E-16, -1.000000000000000000 ) ) ;
#2874 = DIRECTION ( 'NONE',  ( -0.7071067811865531239, 0.7071067811865419106, -2.168404344971010051E-15 ) ) ;
#2875 = CARTESIAN_POINT ( 'NONE',  ( 3.499999999994515942, -10.95445115009787962, -10.79999999999999716 ) ) ;
#2876 = VERTEX_POINT ( 'NONE', #8399 ) ;
#2877 = DIRECTION ( 'NONE',  ( 0.000000000000000000, 0.000000000000000000, -1.000000000000000000 ) ) ;
#2878 = ADVANCED_FACE ( 'NONE', ( #9832 ), #7381, .F. ) ;
#2879 = CARTESIAN_POINT ( 'NONE',  ( 0.8846672641501046597, -0.6537307027676715343, -12.40000000000000036 ) ) ;
#2880 = VECTOR ( 'NONE', #3360, 1000.000000000000000 ) ;
#2881 = CARTESIAN_POINT ( 'NONE',  ( -2.121320343559602861, -6.363961030678940922, -22.45857864376270285 ) ) ;
#2882 = CIRCLE ( 'NONE', #627, 0.1000000000000000056 ) ;
#2883 = EDGE_LOOP ( 'NONE', ( #2413 ) ) ;
#2884 = LINE ( 'NONE', #9361, #6501 ) ;
#2885 = FACE_OUTER_BOUND ( 'NONE', #1339, .T. ) ;
#2886 = CARTESIAN_POINT ( 'NONE',  ( 0.000000000000000000, 2.000000000000000000, -2.200000000000000178 ) ) ;
#2887 = CARTESIAN_POINT ( 'NONE',  ( 7.749999999999329425, -2.556423586249315210E-13, 1.000000000000000000 ) ) ;
#2888 = FACE_OUTER_BOUND ( 'NONE', #700, .T. ) ;
#2889 = AXIS2_PLACEMENT_3D ( 'NONE', #6943, #9331, #10221 ) ;
#2890 = LINE ( 'NONE', #4613, #30 ) ;
#2891 = CIRCLE ( 'NONE', #9048, 2.000000000000000000 ) ;
#2892 = EDGE_LOOP ( 'NONE', ( #5866 ) ) ;
#2893 = CARTESIAN_POINT ( 'NONE',  ( 8.988313468612030732, 4.823589429658178496, -11.56178399554597824 ) ) ;
#2894 = DIRECTION ( 'NONE',  ( 0.000000000000000000, 0.000000000000000000, 1.000000000000000000 ) ) ;
#2895 = EDGE_LOOP ( 'NONE', ( #6051 ) ) ;
#2896 = ADVANCED_FACE ( 'NONE', ( #1734 ), #4991, .T. ) ;
#2897 = CARTESIAN_POINT ( 'NONE',  ( 0.7363961030678811692, -0.7363961030678916053, -19.49999999999999645 ) ) ;
#2898 = ORIENTED_EDGE ( 'NONE', *, *, #6371, .F. ) ;
#2899 = CARTESIAN_POINT ( 'NONE',  ( -8.890608443197034916, -4.999708280297733509, -12.25639688240102565 ) ) ;
#2900 = VERTEX_POINT ( 'NONE', #7531 ) ;
#2901 = CIRCLE ( 'NONE', #141, 1.100000000000000089 ) ;
#2902 = CARTESIAN_POINT ( 'NONE',  ( -2.332304605486777760, 1.723471852751109923, -9.400000000000005684 ) ) ;
#2903 = AXIS2_PLACEMENT_3D ( 'NONE', #496, #2993, #6280 ) ;
#2904 = CARTESIAN_POINT ( 'NONE',  ( -3.500000000000059064, -10.95445115010359238, -13.80000000000001492 ) ) ;
#2905 = CARTESIAN_POINT ( 'NONE',  ( -1.250000000001052713, -9.000000000000000000, 1.000000000000000000 ) ) ;
#2906 = VERTEX_POINT ( 'NONE', #8235 ) ;
#2907 = EDGE_CURVE ( 'NONE', #5761, #1377, #8686, .T. ) ;
#2908 = ORIENTED_EDGE ( 'NONE', *, *, #303, .T. ) ;
#2909 = CIRCLE ( 'NONE', #7360, 11.00000000000000000 ) ;
#2910 = CARTESIAN_POINT ( 'NONE',  ( -2.071867419369926491E-15, -1.679663816105752115E-15, -23.89363341178100342 ) ) ;
#2911 = DIRECTION ( 'NONE',  ( 9.987008503163202878E-16, 1.985289766290901061E-15, -1.000000000000000000 ) ) ;
#2912 = EDGE_CURVE ( 'NONE', #8258, #382, #7435, .T. ) ;
#2913 = CARTESIAN_POINT ( 'NONE',  ( 1.850000000000000089, 10.70802861563070074, 4.933342624449380764 ) ) ;
#2914 = VERTEX_POINT ( 'NONE', #9882 ) ;
#2915 = VECTOR ( 'NONE', #10047, 1000.000000000000000 ) ;
#2916 = DIRECTION ( 'NONE',  ( -1.000000000000000000, 0.000000000000000000, 0.000000000000000000 ) ) ;
#2917 = CARTESIAN_POINT ( 'NONE',  ( 8.999999999999740652, -2.557954394748249714E-13, 0.9999999999999991118 ) ) ;
#2918 = CARTESIAN_POINT ( 'NONE',  ( -10.38365893413621421, -4.942734678348405630, -12.71935795151302884 ) ) ;
#2919 = CARTESIAN_POINT ( 'NONE',  ( -4.560838738653274049, 4.560838738653186120, -9.400000000000000355 ) ) ;
#2920 = CARTESIAN_POINT ( 'NONE',  ( 5.444008590061111263, -8.625750681470073289, -12.96308752518299379 ) ) ;
#2921 = LINE ( 'NONE', #427, #2702 ) ;
#2922 = DIRECTION ( 'NONE',  ( -1.000000000000000000, 0.000000000000000000, 0.000000000000000000 ) ) ;
#2923 = EDGE_LOOP ( 'NONE', ( #1100 ) ) ;
#2924 = DIRECTION ( 'NONE',  ( 0.000000000000000000, 0.000000000000000000, 1.000000000000000000 ) ) ;
#2925 = VECTOR ( 'NONE', #51, 1000.000000000000000 ) ;
#2926 = DIRECTION ( 'NONE',  ( -0.7071067811865470176, 8.659560562354919300E-17, 0.7071067811865480168 ) ) ;
#2927 = CARTESIAN_POINT ( 'NONE',  ( -1.414213562372351296, -5.085786437626834910, -24.80000000000000782 ) ) ;
#2928 = DIRECTION ( 'NONE',  ( -3.750753461571474649E-15, 1.000000000000000000, 0.000000000000000000 ) ) ;
#2929 = DIRECTION ( 'NONE',  ( 0.000000000000000000, 0.000000000000000000, 1.000000000000000000 ) ) ;
#2930 = CARTESIAN_POINT ( 'NONE',  ( -3.883880205606359493, -10.82572612957025981, -13.75998642161001406 ) ) ;
#2931 = DIRECTION ( 'NONE',  ( 0.000000000000000000, 1.000000000000000000, 0.000000000000000000 ) ) ;
#2932 = DIRECTION ( 'NONE',  ( -0.7071067811865520136, 0.7071067811865429098, 7.542275982507856161E-16 ) ) ;
#2933 = DIRECTION ( 'NONE',  ( -2.358732868162723868E-16, -4.005228162516178885E-16, 1.000000000000000000 ) ) ;
#2934 = PLANE ( 'NONE',  #4338 ) ;
#2935 = AXIS2_PLACEMENT_3D ( 'NONE', #5261, #10034, #6223 ) ;
#2936 = EDGE_LOOP ( 'NONE', ( #6298, #7129, #10461, #4332, #5381, #5448, #7372, #1608, #6569, #6423, #10395, #1468, #201, #5484, #10291, #4054, #6235, #8903, #1400, #8160, #10306, #2075, #9825, #8145, #8112, #6366, #687, #8164, #5109, #8476, #1457, #943 ) ) ;
#2937 = EDGE_LOOP ( 'NONE', ( #3376, #1901, #4217, #7586, #3898, #5772 ) ) ;
#2938 = CARTESIAN_POINT ( 'NONE',  ( -1.850000000000000089, -10.70802861563070074, 4.933342624449380764 ) ) ;
#2939 = ORIENTED_EDGE ( 'NONE', *, *, #6645, .F. ) ;
#2940 = DIRECTION ( 'NONE',  ( 0.000000000000000000, 0.000000000000000000, 1.000000000000000000 ) ) ;
#2941 = CIRCLE ( 'NONE', #4660, 3.000000000000000444 ) ;
#2942 = CARTESIAN_POINT ( 'NONE',  ( 7.014059722449477619, 5.953399550669772999, -23.89363341178098210 ) ) ;
#2943 = CARTESIAN_POINT ( 'NONE',  ( 8.736832261726917181, -5.264014322783681088, -11.96875328475098321 ) ) ;
#2944 = CARTESIAN_POINT ( 'NONE',  ( 1.153074931050478202, 6.608359721094388739, -12.29999999999999361 ) ) ;
#2945 = ORIENTED_EDGE ( 'NONE', *, *, #7091, .T. ) ;
#2946 = EDGE_LOOP ( 'NONE', ( #9968, #721 ) ) ;
#2947 = CARTESIAN_POINT ( 'NONE',  ( -10.77567667446463950, 1.849999999999965228, 4.866675785184380487 ) ) ;
#2948 = CARTESIAN_POINT ( 'NONE',  ( -0.04999999999999939909, -2.200000000000000178, 7.299999999999999822 ) ) ;
#2949 = ORIENTED_EDGE ( 'NONE', *, *, #169, .F. ) ;
#2950 = CARTESIAN_POINT ( 'NONE',  ( -9.039764345786487354, -4.726508297589554708, -11.41913030894202485 ) ) ;
#2951 = AXIS2_PLACEMENT_3D ( 'NONE', #819, #12, #2859 ) ;
#2952 = ORIENTED_EDGE ( 'NONE', *, *, #2276, .F. ) ;
#2953 = DIRECTION ( 'NONE',  ( 0.000000000000000000, 0.000000000000000000, -1.000000000000000000 ) ) ;
#2954 = EDGE_CURVE ( 'NONE', #3096, #4820, #9380, .T. ) ;
#2955 = EDGE_CURVE ( 'NONE', #857, #3921, #6163, .T. ) ;
#2956 = DIRECTION ( 'NONE',  ( 0.7071067811865415775, 0.7071067811865535679, 1.669999999999998935E-15 ) ) ;
#2957 = DIRECTION ( 'NONE',  ( 1.503138155671783241E-15, 1.636415952796485298E-15, -1.000000000000000000 ) ) ;
#2958 = CIRCLE ( 'NONE', #3810, 6.799999999999999822 ) ;
#2959 = ORIENTED_EDGE ( 'NONE', *, *, #5354, .F. ) ;
#2960 = CYLINDRICAL_SURFACE ( 'NONE', #9884, 2.000000000000000000 ) ;
#2961 = PLANE ( 'NONE',  #591 ) ;
#2962 = ORIENTED_EDGE ( 'NONE', *, *, #7908, .T. ) ;
#2963 = DIRECTION ( 'NONE',  ( 0.000000000000000000, 0.000000000000000000, 1.000000000000000000 ) ) ;
#2964 = EDGE_LOOP ( 'NONE', ( #2507, #4946, #9127, #1053, #10079, #7146, #5539 ) ) ;
#2965 = VERTEX_POINT ( 'NONE', #228 ) ;
#2966 = CARTESIAN_POINT ( 'NONE',  ( 3.500000000000004885, 9.580709785814882196, -13.79999999999999005 ) ) ;
#2967 = FACE_OUTER_BOUND ( 'NONE', #3620, .T. ) ;
#2968 = VECTOR ( 'NONE', #5832, 1000.000000000000000 ) ;
#2969 = EDGE_CURVE ( 'NONE', #8659, #3189, #3565, .T. ) ;
#2970 = CARTESIAN_POINT ( 'NONE',  ( 1.850000000000000089, -10.64037123412524011, 5.000000000000000000 ) ) ;
#2971 = EDGE_CURVE ( 'NONE', #836, #2581, #9458, .T. ) ;
#2972 = LINE ( 'NONE', #2155, #8408 ) ;
#2973 = CARTESIAN_POINT ( 'NONE',  ( -2.262741699796972483, 2.262741699796930739, -22.40000000000000213 ) ) ;
#2974 = CARTESIAN_POINT ( 'NONE',  ( 4.613763703059219345, -5.144591483210173344, -27.06307265268099371 ) ) ;
#2975 = FACE_OUTER_BOUND ( 'NONE', #4559, .T. ) ;
#2976 = EDGE_CURVE ( 'NONE', #7088, #4036, #2882, .T. ) ;
#2977 = EDGE_LOOP ( 'NONE', ( #5453, #5540, #6098, #3046 ) ) ;
#2978 = CARTESIAN_POINT ( 'NONE',  ( 6.049441401588648404, 2.377868526379541603, -27.29999999999998295 ) ) ;
#2979 = LINE ( 'NONE', #5467, #5994 ) ;
#2980 = CIRCLE ( 'NONE', #7776, 0.7999999999999999334 ) ;
#2981 = DIRECTION ( 'NONE',  ( 0.000000000000000000, 0.000000000000000000, 1.000000000000000000 ) ) ;
#2982 = CARTESIAN_POINT ( 'NONE',  ( 4.602682622559123971, -10.53885249846441496, -13.31872593555399398 ) ) ;
#2983 = CARTESIAN_POINT ( 'NONE',  ( -1.005584667363598195, -3.395512396590449899, 7.299999999999999822 ) ) ;
#2984 = DIRECTION ( 'NONE',  ( -0.7071067811865522357, 0.7071067811865427988, -1.810146235801885321E-15 ) ) ;
#2985 = CARTESIAN_POINT ( 'NONE',  ( 4.587538177669067352, 3.526878005889320988, -24.79999999999999005 ) ) ;
#2986 = VERTEX_POINT ( 'NONE', #6961 ) ;
#2987 = CARTESIAN_POINT ( 'NONE',  ( -3.613257764340464195, 9.539334752913982030, -10.80000000871000942 ) ) ;
#2988 = AXIS2_PLACEMENT_3D ( 'NONE', #1241, #2069, #4547 ) ;
#2989 = CARTESIAN_POINT ( 'NONE',  ( 2.121320343559648158, -2.121320343559628174, -22.45857864376269575 ) ) ;
#2990 = ORIENTED_EDGE ( 'NONE', *, *, #7533, .F. ) ;
#2991 = CARTESIAN_POINT ( 'NONE',  ( -5.567008813656054045, -4.621820856511266840, -26.87537298894701721 ) ) ;
#2992 = VERTEX_POINT ( 'NONE', #2750 ) ;
#2993 = DIRECTION ( 'NONE',  ( 0.000000000000000000, 0.000000000000000000, 1.000000000000000000 ) ) ;
#2994 = CARTESIAN_POINT ( 'NONE',  ( -4.339082334305217614, -9.231280351169420584, -11.05459733344701512 ) ) ;
#2995 = CARTESIAN_POINT ( 'NONE',  ( 4.982809172819093746, 10.36445747605913859, -12.04648029631898254 ) ) ;
#2996 = CC_DESIGN_PERSON_AND_ORGANIZATION_ASSIGNMENT ( #7622, #6094, ( #2360 ) ) ;
#2997 = CARTESIAN_POINT ( 'NONE',  ( -4.389335457365872273, -10.62964811897497164, -11.08898333717001350 ) ) ;
#2998 = AXIS2_PLACEMENT_3D ( 'NONE', #7256, #7462, #1650 ) ;
#2999 = ORIENTED_EDGE ( 'NONE', *, *, #9830, .F. ) ;
#3000 = ORIENTED_EDGE ( 'NONE', *, *, #6308, .T. ) ;
#3001 = CARTESIAN_POINT ( 'NONE',  ( -0.6099076439117319115, -2.299999999999999822, 7.299999999999999822 ) ) ;
#3002 = CARTESIAN_POINT ( 'NONE',  ( 9.452826095556977393, -3.835190777679732932, -10.83041380021797906 ) ) ;
#3003 = ORIENTED_EDGE ( 'NONE', *, *, #4081, .F. ) ;
#3004 = ADVANCED_FACE ( 'NONE', ( #5252 ), #3777, .T. ) ;
#3005 = ORIENTED_EDGE ( 'NONE', *, *, #895, .T. ) ;
#3006 = VECTOR ( 'NONE', #3912, 1000.000000000000000 ) ;
#3007 = ADVANCED_FACE ( 'NONE', ( #2867 ), #6168, .F. ) ;
#3008 = FACE_OUTER_BOUND ( 'NONE', #5404, .T. ) ;
#3009 = CARTESIAN_POINT ( 'NONE',  ( -4.838856925422120092, -5.899517097202026328, -24.80000000000001492 ) ) ;
#3010 = EDGE_LOOP ( 'NONE', ( #1610 ) ) ;
#3011 = ORIENTED_EDGE ( 'NONE', *, *, #9700, .T. ) ;
#3012 = LINE ( 'NONE', #10369, #10222 ) ;
#3013 = VECTOR ( 'NONE', #3585, 1000.000000000000000 ) ;
#3014 = ORIENTED_EDGE ( 'NONE', *, *, #9435, .F. ) ;
#3015 = ORIENTED_EDGE ( 'NONE', *, *, #3407, .T. ) ;
#3016 = EDGE_CURVE ( 'NONE', #5706, #7555, #9662, .T. ) ;
#3017 = ORIENTED_EDGE ( 'NONE', *, *, #720, .F. ) ;
#3018 = CARTESIAN_POINT ( 'NONE',  ( 0.000000000000000000, 0.000000000000000000, -2.200000000000000178 ) ) ;
#3019 = CARTESIAN_POINT ( 'NONE',  ( 1.850000000000000089, -10.77567667446463950, 4.866675785184370717 ) ) ;
#3020 = AXIS2_PLACEMENT_3D ( 'NONE', #684, #6351, #5406 ) ;
#3021 = DIRECTION ( 'NONE',  ( 0.000000000000000000, 0.000000000000000000, -1.000000000000000000 ) ) ;
#3022 = DIRECTION ( 'NONE',  ( 0.000000000000000000, 0.000000000000000000, -1.000000000000000000 ) ) ;
#3023 = FACE_BOUND ( 'NONE', #3197, .T. ) ;
#3024 = VERTEX_POINT ( 'NONE', #2919 ) ;
#3025 = CARTESIAN_POINT ( 'NONE',  ( -5.868986283848391494, 4.808326112068472824, -24.80000000000001137 ) ) ;
#3026 = FACE_OUTER_BOUND ( 'NONE', #2780, .T. ) ;
#3027 = ORIENTED_EDGE ( 'NONE', *, *, #6069, .T. ) ;
#3028 = VECTOR ( 'NONE', #4150, 1000.000000000000114 ) ;
#3029 = EDGE_CURVE ( 'NONE', #1800, #9642, #3405, .T. ) ;
#3030 = CARTESIAN_POINT ( 'NONE',  ( 2.121320343559568666, 6.363961030678938258, -19.59999999999999432 ) ) ;
#3031 = FACE_BOUND ( 'NONE', #4601, .T. ) ;
#3032 = CARTESIAN_POINT ( 'NONE',  ( -4.443000087304013412, 10.60727770931984182, -11.13063113053700270 ) ) ;
#3033 = CARTESIAN_POINT ( 'NONE',  ( -2.679756133823609093E-15, -2.821534623807725363E-15, -23.80000000000000071 ) ) ;
#3034 = CIRCLE ( 'NONE', #7330, 1.850000000000000089 ) ;
#3035 = LINE ( 'NONE', #6315, #5546 ) ;
#3036 = CARTESIAN_POINT ( 'NONE',  ( -0.7363961030679099240, 0.7363961030678848330, -22.50000000000000355 ) ) ;
#3037 = FACE_OUTER_BOUND ( 'NONE', #5996, .T. ) ;
#3038 = LINE ( 'NONE', #2985, #9639 ) ;
#3039 = LINE ( 'NONE', #8763, #151 ) ;
#3040 = VERTEX_POINT ( 'NONE', #2265 ) ;
#3041 = CARTESIAN_POINT ( 'NONE',  ( -6.363961030678923159, -2.121320343559694788, -22.45857864376270996 ) ) ;
#3042 = ORIENTED_EDGE ( 'NONE', *, *, #3812, .T. ) ;
#3043 = DIRECTION ( 'NONE',  ( -2.405628631302114965E-16, 1.000000000000000000, 0.000000000000000000 ) ) ;
#3044 = AXIS2_PLACEMENT_3D ( 'NONE', #2118, #7115, #2809 ) ;
#3045 = ORIENTED_EDGE ( 'NONE', *, *, #6460, .F. ) ;
#3046 = ORIENTED_EDGE ( 'NONE', *, *, #4583, .F. ) ;
#3047 = DIRECTION ( 'NONE',  ( 6.182342530834563297E-16, 4.848523255675577670E-16, -1.000000000000000000 ) ) ;
#3048 = LINE ( 'NONE', #5382, #6683 ) ;
#3049 = ADVANCED_FACE ( 'NONE', ( #1445 ), #9770, .F. ) ;
#3050 = CARTESIAN_POINT ( 'NONE',  ( -5.093865147111840539E-13, -9.000000000000000000, -9.199999999999999289 ) ) ;
#3051 = CARTESIAN_POINT ( 'NONE',  ( 4.443000087300933210, 10.60727770931709024, -13.46936886946298806 ) ) ;
#3052 = EDGE_LOOP ( 'NONE', ( #8445, #7572, #2315, #956 ) ) ;
#3053 = DIRECTION ( 'NONE',  ( 1.000000000000000000, 0.000000000000000000, 0.000000000000000000 ) ) ;
#3054 = ORIENTED_EDGE ( 'NONE', *, *, #8267, .T. ) ;
#3055 = AXIS2_PLACEMENT_3D ( 'NONE', #10503, #10399, #10560 ) ;
#3056 = FACE_OUTER_BOUND ( 'NONE', #18, .T. ) ;
#3057 = EDGE_LOOP ( 'NONE', ( #7354, #6535, #6575, #6696 ) ) ;
#3058 = CARTESIAN_POINT ( 'NONE',  ( -1.114639100015544448, -6.388081063724594166, -9.400000000000007461 ) ) ;
#3059 = CARTESIAN_POINT ( 'NONE',  ( -9.000000000000248690, 2.546932573555920269E-13, 0.9999999999999991118 ) ) ;
#3060 = CARTESIAN_POINT ( 'NONE',  ( 10.86979444866858913, 3.758580805409368786, -10.81351115747697378 ) ) ;
#3061 = VECTOR ( 'NONE', #7803, 1000.000000000000000 ) ;
#3062 = CYLINDRICAL_SURFACE ( 'NONE', #1198, 2.000000000000000000 ) ;
#3063 = DIRECTION ( 'NONE',  ( 0.000000000000000000, 0.000000000000000000, -1.000000000000000000 ) ) ;
#3064 = ORIENTED_EDGE ( 'NONE', *, *, #8991, .F. ) ;
#3065 = LINE ( 'NONE', #3920, #8326 ) ;
#3066 = ORIENTED_EDGE ( 'NONE', *, *, #389, .T. ) ;
#3067 = PLANE ( 'NONE',  #4272 ) ;
#3068 = ORIENTED_EDGE ( 'NONE', *, *, #523, .F. ) ;
#3069 = DIRECTION ( 'NONE',  ( 0.000000000000000000, 0.000000000000000000, -1.000000000000000000 ) ) ;
#3070 = VECTOR ( 'NONE', #7960, 1000.000000000000000 ) ;
#3071 = VECTOR ( 'NONE', #7814, 1000.000000000000000 ) ;
#3072 = VERTEX_POINT ( 'NONE', #2378 ) ;
#3073 = EDGE_CURVE ( 'NONE', #4976, #3427, #3939, .T. ) ;
#3074 = CARTESIAN_POINT ( 'NONE',  ( -7.014059722449492718, -5.953399550669776552, -23.89363341178102118 ) ) ;
#3075 = ORIENTED_EDGE ( 'NONE', *, *, #725, .F. ) ;
#3076 = CARTESIAN_POINT ( 'NONE',  ( 9.122917920056909935, -7.001597576538188150, -11.29999999999997939 ) ) ;
#3077 = DIRECTION ( 'NONE',  ( 1.000000000000000000, 0.000000000000000000, 0.000000000000000000 ) ) ;
#3078 = VECTOR ( 'NONE', #1164, 1000.000000000000000 ) ;
#3079 = ADVANCED_FACE ( 'NONE', ( #4813 ), #7269, .F. ) ;
#3080 = VERTEX_POINT ( 'NONE', #2320 ) ;
#3081 = DIRECTION ( 'NONE',  ( -0.7071067811865550112, 0.7071067811865399122, -2.312964634635742267E-15 ) ) ;
#3082 = PLANE ( 'NONE',  #7343 ) ;
#3083 = EDGE_LOOP ( 'NONE', ( #6874, #4309, #3068, #9717 ) ) ;
#3084 = DIRECTION ( 'NONE',  ( -0.7071067811865421326, -0.7071067811865529018, -2.168404344971009262E-15 ) ) ;
#3085 = DIRECTION ( 'NONE',  ( -0.7071067811703433126, 0.7071067812027518329, -1.514213562327257365E-15 ) ) ;
#3086 = DIRECTION ( 'NONE',  ( -1.156149796254212418E-16, -5.207811234424668642E-16, 1.000000000000000000 ) ) ;
#3087 = DIRECTION ( 'NONE',  ( 0.000000000000000000, 0.000000000000000000, 1.000000000000000000 ) ) ;
#3088 = CIRCLE ( 'NONE', #5856, 9.199999999999999289 ) ;
#3089 = DIRECTION ( 'NONE',  ( 0.000000000000000000, 0.000000000000000000, 1.000000000000000000 ) ) ;
#3090 = DIRECTION ( 'NONE',  ( 1.000000000000000000, 0.000000000000000000, 0.000000000000000000 ) ) ;
#3091 = EDGE_CURVE ( 'NONE', #1204, #7450, #4266, .T. ) ;
#3092 = CARTESIAN_POINT ( 'NONE',  ( -0.7778174593052201713, 0.7778174593051941921, -22.50000000000000355 ) ) ;
#3093 = CARTESIAN_POINT ( 'NONE',  ( -4.119458171933469307E-15, -7.745793616376744632E-15, -8.599999999999999645 ) ) ;
#3094 = CARTESIAN_POINT ( 'NONE',  ( 5.899470213266122087, -8.321938470575963365, -11.31371314462798949 ) ) ;
#3095 = CARTESIAN_POINT ( 'NONE',  ( 9.625014102821893403, -6.294012760067584367, -12.83099825946698047 ) ) ;
#3096 = VERTEX_POINT ( 'NONE', #7426 ) ;
#3097 = CARTESIAN_POINT ( 'NONE',  ( -1.355497403577985871, -2.432350908723610150, 7.299999999999999822 ) ) ;
#3098 = DIRECTION ( 'NONE',  ( 0.000000000000000000, 0.000000000000000000, 1.000000000000000000 ) ) ;
#3099 = CARTESIAN_POINT ( 'NONE',  ( -0.8375558018636625190, 0.6189173773547858026, -12.40000000000000213 ) ) ;
#3100 = CARTESIAN_POINT ( 'NONE',  ( -4.808326112068574965, 5.868986283848303565, -26.67232776209101175 ) ) ;
#3101 = ADVANCED_FACE ( 'NONE', ( #3458 ), #1832, .F. ) ;
#3102 = CARTESIAN_POINT ( 'NONE',  ( -4.647279604265358799, -5.046756922887674079, -27.09186954811301362 ) ) ;
#3103 = CARTESIAN_POINT ( 'NONE',  ( 7.014059722449570877, -5.953399550669658424, -20.79999999999998650 ) ) ;
#3104 = VERTEX_POINT ( 'NONE', #1609 ) ;
#3105 = ORIENTED_EDGE ( 'NONE', *, *, #8913, .T. ) ;
#3106 = CARTESIAN_POINT ( 'NONE',  ( -8.076770987746019870, -4.405198112628863960, -23.89363341178102473 ) ) ;
#3107 = CARTESIAN_POINT ( 'NONE',  ( 4.745553208467449657, 10.47522870117532712, -11.46315796662099018 ) ) ;
#3108 = CARTESIAN_POINT ( 'NONE',  ( 4.851528696805351260, 4.767137703045881025, -27.12588195420698867 ) ) ;
#3109 = AXIS2_PLACEMENT_3D ( 'NONE', #9963, #8480, #1104 ) ;
#3110 = EDGE_CURVE ( 'NONE', #2081, #638, #5472, .T. ) ;
#3111 = CARTESIAN_POINT ( 'NONE',  ( -4.117319227893797340, -10.73827272567102220, -10.92764461203401716 ) ) ;
#3112 = EDGE_LOOP ( 'NONE', ( #10081 ) ) ;
#3113 = CARTESIAN_POINT ( 'NONE',  ( -4.553502990262137118, 9.127281619482586095, -13.36902696267500801 ) ) ;
#3114 = EDGE_LOOP ( 'NONE', ( #4673 ) ) ;
#3115 = CARTESIAN_POINT ( 'NONE',  ( -0.7071067811865722197, 0.7071067811865382469, -19.60000000000000142 ) ) ;
#3116 = EDGE_CURVE ( 'NONE', #5793, #6342, #811, .T. ) ;
#3117 = ORIENTED_EDGE ( 'NONE', *, *, #10048, .T. ) ;
#3118 = CONICAL_SURFACE ( 'NONE', #7549, 1.050000000000000044, 0.7853981633974574939 ) ;
#3119 = CARTESIAN_POINT ( 'NONE',  ( 5.978532735505782014, 3.042555887816219773, -9.499999999999987566 ) ) ;
#3120 = LINE ( 'NONE', #7981, #7345 ) ;
#3121 = CARTESIAN_POINT ( 'NONE',  ( 10.50788871920141432, 4.672900428227318770, -11.36290054706297425 ) ) ;
#3122 = CARTESIAN_POINT ( 'NONE',  ( 0.000000000000000000, 0.000000000000000000, 3.000000000000000000 ) ) ;
#3123 = FACE_OUTER_BOUND ( 'NONE', #1644, .T. ) ;
#3124 = CARTESIAN_POINT ( 'NONE',  ( -1.180843325219259025E-14, -2.065001794687548269E-15, -22.40000000000000213 ) ) ;
#3125 = ORIENTED_EDGE ( 'NONE', *, *, #70, .F. ) ;
#3126 = DIRECTION ( 'NONE',  ( -0.7071067811865480168, 0.000000000000000000, -0.7071067811865470176 ) ) ;
#3127 = EDGE_LOOP ( 'NONE', ( #7933 ) ) ;
#3128 = DIRECTION ( 'NONE',  ( -0.7071067811703430905, 0.7071067812027518329, -1.304213562327257108E-15 ) ) ;
#3129 = CARTESIAN_POINT ( 'NONE',  ( -0.04999999999999929501, -3.200000000000000178, 7.700000000000000178 ) ) ;
#3130 = AXIS2_PLACEMENT_3D ( 'NONE', #588, #4598, #3891 ) ;
#3131 = ORIENTED_EDGE ( 'NONE', *, *, #3016, .T. ) ;
#3132 = B_SPLINE_CURVE_WITH_KNOTS ( 'NONE', 3,
 ( #2423, #5726, #8967, #1599 ),
 .UNSPECIFIED., .F., .F.,
 ( 4, 4 ),
 ( 0.000000000000000000, 0.0002849325233932095257 ),
 .UNSPECIFIED. ) ;
#3133 = VERTEX_POINT ( 'NONE', #8325 ) ;
#3134 = CARTESIAN_POINT ( 'NONE',  ( -2.788373029032428409E-15, -5.343354954612831246E-15, -14.40000000000000213 ) ) ;
#3135 = ORIENTED_EDGE ( 'NONE', *, *, #8704, .T. ) ;
#3136 = CARTESIAN_POINT ( 'NONE',  ( 1.850000000000000089, -10.84331591350174051, 4.799999999999999822 ) ) ;
#3137 = AXIS2_PLACEMENT_3D ( 'NONE', #451, #7080, #8778 ) ;
#3138 = CARTESIAN_POINT ( 'NONE',  ( 4.767439941463536890, 5.824821486132689685, -26.70701141861998806 ) ) ;
#3139 = CARTESIAN_POINT ( 'NONE',  ( -10.44572755166644740, -4.810145786916512733, -13.03223556237102798 ) ) ;
#3140 = ADVANCED_FACE ( 'NONE', ( #4270 ), #166, .F. ) ;
#3141 = CARTESIAN_POINT ( 'NONE',  ( 2.616295090390203804, 2.616295090390247768, -27.09999999999999432 ) ) ;
#3142 = CARTESIAN_POINT ( 'NONE',  ( 9.299281342802867556, 4.191262062583276382, -13.63249213252597514 ) ) ;
#3143 = FACE_OUTER_BOUND ( 'NONE', #8683, .T. ) ;
#3144 = DIRECTION ( 'NONE',  ( 0.000000000000000000, 0.000000000000000000, 1.000000000000000000 ) ) ;
#3145 = ORIENTED_EDGE ( 'NONE', *, *, #1145, .T. ) ;
#3146 = EDGE_CURVE ( 'NONE', #8780, #5231, #1174, .T. ) ;
#3147 = CARTESIAN_POINT ( 'NONE',  ( 0.9297727481329148835, -3.418388204805220099, 7.700000000000000178 ) ) ;
#3148 = LINE ( 'NONE', #8010, #3152 ) ;
#3149 = CARTESIAN_POINT ( 'NONE',  ( -4.830306952754295224, 10.43640145250294538, -11.60593206260601029 ) ) ;
#3150 = DIRECTION ( 'NONE',  ( 0.000000000000000000, 0.000000000000000000, -1.000000000000000000 ) ) ;
#3151 = EDGE_CURVE ( 'NONE', #744, #5275, #7969, .T. ) ;
#3152 = VECTOR ( 'NONE', #3941, 1000.000000000000000 ) ;
#3153 = CARTESIAN_POINT ( 'NONE',  ( 2.333452377915587572, 0.7778174593052181729, -22.50000000000000000 ) ) ;
#3154 = DIRECTION ( 'NONE',  ( 3.030882154335502291E-15, 5.641916787523942882E-16, -1.000000000000000000 ) ) ;
#3155 = CARTESIAN_POINT ( 'NONE',  ( 5.556597616103125858, -8.553696174123949447, -11.51344351169999314 ) ) ;
#3156 = CARTESIAN_POINT ( 'NONE',  ( 9.697101985642733624, -6.181944099898569078, -12.51918728550997884 ) ) ;
#3157 = ORIENTED_EDGE ( 'NONE', *, *, #8418, .T. ) ;
#3158 = FACE_OUTER_BOUND ( 'NONE', #3882, .T. ) ;
#3159 = DIRECTION ( 'NONE',  ( -0.7071067811865520136, 0.7071067811865429098, 1.508455196501571183E-16 ) ) ;
#3160 = CARTESIAN_POINT ( 'NONE',  ( -4.677164644546036421, -4.984688990355823357, -27.10635783477601279 ) ) ;
#3161 = AXIS2_PLACEMENT_3D ( 'NONE', #6658, #2557, #9981 ) ;
#3162 = ADVANCED_FACE ( 'NONE', ( #2967 ), #6357, .F. ) ;
#3163 = VERTEX_POINT ( 'NONE', #3929 ) ;
#3164 = EDGE_LOOP ( 'NONE', ( #8931, #8976, #665, #2357, #9596, #5720 ) ) ;
#3165 = CARTESIAN_POINT ( 'NONE',  ( 0.000000000000000000, 0.000000000000000000, 1.000000000000000000 ) ) ;
#3166 = CARTESIAN_POINT ( 'NONE',  ( -1.250000000000000000, 9.000000000000000000, 0.9999999999999991118 ) ) ;
#3167 = CIRCLE ( 'NONE', #5077, 0.8000000000000003775 ) ;
#3168 = ORIENTED_EDGE ( 'NONE', *, *, #5676, .F. ) ;
#3169 = LINE ( 'NONE', #1527, #1050 ) ;
#3170 = EDGE_CURVE ( 'NONE', #3933, #3933, #8615, .T. ) ;
#3171 = CARTESIAN_POINT ( 'NONE',  ( -3.752839123099705686E-15, -7.207315985291726747E-15, -9.900000000000002132 ) ) ;
#3172 = CARTESIAN_POINT ( 'NONE',  ( -9.127278213359236503, 4.553509772130151845, -13.36901997670602071 ) ) ;
#3173 = ADVANCED_FACE ( 'NONE', ( #1434 ), #4634, .T. ) ;
#3174 = VERTEX_POINT ( 'NONE', #4803 ) ;
#3175 = ADVANCED_FACE ( 'NONE', ( #2367 ), #544, .T. ) ;
#3176 = EDGE_CURVE ( 'NONE', #4070, #4177, #9269, .T. ) ;
#3177 = CARTESIAN_POINT ( 'NONE',  ( 7.163961030679040221, 6.363961030679200270, 5.000000000000000000 ) ) ;
#3178 = CARTESIAN_POINT ( 'NONE',  ( -5.732159017293753323, 4.698791022307304388, -26.77351469059301081 ) ) ;
#3179 = AXIS2_PLACEMENT_3D ( 'NONE', #2034, #3971, #5712 ) ;
#3180 = CARTESIAN_POINT ( 'NONE',  ( -9.000000000000000000, -1.850000000000030065, 3.000000000000000000 ) ) ;
#3181 = LINE ( 'NONE', #7307, #9457 ) ;
#3182 = FACE_OUTER_BOUND ( 'NONE', #10426, .T. ) ;
#3183 = CARTESIAN_POINT ( 'NONE',  ( 9.000000000000000000, -1.049999999999906120, 3.000000000000000000 ) ) ;
#3184 = ORIENTED_EDGE ( 'NONE', *, *, #3740, .T. ) ;
#3185 = VERTEX_POINT ( 'NONE', #1906 ) ;
#3186 = DIRECTION ( 'NONE',  ( -2.960024404117000301E-16, -3.403936626561912313E-16, 1.000000000000000000 ) ) ;
#3187 = ORIENTED_EDGE ( 'NONE', *, *, #5455, .T. ) ;
#3188 = DIRECTION ( 'NONE',  ( 0.000000000000000000, 0.000000000000000000, -1.000000000000000000 ) ) ;
#3189 = VERTEX_POINT ( 'NONE', #6577 ) ;
#3190 = ORIENTED_EDGE ( 'NONE', *, *, #3146, .T. ) ;
#3191 = DIRECTION ( 'NONE',  ( 8.029753876452289242E-16, -1.000000000000000000, 0.000000000000000000 ) ) ;
#3192 = AXIS2_PLACEMENT_3D ( 'NONE', #5612, #3331, #7451 ) ;
#3193 = VERTEX_POINT ( 'NONE', #5777 ) ;
#3194 = CARTESIAN_POINT ( 'NONE',  ( 4.787229480397371617, -4.829422743739675283, -27.12679491924299313 ) ) ;
#3195 = FACE_OUTER_BOUND ( 'NONE', #3164, .T. ) ;
#3196 = EDGE_LOOP ( 'NONE', ( #8699 ) ) ;
#3197 = EDGE_LOOP ( 'NONE', ( #5855, #7294 ) ) ;
#3198 = AXIS2_PLACEMENT_3D ( 'NONE', #4496, #287, #6071 ) ;
#3199 = CARTESIAN_POINT ( 'NONE',  ( -2.092031021678331548, 2.092031021678276037, -19.50000000000000711 ) ) ;
#3200 = FACE_BOUND ( 'NONE', #7140, .T. ) ;
#3201 = CARTESIAN_POINT ( 'NONE',  ( 5.833630944789019779, -5.833630944789019779, 0.9999999999999991118 ) ) ;
#3202 = DIRECTION ( 'NONE',  ( -1.000000000000000000, 0.000000000000000000, 0.000000000000000000 ) ) ;
#3203 = FACE_OUTER_BOUND ( 'NONE', #7994, .T. ) ;
#3204 = VERTEX_POINT ( 'NONE', #5027 ) ;
#3205 = FACE_OUTER_BOUND ( 'NONE', #2364, .T. ) ;
#3206 = CARTESIAN_POINT ( 'NONE',  ( 10.64037123412525965, -1.849999999999890177, 5.000000000000000000 ) ) ;
#3207 = ORIENTED_EDGE ( 'NONE', *, *, #3170, .F. ) ;
#3208 = EDGE_CURVE ( 'NONE', #8810, #8810, #8968, .T. ) ;
#3209 = FACE_OUTER_BOUND ( 'NONE', #1718, .T. ) ;
#3210 = ORIENTED_EDGE ( 'NONE', *, *, #8690, .T. ) ;
#3211 = CARTESIAN_POINT ( 'NONE',  ( -1.134451995881015085, 1.500000000000000000, 31.82463053613946613 ) ) ;
#3212 = AXIS2_PLACEMENT_3D ( 'NONE', #3540, #2726, #10055 ) ;
#3213 = EDGE_CURVE ( 'NONE', #4965, #4508, #3132, .T. ) ;
#3214 = ORIENTED_EDGE ( 'NONE', *, *, #6496, .T. ) ;
#3215 = CARTESIAN_POINT ( 'NONE',  ( -7.584086097669266557, 8.644746269448939202, -23.80000000000001492 ) ) ;
#3216 = CARTESIAN_POINT ( 'NONE',  ( 4.280525534658798037, 10.67384538559437424, -11.01736803844899093 ) ) ;
#3217 = CARTESIAN_POINT ( 'NONE',  ( 0.000000000000000000, -0.2000000000000000111, 7.700000000000000178 ) ) ;
#3218 = CARTESIAN_POINT ( 'NONE',  ( -1.524192641962573264E-15, -1.233523804664961189E-15, -24.80000000000000426 ) ) ;
#3219 = ORIENTED_EDGE ( 'NONE', *, *, #7837, .T. ) ;
#3220 = ADVANCED_FACE ( 'NONE', ( #803 ), #1227, .F. ) ;
#3221 = DIRECTION ( 'NONE',  ( 0.000000000000000000, 0.000000000000000000, 1.000000000000000000 ) ) ;
#3222 = CARTESIAN_POINT ( 'NONE',  ( -4.405198112628731621, -8.076770987746087371, -23.89363341178101763 ) ) ;
#3223 = CARTESIAN_POINT ( 'NONE',  ( 9.253527280921769460, -4.291545164743475027, -11.02356164569198427 ) ) ;
#3224 = ORIENTED_EDGE ( 'NONE', *, *, #3997, .T. ) ;
#3225 = CARTESIAN_POINT ( 'NONE',  ( -0.4002789528460002355, -2.294028981082056884, -9.400000000000005684 ) ) ;
#3226 = CARTESIAN_POINT ( 'NONE',  ( 10.86979445979562975, 3.758580748829515095, -13.78648879875497357 ) ) ;
#3227 = ADVANCED_FACE ( 'NONE', ( #7123, #2885 ), #7911, .F. ) ;
#3228 = DIRECTION ( 'NONE',  ( 0.000000000000000000, 0.000000000000000000, 1.000000000000000000 ) ) ;
#3229 = DIRECTION ( 'NONE',  ( 0.000000000000000000, 0.000000000000000000, -1.000000000000000000 ) ) ;
#3230 = AXIS2_PLACEMENT_3D ( 'NONE', #2508, #7498, #9100 ) ;
#3231 = LINE ( 'NONE', #9698, #2595 ) ;
#3232 = ORIENTED_EDGE ( 'NONE', *, *, #1353, .T. ) ;
#3233 = EDGE_CURVE ( 'NONE', #2596, #2203, #8115, .T. ) ;
#3234 = CARTESIAN_POINT ( 'NONE',  ( 2.377868526379541603, -6.049441401588648404, -27.30000000000000426 ) ) ;
#3235 = ORIENTED_EDGE ( 'NONE', *, *, #10468, .T. ) ;
#3236 = CARTESIAN_POINT ( 'NONE',  ( 10.41701629594644629, -4.871965794507900682, -11.69250292241297551 ) ) ;
#3237 = ORIENTED_EDGE ( 'NONE', *, *, #9386, .F. ) ;
#3238 = ORIENTED_EDGE ( 'NONE', *, *, #389, .F. ) ;
#3239 = EDGE_LOOP ( 'NONE', ( #453 ) ) ;
#3240 = CARTESIAN_POINT ( 'NONE',  ( 1.414213562372425459, -5.085786437626811818, -24.80000000000000071 ) ) ;
#3241 = PLANE ( 'NONE',  #4346 ) ;
#3242 = CARTESIAN_POINT ( 'NONE',  ( -10.86979445980913717, -3.758580748777909264, -10.81351120128603149 ) ) ;
#3243 = ADVANCED_FACE ( 'NONE', ( #5541 ), #347, .F. ) ;
#3244 = CARTESIAN_POINT ( 'NONE',  ( -7.707463914933437188, 7.707463914933295079, -9.400000000000000355 ) ) ;
#3245 = ADVANCED_FACE ( 'NONE', ( #4553 ), #8564, .T. ) ;
#3246 = CIRCLE ( 'NONE', #2200, 11.50000000000000178 ) ;
#3247 = CIRCLE ( 'NONE', #4614, 10.80000000000000071 ) ;
#3248 = CARTESIAN_POINT ( 'NONE',  ( -3.597178207935918439E-14, -6.171782079359285492E-15, -12.40000000000000213 ) ) ;
#3249 = ORIENTED_EDGE ( 'NONE', *, *, #9633, .T. ) ;
#3250 = VERTEX_POINT ( 'NONE', #8188 ) ;
#3251 = AXIS2_PLACEMENT_3D ( 'NONE', #4383, #6007, #1232 ) ;
#3252 = DIRECTION ( 'NONE',  ( -1.000000000000000000, 0.000000000000000000, 0.000000000000000000 ) ) ;
#3253 = CIRCLE ( 'NONE', #1510, 3.000000000000000000 ) ;
#3254 = DIRECTION ( 'NONE',  ( 2.491995308303619233E-15, 4.919953083036273601E-16, -1.000000000000000000 ) ) ;
#3255 = CARTESIAN_POINT ( 'NONE',  ( 0.000000000000000000, 0.000000000000000000, 1.000000000000000000 ) ) ;
#3256 = ORIENTED_EDGE ( 'NONE', *, *, #5032, .T. ) ;
#3257 = DIRECTION ( 'NONE',  ( 0.7071067811865410224, 0.7071067811865541231, 1.734723475976806700E-15 ) ) ;
#3258 = CARTESIAN_POINT ( 'NONE',  ( -4.613763703059132304, -5.144591483210251504, -27.06307265268101503 ) ) ;
#3259 = AXIS2_PLACEMENT_3D ( 'NONE', #6376, #3154, #2328 ) ;
#3260 = ORIENTED_EDGE ( 'NONE', *, *, #10581, .T. ) ;
#3261 = CARTESIAN_POINT ( 'NONE',  ( 0.000000000000000000, -0.2000000000000000111, 7.700000000000000178 ) ) ;
#3262 = CARTESIAN_POINT ( 'NONE',  ( 0.1499999999999999944, -2.144222209522359979, 7.299999999999999822 ) ) ;
#3263 = EDGE_LOOP ( 'NONE', ( #9481, #1255, #6207, #3489, #4710, #888, #10112, #1367, #3818, #6177, #8883, #9342, #4720, #280, #6940, #2099, #6093, #452, #3811, #8772, #6229, #502, #9456, #6996, #2417, #2170, #9766, #9749, #5808, #5510, #2414, #4930, #4839, #8845, #1742, #3271, #9132 ) ) ;
#3264 = CARTESIAN_POINT ( 'NONE',  ( 4.291545164743591378, -9.253527280921741038, -13.57643835430799406 ) ) ;
#3265 = CARTESIAN_POINT ( 'NONE',  ( 0.8554974035779859820, -2.918570247845604815, 7.700000000000000178 ) ) ;
#3266 = CARTESIAN_POINT ( 'NONE',  ( 4.898284846202329845, 4.730409103947744498, -27.12133830928298650 ) ) ;
#3267 = CARTESIAN_POINT ( 'NONE',  ( -4.904570347089527438, -10.40169708268449256, -11.77273424909801669 ) ) ;
#3268 = CARTESIAN_POINT ( 'NONE',  ( -2.332304605486770210, 1.723471852751111477, -12.40000000000000568 ) ) ;
#3269 = EDGE_CURVE ( 'NONE', #4577, #5806, #9680, .T. ) ;
#3270 = AXIS2_PLACEMENT_3D ( 'NONE', #10347, #1354, #1523 ) ;
#3271 = ORIENTED_EDGE ( 'NONE', *, *, #9806, .F. ) ;
#3272 = CARTESIAN_POINT ( 'NONE',  ( -4.907905048204482590, 8.942095008309419057, -12.86824495793301004 ) ) ;
#3273 = CARTESIAN_POINT ( 'NONE',  ( 0.000000000000000000, 0.000000000000000000, 0.9999999999999991118 ) ) ;
#3274 = ORIENTED_EDGE ( 'NONE', *, *, #3990, .F. ) ;
#3275 = CARTESIAN_POINT ( 'NONE',  ( 1.992844245168569284, 1.014185295938734743, -9.441421356237311713 ) ) ;
#3276 = CARTESIAN_POINT ( 'NONE',  ( -5.702213981330487513, 4.681752866338438679, -26.79312134540701251 ) ) ;
#3277 = CIRCLE ( 'NONE', #1191, 2.449999999999999734 ) ;
#3278 = EDGE_CURVE ( 'NONE', #108, #10114, #4711, .T. ) ;
#3279 = CARTESIAN_POINT ( 'NONE',  ( 5.833630944789019779, -5.833630944789019779, -9.400000000000000355 ) ) ;
#3280 = FACE_OUTER_BOUND ( 'NONE', #5256, .T. ) ;
#3281 = CARTESIAN_POINT ( 'NONE',  ( 5.344147335581234337, 6.404807507361161889, -24.38943002390463377 ) ) ;
#3282 = VERTEX_POINT ( 'NONE', #10505 ) ;
#3283 = DIRECTION ( 'NONE',  ( 0.7071067811865540120, 8.659560562355009279E-17, -0.7071067811865410224 ) ) ;
#3284 = CIRCLE ( 'NONE', #9271, 1.050000000000000044 ) ;
#3285 = CARTESIAN_POINT ( 'NONE',  ( 10.73827272567097424, -4.117319227871136356, -10.92764461202597914 ) ) ;
#3286 = ORIENTED_EDGE ( 'NONE', *, *, #5745, .F. ) ;
#3287 = AXIS2_PLACEMENT_3D ( 'NONE', #3333, #999, #9104 ) ;
#3288 = CARTESIAN_POINT ( 'NONE',  ( 1.850000000000000089, -10.84331591350174051, 3.000000000000000000 ) ) ;
#3289 = ORIENTED_EDGE ( 'NONE', *, *, #5092, .T. ) ;
#3290 = CARTESIAN_POINT ( 'NONE',  ( 5.833630944789019779, 5.833630944789019779, 0.9999999999999991118 ) ) ;
#3291 = ORIENTED_EDGE ( 'NONE', *, *, #380, .F. ) ;
#3292 = CARTESIAN_POINT ( 'NONE',  ( 9.000000000000000000, 9.427005074995329055E-14, 5.000000000000000000 ) ) ;
#3293 = EDGE_CURVE ( 'NONE', #4373, #2636, #6590, .T. ) ;
#3294 = DIRECTION ( 'NONE',  ( 1.000000000000000000, 0.000000000000000000, 0.000000000000000000 ) ) ;
#3295 = AXIS2_PLACEMENT_3D ( 'NONE', #5214, #6857, #6116 ) ;
#3296 = LINE ( 'NONE', #9175, #4686 ) ;
#3297 = CARTESIAN_POINT ( 'NONE',  ( -10.58663180925158009, -4.491741413305928354, -11.17282629887502843 ) ) ;
#3298 = CARTESIAN_POINT ( 'NONE',  ( 8.434314575050757767, 0.5656854249493235010, -10.79999999999997762 ) ) ;
#3299 = CARTESIAN_POINT ( 'NONE',  ( 8.984552556677293467, 4.830679341125422965, -13.02774379547697947 ) ) ;
#3300 = CARTESIAN_POINT ( 'NONE',  ( 5.567930804152255497, -4.622132939078998248, -26.87484793749498735 ) ) ;
#3301 = DIRECTION ( 'NONE',  ( -5.515513431922667745E-16, -8.484475987562882567E-17, 1.000000000000000000 ) ) ;
#3302 = EDGE_LOOP ( 'NONE', ( #938, #8454, #6320, #7813 ) ) ;
#3303 = PRODUCT_DEFINITION_FORMATION_WITH_SPECIFIED_SOURCE ( 'ANY', '', #2360, .NOT_KNOWN. ) ;
#3304 = EDGE_CURVE ( 'NONE', #2672, #8800, #829, .T. ) ;
#3305 = ORIENTED_EDGE ( 'NONE', *, *, #5607, .T. ) ;
#3306 = EDGE_CURVE ( 'NONE', #2208, #2208, #5054, .T. ) ;
#3307 = AXIS2_PLACEMENT_3D ( 'NONE', #4494, #3685, #8405 ) ;
#3308 = EDGE_CURVE ( 'NONE', #5683, #4082, #10246, .T. ) ;
#3309 = ORIENTED_EDGE ( 'NONE', *, *, #9386, .T. ) ;
#3310 = CARTESIAN_POINT ( 'NONE',  ( 3.499999999994327204, 11.49999999999394795, -12.29999999999999005 ) ) ;
#3311 = CARTESIAN_POINT ( 'NONE',  ( 4.969337435717531726, -10.37096205700974139, -11.96181140040799207 ) ) ;
#3312 = DIRECTION ( 'NONE',  ( 1.000000000000000000, 0.000000000000000000, 0.000000000000000000 ) ) ;
#3313 = PLANE ( 'NONE',  #4440 ) ;
#3314 = ORIENTED_EDGE ( 'NONE', *, *, #7793, .F. ) ;
#3315 = CARTESIAN_POINT ( 'NONE',  ( -9.580709785814860879, -3.500000000000205613, -13.80000000000002736 ) ) ;
#3316 = EDGE_LOOP ( 'NONE', ( #1904, #5851, #7283, #3607, #6378, #5388, #46, #8435, #8906, #3219, #9920, #8518, #9402, #9527, #3588, #6946 ) ) ;
#3317 = DIRECTION ( 'NONE',  ( 0.000000000000000000, 0.000000000000000000, 1.000000000000000000 ) ) ;
#3318 = VERTEX_POINT ( 'NONE', #8029 ) ;
#3319 = AXIS2_PLACEMENT_3D ( 'NONE', #1763, #1923, #362 ) ;
#3320 = CARTESIAN_POINT ( 'NONE',  ( 0.05000000000000090483, -3.396295565269215277, 7.700000000000000178 ) ) ;
#3321 = LINE ( 'NONE', #2656, #7959 ) ;
#3322 = CARTESIAN_POINT ( 'NONE',  ( 0.000000000000000000, 0.000000000000000000, 1.000000000000000000 ) ) ;
#3323 = ORIENTED_EDGE ( 'NONE', *, *, #3789, .F. ) ;
#3324 = DIRECTION ( 'NONE',  ( 1.000000000000000000, 0.000000000000000000, 0.000000000000000000 ) ) ;
#3325 = CARTESIAN_POINT ( 'NONE',  ( -9.000000000000000000, -3.142335024998445122E-14, 3.000000000000000000 ) ) ;
#3326 = ORIENTED_EDGE ( 'NONE', *, *, #5081, .F. ) ;
#3327 = AXIS2_PLACEMENT_3D ( 'NONE', #1074, #10080, #1288 ) ;
#3328 = CARTESIAN_POINT ( 'NONE',  ( -9.276216409870057689, 4.242257122733713359, -13.60550803222702321 ) ) ;
#3329 = ORIENTED_EDGE ( 'NONE', *, *, #4516, .F. ) ;
#3330 = CARTESIAN_POINT ( 'NONE',  ( -1.850000000000000089, -9.000000000000000000, 5.000000000000000000 ) ) ;
#3331 = DIRECTION ( 'NONE',  ( 2.515591529716047585E-16, 3.848369500962857141E-16, -1.000000000000000000 ) ) ;
#3332 = CARTESIAN_POINT ( 'NONE',  ( 4.838856925422107658, 5.899517097202025440, -24.79999999999999005 ) ) ;
#3333 = CARTESIAN_POINT ( 'NONE',  ( 0.1499999999999999944, -2.144222209522359979, 7.700000000000000178 ) ) ;
#3334 = PLANE ( 'NONE',  #8075 ) ;
#3335 = ORIENTED_EDGE ( 'NONE', *, *, #8267, .F. ) ;
#3336 = ORIENTED_EDGE ( 'NONE', *, *, #2828, .F. ) ;
#3337 = LINE ( 'NONE', #6720, #7516 ) ;
#3338 = ORIENTED_EDGE ( 'NONE', *, *, #3987, .F. ) ;
#3339 = AXIS2_PLACEMENT_3D ( 'NONE', #1426, #6350, #2250 ) ;
#3340 = DIRECTION ( 'NONE',  ( 1.000000000000000000, 0.000000000000000000, 0.000000000000000000 ) ) ;
#3341 = EDGE_CURVE ( 'NONE', #2387, #2278, #9783, .T. ) ;
#3342 = ORIENTED_EDGE ( 'NONE', *, *, #6851, .T. ) ;
#3343 = DIRECTION ( 'NONE',  ( -1.156149796254212418E-16, -5.207811234424668642E-16, 1.000000000000000000 ) ) ;
#3344 = EDGE_CURVE ( 'NONE', #8905, #4292, #2442, .T. ) ;
#3345 = CARTESIAN_POINT ( 'NONE',  ( -5.868986283848305341, -4.808326112068573188, -26.67232776209101885 ) ) ;
#3346 = ADVANCED_FACE ( 'NONE', ( #9934 ), #230, .F. ) ;
#3347 = CYLINDRICAL_SURFACE ( 'NONE', #9296, 1.050000000000547828 ) ;
#3348 = CARTESIAN_POINT ( 'NONE',  ( -10.52175953570468003, -4.641636258042309393, -11.32477526869302764 ) ) ;
#3349 = DIRECTION ( 'NONE',  ( 0.000000000000000000, -1.000000000000000000, 0.000000000000000000 ) ) ;
#3350 = DIRECTION ( 'NONE',  ( -0.8042429674092188563, 0.5943006388796955308, -1.577021341797097215E-15 ) ) ;
#3351 = AXIS2_PLACEMENT_3D ( 'NONE', #4310, #209, #3497 ) ;
#3352 = ADVANCED_FACE ( 'NONE', ( #3473 ), #8448, .F. ) ;
#3353 = FACE_OUTER_BOUND ( 'NONE', #10427, .T. ) ;
#3354 = CARTESIAN_POINT ( 'NONE',  ( 0.000000000000000000, 0.000000000000000000, 7.700000000000000178 ) ) ;
#3355 = AXIS2_PLACEMENT_3D ( 'NONE', #183, #10564, #7441 ) ;
#3356 = CARTESIAN_POINT ( 'NONE',  ( -3.237605654302272207, 6.909178529471760477, -24.80000000000000782 ) ) ;
#3357 = EDGE_CURVE ( 'NONE', #8492, #4666, #7535, .T. ) ;
#3358 = CARTESIAN_POINT ( 'NONE',  ( 4.830306952750683003, -10.43640145249942286, -11.60593206260599608 ) ) ;
#3359 = PLANE ( 'NONE',  #7098 ) ;
#3360 = DIRECTION ( 'NONE',  ( 0.000000000000000000, 0.000000000000000000, 1.000000000000000000 ) ) ;
#3361 = EDGE_LOOP ( 'NONE', ( #3291 ) ) ;
#3362 = EDGE_CURVE ( 'NONE', #7361, #10343, #3521, .T. ) ;
#3363 = VECTOR ( 'NONE', #3964, 1000.000000000000000 ) ;
#3364 = CARTESIAN_POINT ( 'NONE',  ( 14.14213562373103628, -14.14213562373083732, -12.29999999999997407 ) ) ;
#3365 = ORIENTED_EDGE ( 'NONE', *, *, #9553, .T. ) ;
#3366 = CARTESIAN_POINT ( 'NONE',  ( 9.757584728041534206, 6.086011853002196936, -27.29999999999997584 ) ) ;
#3367 = ORIENTED_EDGE ( 'NONE', *, *, #2631, .F. ) ;
#3368 = ORIENTED_EDGE ( 'NONE', *, *, #7678, .T. ) ;
#3369 = CARTESIAN_POINT ( 'NONE',  ( 4.461440563808228177, -9.172615430164215766, -13.45211824519199340 ) ) ;
#3370 = FACE_OUTER_BOUND ( 'NONE', #8942, .T. ) ;
#3371 = VECTOR ( 'NONE', #8209, 1000.000000000000000 ) ;
#3372 = DIRECTION ( 'NONE',  ( 2.258650070512058801E-15, 4.142135623731050469E-16, -1.000000000000000000 ) ) ;
#3373 = LINE ( 'NONE', #7595, #7578 ) ;
#3374 = PLANE ( 'NONE',  #6089 ) ;
#3375 = DIRECTION ( 'NONE',  ( 1.989949493661168557E-15, 7.253405460951833544E-16, -1.000000000000000000 ) ) ;
#3376 = ORIENTED_EDGE ( 'NONE', *, *, #8074, .T. ) ;
#3377 = EDGE_CURVE ( 'NONE', #10435, #10435, #4691, .T. ) ;
#3378 = VERTEX_POINT ( 'NONE', #7896 ) ;
#3379 = ORIENTED_EDGE ( 'NONE', *, *, #9874, .T. ) ;
#3380 = VECTOR ( 'NONE', #3493, 1000.000000000000000 ) ;
#3381 = CARTESIAN_POINT ( 'NONE',  ( -0.4227941413852309149, -2.423065231067956127, -9.400000000000005684 ) ) ;
#3382 = CARTESIAN_POINT ( 'NONE',  ( -5.640882663661991536, 4.651412256003038870, -26.83159468225001376 ) ) ;
#3383 = DIRECTION ( 'NONE',  ( -2.291641169988090159E-16, 1.000000000000000000, 0.000000000000000000 ) ) ;
#3384 = CARTESIAN_POINT ( 'NONE',  ( 6.086011853002189831, -9.757584728041535982, -24.41324865405199063 ) ) ;
#3385 = DIRECTION ( 'NONE',  ( -1.000000000000000000, 0.000000000000000000, 0.000000000000000000 ) ) ;
#3386 = AXIS2_PLACEMENT_3D ( 'NONE', #3776, #9823, #4926 ) ;
#3387 = ORIENTED_EDGE ( 'NONE', *, *, #5598, .T. ) ;
#3388 = EDGE_LOOP ( 'NONE', ( #6516 ) ) ;
#3389 = CARTESIAN_POINT ( 'NONE',  ( 10.65146153874176349, -4.336126933478024803, -11.05191994139397771 ) ) ;
#3390 = EDGE_LOOP ( 'NONE', ( #8965, #5042 ) ) ;
#3391 = CARTESIAN_POINT ( 'NONE',  ( -8.984552556677364521, -4.830679341125435400, -13.02774379547702388 ) ) ;
#3392 = EDGE_LOOP ( 'NONE', ( #7325, #1657, #8176, #5534 ) ) ;
#3393 = CARTESIAN_POINT ( 'NONE',  ( -4.542752413809359721E-14, -1.614733436763118445E-14, -6.600000000000001421 ) ) ;
#3394 = CARTESIAN_POINT ( 'NONE',  ( -11.00000000000000000, 0.000000000000000000, 0.9999999999999991118 ) ) ;
#3395 = CIRCLE ( 'NONE', #9367, 0.7999999999999998224 ) ;
#3396 = CARTESIAN_POINT ( 'NONE',  ( 1.322875655532296024, 1.500000000000000000, 31.69999999999999929 ) ) ;
#3397 = FACE_OUTER_BOUND ( 'NONE', #6467, .T. ) ;
#3398 = CARTESIAN_POINT ( 'NONE',  ( -10.40498319921496240, -4.897904712472804789, -11.74391625780102721 ) ) ;
#3399 = CARTESIAN_POINT ( 'NONE',  ( 14.70782104868026963, -13.57645019878159331, -12.29999999999997229 ) ) ;
#3400 = CC_DESIGN_DATE_AND_TIME_ASSIGNMENT ( #8432, #6830, ( #194 ) ) ;
#3402 = ADVANCED_FACE ( 'NONE', ( #5257 ), #2116, .T. ) ;
#3401 = LINE ( 'NONE', #162, #7104 ) ;
#3403 = CARTESIAN_POINT ( 'NONE',  ( -3.275164517293222724E-15, -6.171782079359008602E-15, -12.40000000000000213 ) ) ;
#3404 = CIRCLE ( 'NONE', #9379, 0.1000000000000000194 ) ;
#3405 = CIRCLE ( 'NONE', #10043, 10.80000000000000071 ) ;
#3406 = ORIENTED_EDGE ( 'NONE', *, *, #686, .T. ) ;
#3407 = EDGE_CURVE ( 'NONE', #7154, #5970, #7113, .T. ) ;
#3408 = ORIENTED_EDGE ( 'NONE', *, *, #1201, .F. ) ;
#3409 = ORIENTED_EDGE ( 'NONE', *, *, #958, .T. ) ;
#3410 = EDGE_CURVE ( 'NONE', #2106, #2106, #6415, .T. ) ;
#3411 = CIRCLE ( 'NONE', #4100, 2.899999999999999911 ) ;
#3412 = FACE_OUTER_BOUND ( 'NONE', #2964, .T. ) ;
#3413 = CONICAL_SURFACE ( 'NONE', #2703, 9.200000000000001066, 1.047197551196999754 ) ;
#3414 = CARTESIAN_POINT ( 'NONE',  ( -8.611541618386127084, -7.459310946700270506E-14, -23.80000000000002203 ) ) ;
#3415 = EDGE_LOOP ( 'NONE', ( #2764 ) ) ;
#3416 = ORIENTED_EDGE ( 'NONE', *, *, #3798, .T. ) ;
#3417 = ORIENTED_EDGE ( 'NONE', *, *, #1244, .T. ) ;
#3418 = AXIS2_PLACEMENT_3D ( 'NONE', #5465, #1284, #5162 ) ;
#3419 = ADVANCED_FACE ( 'NONE', ( #5307 ), #3624, .F. ) ;
#3420 = EDGE_LOOP ( 'NONE', ( #5304, #1275, #9439, #10056 ) ) ;
#3421 = EDGE_CURVE ( 'NONE', #814, #1519, #2061, .T. ) ;
#3422 = CARTESIAN_POINT ( 'NONE',  ( 1.850000000000000089, -9.000000000000000000, 5.000000000000000000 ) ) ;
#3423 = DIRECTION ( 'NONE',  ( 0.000000000000000000, 0.000000000000000000, 1.000000000000000000 ) ) ;
#3424 = CARTESIAN_POINT ( 'NONE',  ( 4.586644626587650819, 5.287923602955207691, -27.01147046386198980 ) ) ;
#3425 = DIRECTION ( 'NONE',  ( 0.000000000000000000, 0.000000000000000000, 1.000000000000000000 ) ) ;
#3426 = AXIS2_PLACEMENT_3D ( 'NONE', #3093, #3603, #3656 ) ;
#3427 = VERTEX_POINT ( 'NONE', #5740 ) ;
#3428 = EDGE_CURVE ( 'NONE', #5147, #4552, #7257, .T. ) ;
#3429 = VERTEX_POINT ( 'NONE', #8978 ) ;
#3430 = CARTESIAN_POINT ( 'NONE',  ( 5.868986283848385277, -4.808326112068474600, -27.29999999999999005 ) ) ;
#3431 = CARTESIAN_POINT ( 'NONE',  ( 9.112955154030697003, -4.582029351466767153, -13.33964997965098043 ) ) ;
#3432 = DIRECTION ( 'NONE',  ( 1.000000000000000000, 0.000000000000000000, 0.000000000000000000 ) ) ;
#3433 = ORIENTED_EDGE ( 'NONE', *, *, #1294, .T. ) ;
#3434 = DIRECTION ( 'NONE',  ( 0.000000000000000000, 0.000000000000000000, -1.000000000000000000 ) ) ;
#3435 = EDGE_CURVE ( 'NONE', #4396, #3806, #48, .T. ) ;
#3436 = EDGE_CURVE ( 'NONE', #1052, #88, #4189, .T. ) ;
#3437 = EDGE_CURVE ( 'NONE', #1811, #7758, #3148, .T. ) ;
#3438 = DIRECTION ( 'NONE',  ( -0.7071067811865485719, 8.659560562354922997E-17, 0.7071067811865465735 ) ) ;
#3439 = CARTESIAN_POINT ( 'NONE',  ( -6.363961030678281006, -6.363961030679200270, 1.000000000000000000 ) ) ;
#3440 = AXIS2_PLACEMENT_3D ( 'NONE', #4869, #872, #2585 ) ;
#3441 = EDGE_LOOP ( 'NONE', ( #8052 ) ) ;
#3442 = EDGE_CURVE ( 'NONE', #3040, #4396, #6425, .T. ) ;
#3443 = CARTESIAN_POINT ( 'NONE',  ( 10.62964811897492545, -4.389335457365839410, -11.08898333716997620 ) ) ;
#3444 = DIRECTION ( 'NONE',  ( 0.000000000000000000, 1.000000000000000000, 0.000000000000000000 ) ) ;
#3445 = EDGE_LOOP ( 'NONE', ( #8716 ) ) ;
#3446 = CIRCLE ( 'NONE', #2742, 1.000000000000000000 ) ;
#3447 = ORIENTED_EDGE ( 'NONE', *, *, #3341, .T. ) ;
#3448 = CYLINDRICAL_SURFACE ( 'NONE', #10317, 2.000000000000000444 ) ;
#3449 = CARTESIAN_POINT ( 'NONE',  ( -10.78157098493837829, 4.003993638815062539, -10.87852819154602457 ) ) ;
#3450 = FACE_OUTER_BOUND ( 'NONE', #9279, .T. ) ;
#3451 = B_SPLINE_CURVE_WITH_KNOTS ( 'NONE', 3,
 ( #4337, #3627, #10186, #2064 ),
 .UNSPECIFIED., .F., .F.,
 ( 4, 4 ),
 ( 0.000000000000000000, 0.0004521856223172739607 ),
 .UNSPECIFIED. ) ;
#3452 = CIRCLE ( 'NONE', #177, 1.850000000000000089 ) ;
#3453 = CARTESIAN_POINT ( 'NONE',  ( 5.622976369343535730, -4.640803459352961013, -26.84348652119799183 ) ) ;
#3454 = CARTESIAN_POINT ( 'NONE',  ( -6.363961030678281006, -6.363961030679200270, 1.000000000000000000 ) ) ;
#3455 = ORIENTED_EDGE ( 'NONE', *, *, #3437, .F. ) ;
#3456 = DIRECTION ( 'NONE',  ( 0.000000000000000000, 0.000000000000000000, 1.000000000000000000 ) ) ;
#3457 = ORIENTED_EDGE ( 'NONE', *, *, #334, .T. ) ;
#3458 = FACE_OUTER_BOUND ( 'NONE', #6324, .T. ) ;
#3459 = VECTOR ( 'NONE', #6070, 1000.000000000000000 ) ;
#3460 = ADVANCED_FACE ( 'NONE', ( #3996 ), #7272, .F. ) ;
#3461 = CARTESIAN_POINT ( 'NONE',  ( -8.644746269448948084, -7.584086097669259452, -24.41324865405202615 ) ) ;
#3462 = DIRECTION ( 'NONE',  ( -0.7071067811865522357, 0.7071067811865427988, 0.000000000000000000 ) ) ;
#3463 = DIRECTION ( 'NONE',  ( 0.000000000000000000, 0.000000000000000000, -1.000000000000000000 ) ) ;
#3464 = CARTESIAN_POINT ( 'NONE',  ( 5.292760915255845688, -8.719418466249846844, -11.90644009777999379 ) ) ;
#3465 = VECTOR ( 'NONE', #2931, 1000.000000000000000 ) ;
#3466 = DIRECTION ( 'NONE',  ( -2.960024404117014106E-16, -3.403936626561898508E-16, 1.000000000000000000 ) ) ;
#3467 = ORIENTED_EDGE ( 'NONE', *, *, #5034, .F. ) ;
#3468 = EDGE_CURVE ( 'NONE', #7788, #7820, #9026, .T. ) ;
#3469 = AXIS2_PLACEMENT_3D ( 'NONE', #8359, #9994, #5172 ) ;
#3470 = ORIENTED_EDGE ( 'NONE', *, *, #3428, .F. ) ;
#3471 = ADVANCED_FACE ( 'NONE', ( #3353 ), #6642, .T. ) ;
#3472 = FACE_OUTER_BOUND ( 'NONE', #2465, .T. ) ;
#3473 = FACE_OUTER_BOUND ( 'NONE', #10327, .T. ) ;
#3474 = EDGE_CURVE ( 'NONE', #4388, #7758, #7771, .T. ) ;
#3475 = EDGE_LOOP ( 'NONE', ( #7384 ) ) ;
#3476 = CARTESIAN_POINT ( 'NONE',  ( 3.725420555309405302, -9.496538698935808043, -13.78973818954599651 ) ) ;
#3477 = CARTESIAN_POINT ( 'NONE',  ( 5.911692743883739887, 6.972352915663673656, -25.77584506147357857 ) ) ;
#3478 = VECTOR ( 'NONE', #288, 1000.000000000000000 ) ;
#3479 = ORIENTED_EDGE ( 'NONE', *, *, #5093, .T. ) ;
#3480 = ORIENTED_EDGE ( 'NONE', *, *, #10468, .F. ) ;
#3481 = CARTESIAN_POINT ( 'NONE',  ( 2.449293598294710359E-16, -2.000000000000000000, 7.799999999999999822 ) ) ;
#3482 = EDGE_CURVE ( 'NONE', #5806, #697, #3488, .T. ) ;
#3483 = CARTESIAN_POINT ( 'NONE',  ( 9.253521240152384308, -4.291558287228288471, -13.57643061476098012 ) ) ;
#3484 = ORIENTED_EDGE ( 'NONE', *, *, #45, .F. ) ;
#3485 = CIRCLE ( 'NONE', #7421, 0.7499999999999997780 ) ;
#3486 = CARTESIAN_POINT ( 'NONE',  ( -11.49999999999964473, 3.500000000000015099, -13.80000000000002913 ) ) ;
#3487 = LINE ( 'NONE', #6764, #2438 ) ;
#3488 = CIRCLE ( 'NONE', #9468, 11.50000000000000000 ) ;
#3489 = ORIENTED_EDGE ( 'NONE', *, *, #3091, .T. ) ;
#3490 = EDGE_CURVE ( 'NONE', #1577, #8236, #4872, .T. ) ;
#3491 = EDGE_LOOP ( 'NONE', ( #8465, #1753, #8718, #8741, #7097, #5230, #6022, #5348, #582, #5980, #5277, #1086 ) ) ;
#3492 = ADVANCED_FACE ( 'NONE', ( #5622 ), #8856, .F. ) ;
#3493 = DIRECTION ( 'NONE',  ( -8.493206138382439646E-15, 1.000000000000000000, 1.342135623732650485E-16 ) ) ;
#3494 = DIRECTION ( 'NONE',  ( -0.7071067811865416886, -0.7071067811865532349, -1.999999999999999367E-15 ) ) ;
#3495 = VERTEX_POINT ( 'NONE', #10589 ) ;
#3496 = VERTEX_POINT ( 'NONE', #3288 ) ;
#3497 = DIRECTION ( 'NONE',  ( -0.7071067811865411334, -0.7071067811865539010, -3.469446951953614189E-15 ) ) ;
#3498 = CARTESIAN_POINT ( 'NONE',  ( -10.65081432662808325, 4.337734361969353358, -13.54708027406902637 ) ) ;
#3499 = AXIS2_PLACEMENT_3D ( 'NONE', #1805, #7559, #5827 ) ;
#3500 = PLANE ( 'NONE',  #2232 ) ;
#3501 = PERSON_AND_ORGANIZATION ( #1116, #7063 ) ;
#3502 = CARTESIAN_POINT ( 'NONE',  ( -5.833630944789019779, 5.833630944789019779, 0.9999999999999991118 ) ) ;
#3503 = DIRECTION ( 'NONE',  ( -0.7071067811865415775, -0.7071067811865535679, -4.499999999999990292E-16 ) ) ;
#3504 = CIRCLE ( 'NONE', #4532, 1.000000000000000000 ) ;
#3505 = ORIENTED_EDGE ( 'NONE', *, *, #6460, .T. ) ;
#3506 = ORIENTED_EDGE ( 'NONE', *, *, #8801, .T. ) ;
#3507 = DIRECTION ( 'NONE',  ( 2.503619816187392131E-15, 1.762269886699465885E-15, -1.000000000000000000 ) ) ;
#3508 = DIRECTION ( 'NONE',  ( 1.000000000000000000, 0.000000000000000000, 0.000000000000000000 ) ) ;
#3509 = AXIS2_PLACEMENT_3D ( 'NONE', #629, #8807, #8915 ) ;
#3510 = DIRECTION ( 'NONE',  ( 1.657609306503498535E-15, -1.868272016354655728E-16, -1.000000000000000000 ) ) ;
#3511 = CIRCLE ( 'NONE', #9494, 2.000000000000000444 ) ;
#3512 = DIRECTION ( 'NONE',  ( 2.900873552752517031E-15, 7.453100608914903924E-16, -1.000000000000000000 ) ) ;
#3513 = DIRECTION ( 'NONE',  ( 1.000000000000000000, 0.000000000000000000, 0.000000000000000000 ) ) ;
#3514 = FACE_OUTER_BOUND ( 'NONE', #8343, .T. ) ;
#3515 = CARTESIAN_POINT ( 'NONE',  ( -10.64037123412524011, -1.850000000000040057, 5.000000000000000000 ) ) ;
#3516 = VERTEX_POINT ( 'NONE', #4797 ) ;
#3517 = ORIENTED_EDGE ( 'NONE', *, *, #7136, .F. ) ;
#3518 = ORIENTED_EDGE ( 'NONE', *, *, #3587, .F. ) ;
#3519 = AXIS2_PLACEMENT_3D ( 'NONE', #6115, #9350, #10241 ) ;
#3520 = EDGE_LOOP ( 'NONE', ( #4345, #3066, #10262, #9201, #7885, #3105, #2832, #6959 ) ) ;
#3521 = LINE ( 'NONE', #6012, #7929 ) ;
#3522 = CARTESIAN_POINT ( 'NONE',  ( 4.523898966855057324, -9.142011453396822418, -11.20241626194399487 ) ) ;
#3523 = CARTESIAN_POINT ( 'NONE',  ( -4.542752413809359721E-14, -1.614733436763118445E-14, -6.600000000000001421 ) ) ;
#3524 = DIRECTION ( 'NONE',  ( -0.7071067811865531239, 0.7071067811865417996, -1.294213562373105936E-15 ) ) ;
#3525 = AXIS2_PLACEMENT_3D ( 'NONE', #5170, #1856, #7607 ) ;
#3526 = ORIENTED_EDGE ( 'NONE', *, *, #8838, .F. ) ;
#3527 = VERTEX_POINT ( 'NONE', #8055 ) ;
#3528 = EDGE_CURVE ( 'NONE', #7424, #6194, #6253, .T. ) ;
#3529 = ORIENTED_EDGE ( 'NONE', *, *, #4142, .T. ) ;
#3530 = CARTESIAN_POINT ( 'NONE',  ( -1.524192641962573264E-15, -1.233523804664961189E-15, -24.80000000000000426 ) ) ;
#3531 = CARTESIAN_POINT ( 'NONE',  ( -10.84331591350174051, 1.849999999999960121, 3.000000000000000000 ) ) ;
#3532 = CIRCLE ( 'NONE', #10179, 0.1000000000000000194 ) ;
#3533 = CARTESIAN_POINT ( 'NONE',  ( 0.05000000000000070360, -2.200000000000000178, 7.700000000000000178 ) ) ;
#3534 = CARTESIAN_POINT ( 'NONE',  ( 8.321938470542784572, -5.899470213313403377, -11.31371314461498301 ) ) ;
#3535 = ADVANCED_FACE ( 'NONE', ( #9277 ), #2520, .F. ) ;
#3536 = CYLINDRICAL_SURFACE ( 'NONE', #9787, 1.050000000000000044 ) ;
#3537 = EDGE_LOOP ( 'NONE', ( #3797, #4896, #10209, #9782 ) ) ;
#3538 = CARTESIAN_POINT ( 'NONE',  ( 10.36445747605911016, -4.982809172819137267, -12.04648029631897721 ) ) ;
#3539 = AXIS2_PLACEMENT_3D ( 'NONE', #5807, #3221, #8839 ) ;
#3540 = CARTESIAN_POINT ( 'NONE',  ( -1.053339110345203004E-15, -2.029646455628129316E-15, -22.40000000000000213 ) ) ;
#3541 = DIRECTION ( 'NONE',  ( 0.000000000000000000, 0.000000000000000000, 1.000000000000000000 ) ) ;
#3542 = VERTEX_POINT ( 'NONE', #7506 ) ;
#3543 = LINE ( 'NONE', #3596, #1606 ) ;
#3544 = DIRECTION ( 'NONE',  ( 0.000000000000000000, 0.000000000000000000, 1.000000000000000000 ) ) ;
#3545 = ADVANCED_FACE ( 'NONE', ( #9997 ), #4356, .F. ) ;
#3546 = DIRECTION ( 'NONE',  ( -8.493206138382439646E-15, 1.000000000000000000, 1.342135623732650485E-16 ) ) ;
#3547 = AXIS2_PLACEMENT_3D ( 'NONE', #10532, #6721, #6519 ) ;
#3548 = ADVANCED_FACE ( 'NONE', ( #6821, #150 ), #6033, .T. ) ;
#3549 = CARTESIAN_POINT ( 'NONE',  ( 0.000000000000000000, 0.000000000000000000, 7.799999999999999822 ) ) ;
#3550 = DIRECTION ( 'NONE',  ( 1.000000000000000000, 0.000000000000000000, 0.000000000000000000 ) ) ;
#3551 = CARTESIAN_POINT ( 'NONE',  ( 8.076770987746069608, -4.405198112628726292, -20.79999999999998650 ) ) ;
#3552 = CARTESIAN_POINT ( 'NONE',  ( -0.1499999999999999944, -3.299999999999999822, 7.700000000000000178 ) ) ;
#3553 = DIRECTION ( 'NONE',  ( -1.544472221513646607E-15, -3.364318164425787401E-16, 1.000000000000000000 ) ) ;
#3554 = CIRCLE ( 'NONE', #3722, 11.50000000000000711 ) ;
#3555 = CARTESIAN_POINT ( 'NONE',  ( -4.661517062014904234, 5.005335584551181327, -27.10406438651501304 ) ) ;
#3556 = ORIENTED_EDGE ( 'NONE', *, *, #9769, .F. ) ;
#3557 = DIRECTION ( 'NONE',  ( -0.7071067811865520136, 0.7071067811865429098, 1.508455196501571183E-16 ) ) ;
#3558 = CARTESIAN_POINT ( 'NONE',  ( 9.625612164477852062, -6.293091668628737700, -11.77084288365198006 ) ) ;
#3559 = EDGE_CURVE ( 'NONE', #3080, #3080, #10136, .T. ) ;
#3560 = EDGE_CURVE ( 'NONE', #565, #7886, #8284, .T. ) ;
#3561 = EDGE_CURVE ( 'NONE', #5669, #8276, #1152, .T. ) ;
#3562 = DIRECTION ( 'NONE',  ( 1.000000000000000000, 0.000000000000000000, 0.000000000000000000 ) ) ;
#3563 = CARTESIAN_POINT ( 'NONE',  ( 6.587638499374150136, -9.426542296782848496, -13.16741439469998909 ) ) ;
#3564 = DIRECTION ( 'NONE',  ( 5.333095244168856240E-16, 1.030865786510096803E-16, -1.000000000000000000 ) ) ;
#3565 = CIRCLE ( 'NONE', #9885, 0.8000000000000003775 ) ;
#3566 = FACE_OUTER_BOUND ( 'NONE', #2376, .T. ) ;
#3567 = ORIENTED_EDGE ( 'NONE', *, *, #6689, .F. ) ;
#3568 = CARTESIAN_POINT ( 'NONE',  ( 4.242640687119284770, -4.242640687119255460, -12.29999999999999361 ) ) ;
#3569 = VERTEX_POINT ( 'NONE', #6877 ) ;
#3570 = AXIS2_PLACEMENT_3D ( 'NONE', #3881, #2322, #9559 ) ;
#3571 = CIRCLE ( 'NONE', #7169, 11.00000000000000000 ) ;
#3572 = ORIENTED_EDGE ( 'NONE', *, *, #1110, .T. ) ;
#3573 = CARTESIAN_POINT ( 'NONE',  ( 4.339099205869557885, -9.231272455430472590, -11.05460834853399454 ) ) ;
#3574 = DIRECTION ( 'NONE',  ( -2.180868324581535502E-15, -8.031222920257055690E-16, 1.000000000000000000 ) ) ;
#3575 = CARTESIAN_POINT ( 'NONE',  ( -2.155497403577984805, -2.432350908723610150, 7.700000000000000178 ) ) ;
#3576 = ORIENTED_EDGE ( 'NONE', *, *, #4133, .T. ) ;
#3577 = AXIS2_PLACEMENT_3D ( 'NONE', #5062, #9049, #1686 ) ;
#3578 = CARTESIAN_POINT ( 'NONE',  ( 0.000000000000000000, 0.000000000000000000, 7.700000000000000178 ) ) ;
#3579 = CARTESIAN_POINT ( 'NONE',  ( -9.580709785814919499, 3.500000000000031974, -13.80000000000002380 ) ) ;
#3580 = EDGE_LOOP ( 'NONE', ( #3506, #9841, #6701, #5038, #4478, #9493, #3145 ) ) ;
#3581 = DIRECTION ( 'NONE',  ( 0.000000000000000000, 0.000000000000000000, -1.000000000000000000 ) ) ;
#3582 = DIRECTION ( 'NONE',  ( 0.000000000000000000, 0.000000000000000000, 1.000000000000000000 ) ) ;
#3583 = DIRECTION ( 'NONE',  ( 0.000000000000000000, 0.000000000000000000, 1.000000000000000000 ) ) ;
#3584 = LINE ( 'NONE', #9418, #6046 ) ;
#3585 = DIRECTION ( 'NONE',  ( 0.000000000000000000, 0.000000000000000000, -1.000000000000000000 ) ) ;
#3586 = AXIS2_PLACEMENT_3D ( 'NONE', #7766, #10086, #2932 ) ;
#3587 = EDGE_CURVE ( 'NONE', #1230, #726, #2980, .T. ) ;
#3588 = ORIENTED_EDGE ( 'NONE', *, *, #5923, .T. ) ;
#3589 =( BOUNDED_CURVE ( )  B_SPLINE_CURVE ( 2, ( #9917, #865, #4161 ),
 .UNSPECIFIED., .F., .F. ) 
 B_SPLINE_CURVE_WITH_KNOTS ( ( 3, 3 ),
 ( 0.000000000000000000, 1.000000000000000000 ),
 .UNSPECIFIED. ) 
 CURVE ( )  GEOMETRIC_REPRESENTATION_ITEM ( )  RATIONAL_B_SPLINE_CURVE ( ( 1.000000000000000000, 1.045347380079535871, 1.000000000000000000 ) ) 
 REPRESENTATION_ITEM ( '' )  );
#3590 = FACE_OUTER_BOUND ( 'NONE', #6536, .T. ) ;
#3591 = ORIENTED_EDGE ( 'NONE', *, *, #6058, .F. ) ;
#3592 = CARTESIAN_POINT ( 'NONE',  ( 10.49465159972105077, -4.702469829163903547, -13.19801970472697583 ) ) ;
#3593 = FACE_OUTER_BOUND ( 'NONE', #5703, .T. ) ;
#3594 = EDGE_LOOP ( 'NONE', ( #8467 ) ) ;
#3595 = EDGE_CURVE ( 'NONE', #839, #2594, #5563, .T. ) ;
#3596 = CARTESIAN_POINT ( 'NONE',  ( 5.833630944789019779, 5.833630944789019779, 0.9999999999999991118 ) ) ;
#3597 = CARTESIAN_POINT ( 'NONE',  ( -10.45506293285029464, 4.789844294246556444, -11.53233336836402145 ) ) ;
#3598 = AXIS2_PLACEMENT_3D ( 'NONE', #8565, #1199, #448 ) ;
#3599 = CARTESIAN_POINT ( 'NONE',  ( -6.363961030678820130, 6.363961030678660258, 1.000000000000000000 ) ) ;
#3600 = CARTESIAN_POINT ( 'NONE',  ( 9.000000000000000000, 1.850000000000095124, 3.000000000000000000 ) ) ;
#3601 = ORIENTED_EDGE ( 'NONE', *, *, #3886, .F. ) ;
#3602 = DATE_AND_TIME ( #9178, #528 ) ;
#3603 = DIRECTION ( 'NONE',  ( -5.004415626361546484E-16, -1.359545404317401629E-16, 1.000000000000000000 ) ) ;
#3604 = DIRECTION ( 'NONE',  ( 7.666547622084402378E-16, 8.031222920256935389E-16, -1.000000000000000000 ) ) ;
#3605 = VECTOR ( 'NONE', #3781, 1000.000000000000000 ) ;
#3606 = FACE_OUTER_BOUND ( 'NONE', #5645, .T. ) ;
#3607 = ORIENTED_EDGE ( 'NONE', *, *, #10146, .T. ) ;
#3608 = ADVANCED_FACE ( 'NONE', ( #1194 ), #2820, .F. ) ;
#3609 = CARTESIAN_POINT ( 'NONE',  ( -4.764401483825428940, 4.852250740311619737, -27.12679491924301090 ) ) ;
#3610 = ORIENTED_EDGE ( 'NONE', *, *, #5386, .F. ) ;
#3611 = CARTESIAN_POINT ( 'NONE',  ( 4.493195736987598110, 9.157136858707740856, -11.17469264389998607 ) ) ;
#3612 = CARTESIAN_POINT ( 'NONE',  ( 9.657669837996358808, -6.243713774167860997, -11.86978686254997939 ) ) ;
#3613 = DIRECTION ( 'NONE',  ( 1.000000000000000000, -1.776356839400250267E-15, 0.000000000000000000 ) ) ;
#3614 = AXIS2_PLACEMENT_3D ( 'NONE', #10020, #6951, #326 ) ;
#3615 = LINE ( 'NONE', #8392, #332 ) ;
#3616 = VERTEX_POINT ( 'NONE', #1067 ) ;
#3617 = DIRECTION ( 'NONE',  ( -0.7071067811865535679, 0.7071067811865415775, 0.000000000000000000 ) ) ;
#3618 = EDGE_CURVE ( 'NONE', #8289, #9960, #6215, .T. ) ;
#3619 = EDGE_CURVE ( 'NONE', #10322, #10322, #9473, .T. ) ;
#3620 = EDGE_LOOP ( 'NONE', ( #2945, #7299, #7782, #3249 ) ) ;
#3621 = CIRCLE ( 'NONE', #4488, 0.8000000000000003775 ) ;
#3622 = EDGE_CURVE ( 'NONE', #4509, #56, #2797, .T. ) ;
#3623 = DIRECTION ( 'NONE',  ( -0.7071067811865522357, 0.7071067811865429098, -7.542275982507856161E-16 ) ) ;
#3624 = PLANE ( 'NONE',  #8273 ) ;
#3625 = DIRECTION ( 'NONE',  ( 0.000000000000000000, 0.000000000000000000, 1.000000000000000000 ) ) ;
#3626 = CARTESIAN_POINT ( 'NONE',  ( 4.461459410936201131, -9.172606243505040169, -11.14789766688599393 ) ) ;
#3627 = CARTESIAN_POINT ( 'NONE',  ( -6.000000000000000000, -3.471553468719434932, 6.869019423288179382 ) ) ;
#3628 = CIRCLE ( 'NONE', #2756, 1.050000000000000044 ) ;
#3629 = CARTESIAN_POINT ( 'NONE',  ( 0.1499999999999999944, -3.200000000000000178, 7.700000000000000178 ) ) ;
#3630 = CARTESIAN_POINT ( 'NONE',  ( 12.53459616788484077, -1.849999999999869971, 3.000000000000000000 ) ) ;
#3631 = CIRCLE ( 'NONE', #8086, 10.20000000000000107 ) ;
#3632 = ORIENTED_EDGE ( 'NONE', *, *, #3666, .T. ) ;
#3633 = CARTESIAN_POINT ( 'NONE',  ( -1.097775618484163205E-15, -2.112489168102747604E-15, -22.19999999999999929 ) ) ;
#3634 = EDGE_CURVE ( 'NONE', #2496, #9726, #441, .T. ) ;
#3635 = ORIENTED_EDGE ( 'NONE', *, *, #6256, .T. ) ;
#3636 = CARTESIAN_POINT ( 'NONE',  ( -5.771848379881749480, -4.723799586481156609, -26.74663709335201744 ) ) ;
#3637 = ORIENTED_EDGE ( 'NONE', *, *, #7548, .F. ) ;
#3638 = CARTESIAN_POINT ( 'NONE',  ( 5.551115123125782702E-14, -6.500000000000625278, -27.30000000000000782 ) ) ;
#3639 = CARTESIAN_POINT ( 'NONE',  ( 5.338656197958389527, 5.338656197958478344, -27.29999999999998650 ) ) ;
#3640 = DIRECTION ( 'NONE',  ( 1.000000000000000000, 0.000000000000000000, 0.000000000000000000 ) ) ;
#3641 = AXIS2_PLACEMENT_3D ( 'NONE', #6814, #1799, #2721 ) ;
#3642 = CARTESIAN_POINT ( 'NONE',  ( -0.9052691480050164552, -10.76199274157302277, 0.9999999999999991118 ) ) ;
#3643 = ORIENTED_EDGE ( 'NONE', *, *, #10118, .F. ) ;
#3644 = ORIENTED_EDGE ( 'NONE', *, *, #6722, .F. ) ;
#3645 = CARTESIAN_POINT ( 'NONE',  ( 10.62870238457272798, -4.391641713991272233, -13.50940754819197664 ) ) ;
#3646 = CIRCLE ( 'NONE', #5051, 2.000000000000000000 ) ;
#3647 = CARTESIAN_POINT ( 'NONE',  ( 8.644746269442697084, -7.584086097662748216, -23.79999999999998295 ) ) ;
#3648 = ORIENTED_CLOSED_SHELL ( 'NONE', *, #1757, .F. );
#3649 = ORIENTED_EDGE ( 'NONE', *, *, #1145, .F. ) ;
#3650 = CARTESIAN_POINT ( 'NONE',  ( 1.355497403577985871, -2.918570247845604815, 7.700000000000000178 ) ) ;
#3651 = CARTESIAN_POINT ( 'NONE',  ( -10.49465159972536377, 4.702469829168133941, -13.19801970472702557 ) ) ;
#3652 = VECTOR ( 'NONE', #871, 1000.000000000000114 ) ;
#3653 = CARTESIAN_POINT ( 'NONE',  ( 10.84331591350171919, 1.850000000000115108, 3.000000000000000000 ) ) ;
#3654 = ORIENTED_EDGE ( 'NONE', *, *, #8657, .T. ) ;
#3655 = CALENDAR_DATE ( 2026, 28, 1 ) ;
#3656 = DIRECTION ( 'NONE',  ( -0.7071067811865535679, 0.7071067811865415775, 0.000000000000000000 ) ) ;
#3657 = CARTESIAN_POINT ( 'NONE',  ( -1.602121320343545777E-14, -3.175092093352754641E-14, -11.30000000000000071 ) ) ;
#3658 = ADVANCED_FACE ( 'NONE', ( #8661, #7858 ), #3374, .T. ) ;
#3659 = DIRECTION ( 'NONE',  ( 1.000000000000000000, 8.493206138382439646E-15, 2.221320343559726069E-15 ) ) ;
#3660 = ORIENTED_EDGE ( 'NONE', *, *, #8043, .T. ) ;
#3661 = ADVANCED_FACE ( 'NONE', ( #6752 ), #222, .F. ) ;
#3662 = AXIS2_PLACEMENT_3D ( 'NONE', #590, #8762, #2386 ) ;
#3663 = DIRECTION ( 'NONE',  ( 1.000000000000000000, 0.000000000000000000, 0.000000000000000000 ) ) ;
#3664 = EDGE_LOOP ( 'NONE', ( #5829, #2546, #1124, #7553 ) ) ;
#3665 = LINE ( 'NONE', #8436, #8642 ) ;
#3666 = EDGE_CURVE ( 'NONE', #7171, #2677, #9308, .T. ) ;
#3667 = DIRECTION ( 'NONE',  ( 0.000000000000000000, 0.000000000000000000, 1.000000000000000000 ) ) ;
#3668 = CARTESIAN_POINT ( 'NONE',  ( 10.62870238457264627, 4.391641713991439211, -11.09059245180797326 ) ) ;
#3669 = DIRECTION ( 'NONE',  ( 0.000000000000000000, 0.000000000000000000, -1.000000000000000000 ) ) ;
#3670 = CARTESIAN_POINT ( 'NONE',  ( -1.414213562372345301, -5.085786437626834022, -27.30000000000001492 ) ) ;
#3671 = AXIS2_PLACEMENT_3D ( 'NONE', #10037, #6433, #5641 ) ;
#3672 = EDGE_CURVE ( 'NONE', #1281, #1281, #8803, .T. ) ;
#3673 = CARTESIAN_POINT ( 'NONE',  ( 4.419417382415955942, -4.419417382415892881, -8.400000000000002132 ) ) ;
#3674 = CARTESIAN_POINT ( 'NONE',  ( 5.469751923299909002, -8.609491377420960490, -12.99611705936799311 ) ) ;
#3675 = DIRECTION ( 'NONE',  ( -0.7071067811703316552, -0.7071067812027634902, -2.439999999967579205E-15 ) ) ;
#3676 = ORIENTED_EDGE ( 'NONE', *, *, #2592, .F. ) ;
#3677 = DIRECTION ( 'NONE',  ( 0.000000000000000000, 0.000000000000000000, -1.000000000000000000 ) ) ;
#3678 = ORIENTED_EDGE ( 'NONE', *, *, #9986, .T. ) ;
#3679 = VECTOR ( 'NONE', #3128, 1000.000000000000114 ) ;
#3680 = CARTESIAN_POINT ( 'NONE',  ( 6.000000000000000000, 3.605551275463995342, 5.000000000000000000 ) ) ;
#3681 = EDGE_CURVE ( 'NONE', #6500, #4409, #8387, .T. ) ;
#3682 = CARTESIAN_POINT ( 'NONE',  ( -4.003993684998549796, 10.78157096135130644, -13.72147173670200537 ) ) ;
#3683 = DIRECTION ( 'NONE',  ( 0.7071067811865535679, -0.7071067811865415775, 8.542135623731070690E-16 ) ) ;
#3684 = EDGE_CURVE ( 'NONE', #2581, #7860, #6606, .T. ) ;
#3685 = DIRECTION ( 'NONE',  ( -1.771424856300449639E-16, -4.592536174378443254E-16, 1.000000000000000000 ) ) ;
#3686 = DIRECTION ( 'NONE',  ( -0.7071067811865520136, 0.7071067811865430208, 1.700709290173340163E-16 ) ) ;
#3687 = VERTEX_POINT ( 'NONE', #5216 ) ;
#3688 = CARTESIAN_POINT ( 'NONE',  ( -4.523898966855135484, 9.142011453396808207, -11.20241626194400730 ) ) ;
#3689 = CARTESIAN_POINT ( 'NONE',  ( -0.8846672641501767131, 0.6537307027676592108, -12.40000000000000391 ) ) ;
#3690 = EDGE_LOOP ( 'NONE', ( #9392, #1444, #1784, #10465 ) ) ;
#3691 = DIRECTION ( 'NONE',  ( -0.7071067811865535679, 0.7071067811865415775, -1.414213562373107097E-15 ) ) ;
#3692 = CARTESIAN_POINT ( 'NONE',  ( -8.076770987746099806, 4.405198112628720963, -20.80000000000001847 ) ) ;
#3693 = DIRECTION ( 'NONE',  ( 1.000000000000000000, 0.000000000000000000, 0.000000000000000000 ) ) ;
#3695 = EDGE_CURVE ( 'NONE', #6641, #8769, #2288, .T. ) ;
#3694 = CARTESIAN_POINT ( 'NONE',  ( 8.259084641060452370, -5.986585091362139011, -11.30000001045598346 ) ) ;
#3696 = CIRCLE ( 'NONE', #9840, 11.00000000000000000 ) ;
#3697 = EDGE_CURVE ( 'NONE', #8498, #10584, #5585, .T. ) ;
#3698 = DIRECTION ( 'NONE',  ( -0.7071067811865540120, 0.000000000000000000, -0.7071067811865410224 ) ) ;
#3699 = VERTEX_POINT ( 'NONE', #7021 ) ;
#3700 = CARTESIAN_POINT ( 'NONE',  ( 8.946641378701430725, 4.899622735904773485, -11.71487171443797770 ) ) ;
#3701 = VERTEX_POINT ( 'NONE', #8609 ) ;
#3702 = CARTESIAN_POINT ( 'NONE',  ( 10.78157096134710358, -4.003993684994097357, -13.72147173670197517 ) ) ;
#3703 = CARTESIAN_POINT ( 'NONE',  ( -3.000000000000000000, 0.000000000000000000, 7.000000000000000000 ) ) ;
#3704 = ADVANCED_FACE ( 'NONE', ( #4497 ), #1297, .F. ) ;
#3705 = ORIENTED_EDGE ( 'NONE', *, *, #6254, .T. ) ;
#3706 = CIRCLE ( 'NONE', #9847, 2.000000000000000000 ) ;
#3707 = ORIENTED_EDGE ( 'NONE', *, *, #144, .T. ) ;
#3708 = DIRECTION ( 'NONE',  ( 1.000000000000000000, 0.000000000000000000, 0.000000000000000000 ) ) ;
#3709 = DIRECTION ( 'NONE',  ( -8.673617379884038430E-16, 0.000000000000000000, 1.000000000000000000 ) ) ;
#3710 = CARTESIAN_POINT ( 'NONE',  ( 0.000000000000000000, 0.000000000000000000, 7.299999999999999822 ) ) ;
#3711 = CIRCLE ( 'NONE', #4403, 1.850000000000000089 ) ;
#3712 = VERTEX_POINT ( 'NONE', #6225 ) ;
#3713 = LINE ( 'NONE', #1482, #62 ) ;
#3714 = CARTESIAN_POINT ( 'NONE',  ( -1.250000000000000000, 9.000000000000000000, -9.400000000000000355 ) ) ;
#3715 = ORIENTED_EDGE ( 'NONE', *, *, #1441, .F. ) ;
#3716 = CYLINDRICAL_SURFACE ( 'NONE', #3848, 2.399999999999999911 ) ;
#3717 = AXIS2_PLACEMENT_3D ( 'NONE', #3578, #9357, #9155 ) ;
#3718 = CYLINDRICAL_SURFACE ( 'NONE', #9962, 1.050000000000409939 ) ;
#3719 = FACE_BOUND ( 'NONE', #10366, .T. ) ;
#3720 = LINE ( 'NONE', #8689, #9259 ) ;
#3721 = CARTESIAN_POINT ( 'NONE',  ( 2.616295090390251765, -3.747665940288685160, -27.09999999999999787 ) ) ;
#3722 = AXIS2_PLACEMENT_3D ( 'NONE', #6836, #8486, #7689 ) ;
#3723 = DIRECTION ( 'NONE',  ( -1.000000000000000000, 0.000000000000000000, 0.000000000000000000 ) ) ;
#3724 = ADVANCED_FACE ( 'NONE', ( #10134 ), #2002, .T. ) ;
#3725 = ORIENTED_EDGE ( 'NONE', *, *, #9550, .F. ) ;
#3726 = DIRECTION ( 'NONE',  ( 1.000000000000000000, 0.000000000000000000, 0.000000000000000000 ) ) ;
#3727 = EDGE_CURVE ( 'NONE', #1336, #1336, #7939, .T. ) ;
#3728 = DIRECTION ( 'NONE',  ( 1.000000000000000000, -2.405628631302114965E-16, 0.000000000000000000 ) ) ;
#3729 = DIRECTION ( 'NONE',  ( 0.000000000000000000, 0.000000000000000000, -1.000000000000000000 ) ) ;
#3730 = CARTESIAN_POINT ( 'NONE',  ( -2.071867419369926491E-15, -1.679663816105752115E-15, -23.89363341178100342 ) ) ;
#3731 = DIRECTION ( 'NONE',  ( 3.746328720364917698E-16, 2.617632310314008722E-16, -1.000000000000000000 ) ) ;
#3732 = CARTESIAN_POINT ( 'NONE',  ( 6.000000000000000000, -3.336382002646370193, 6.935820234048769350 ) ) ;
#3733 = ORIENTED_EDGE ( 'NONE', *, *, #2354, .T. ) ;
#3734 = CARTESIAN_POINT ( 'NONE',  ( -0.8375558018636625190, 0.6189173773547858026, -12.40000000000000213 ) ) ;
#3735 = EDGE_CURVE ( 'NONE', #10584, #2560, #3038, .T. ) ;
#3736 = AXIS2_PLACEMENT_3D ( 'NONE', #4052, #6, #7577 ) ;
#3737 = CARTESIAN_POINT ( 'NONE',  ( -9.580709785814697454, 3.499999999999949374, -10.80000000000002203 ) ) ;
#3738 = EDGE_LOOP ( 'NONE', ( #6117 ) ) ;
#3739 = CARTESIAN_POINT ( 'NONE',  ( -5.860463149278889006, -4.799802978937412590, -26.67925278764001717 ) ) ;
#3740 = EDGE_CURVE ( 'NONE', #693, #693, #4881, .T. ) ;
#3741 = ORIENTED_EDGE ( 'NONE', *, *, #6512, .T. ) ;
#3742 = DIRECTION ( 'NONE',  ( 0.7071067811703317663, 0.7071067812027633792, 1.999999999967579944E-15 ) ) ;
#3743 = CARTESIAN_POINT ( 'NONE',  ( -10.97840985160318006, 0.6888520379748489519, 0.9999999999999991118 ) ) ;
#3744 = CARTESIAN_POINT ( 'NONE',  ( -10.80000000000000071, 1.334865011070614062E-15, 0.9999999999999991118 ) ) ;
#3745 = AXIS2_PLACEMENT_3D ( 'NONE', #6733, #5993, #6096 ) ;
#3746 = FACE_OUTER_BOUND ( 'NONE', #8300, .T. ) ;
#3747 = AXIS2_PLACEMENT_3D ( 'NONE', #10330, #9561, #2213 ) ;
#3748 = CARTESIAN_POINT ( 'NONE',  ( -6.086011853008566952, 9.757584728047898892, -24.41324865405201194 ) ) ;
#3749 = VERTEX_POINT ( 'NONE', #3784 ) ;
#3750 = CARTESIAN_POINT ( 'NONE',  ( 9.276216409869913804, 4.242257122733868790, -10.99449196777297821 ) ) ;
#3751 = ORIENTED_EDGE ( 'NONE', *, *, #5920, .F. ) ;
#3752 = ADVANCED_FACE ( 'NONE', ( #8020 ), #7277, .T. ) ;
#3753 = CARTESIAN_POINT ( 'NONE',  ( -9.127281619482705111, 4.553502990261942607, -11.23097303732502361 ) ) ;
#3754 = EDGE_CURVE ( 'NONE', #4775, #7801, #2273, .T. ) ;
#3755 = ADVANCED_FACE ( 'NONE', ( #10448 ), #10470, .T. ) ;
#3756 = VERTEX_POINT ( 'NONE', #2648 ) ;
#3757 = CIRCLE ( 'NONE', #6009, 0.1000000000000000194 ) ;
#3758 = CONICAL_SURFACE ( 'NONE', #1674, 9.200000000000001066, 1.047197551196999754 ) ;
#3759 = CARTESIAN_POINT ( 'NONE',  ( -2.377868526379438130, -6.049441401588689260, -27.30000000000001847 ) ) ;
#3760 = DIRECTION ( 'NONE',  ( 0.000000000000000000, 0.000000000000000000, -1.000000000000000000 ) ) ;
#3761 = ORIENTED_EDGE ( 'NONE', *, *, #4593, .F. ) ;
#3762 = VERTEX_POINT ( 'NONE', #8183 ) ;
#3763 = CARTESIAN_POINT ( 'NONE',  ( 5.344147335578581348, -6.404807507358313501, -24.38943002390690395 ) ) ;
#3764 = EDGE_LOOP ( 'NONE', ( #3480 ) ) ;
#3765 = ORIENTED_EDGE ( 'NONE', *, *, #6317, .T. ) ;
#3766 = CARTESIAN_POINT ( 'NONE',  ( 4.907905048204257881, 8.942095008309502546, -11.73175504206698605 ) ) ;
#3767 = CARTESIAN_POINT ( 'NONE',  ( -10.67384538559928941, -4.280525534663973453, -13.58263196155103003 ) ) ;
#3768 = AXIS2_PLACEMENT_3D ( 'NONE', #2383, #8927, #8129 ) ;
#3769 = CARTESIAN_POINT ( 'NONE',  ( 4.560838738653266056, -4.560838738653201219, -8.600000000000001421 ) ) ;
#3770 = CARTESIAN_POINT ( 'NONE',  ( 5.355278327009161288, -8.681096103568600952, -12.82552176528199261 ) ) ;
#3771 = DIRECTION ( 'NONE',  ( 9.222182540694783561E-16, 1.114249275747775692E-15, -1.000000000000000000 ) ) ;
#3772 = DIRECTION ( 'NONE',  ( -2.127168668776063032E-15, -7.631018648170374929E-16, 1.000000000000000000 ) ) ;
#3773 = CARTESIAN_POINT ( 'NONE',  ( 6.049441401588689260, -2.377868526379438130, -27.29999999999999005 ) ) ;
#3774 = ORIENTED_EDGE ( 'NONE', *, *, #447, .T. ) ;
#3775 = CARTESIAN_POINT ( 'NONE',  ( 0.000000000000000000, 0.000000000000000000, 7.000000000000000000 ) ) ;
#3776 = CARTESIAN_POINT ( 'NONE',  ( 0.000000000000000000, 0.000000000000000000, 5.000000000000000000 ) ) ;
#3777 = PLANE ( 'NONE',  #6668 ) ;
#3778 = CIRCLE ( 'NONE', #6368, 0.1000000000000000056 ) ;
#3779 = LINE ( 'NONE', #7064, #8025 ) ;
#3780 = CARTESIAN_POINT ( 'NONE',  ( -9.000000000000000000, -3.142335024998445122E-14, 1.000000000000000000 ) ) ;
#3781 = DIRECTION ( 'NONE',  ( 0.000000000000000000, 0.000000000000000000, 1.000000000000000000 ) ) ;
#3782 = CARTESIAN_POINT ( 'NONE',  ( -5.093865147111840539E-13, -9.000000000000000000, -9.199999999999999289 ) ) ;
#3783 = CARTESIAN_POINT ( 'NONE',  ( 4.280525534658985443, -10.67384538559431384, -13.58263196155099450 ) ) ;
#3784 = CARTESIAN_POINT ( 'NONE',  ( -1.850000000000000089, -10.84331591350174051, 3.000000000000000000 ) ) ;
#3785 = VERTEX_POINT ( 'NONE', #4173 ) ;
#3786 = AXIS2_PLACEMENT_3D ( 'NONE', #10143, #8514, #6186 ) ;
#3787 = ADVANCED_FACE ( 'NONE', ( #2488 ), #3359, .T. ) ;
#3788 = ORIENTED_EDGE ( 'NONE', *, *, #7355, .T. ) ;
#3789 = EDGE_CURVE ( 'NONE', #2523, #4854, #7266, .T. ) ;
#3790 = LINE ( 'NONE', #443, #9549 ) ;
#3791 = ORIENTED_EDGE ( 'NONE', *, *, #5327, .T. ) ;
#3792 = DIRECTION ( 'NONE',  ( -0.7071067811865522357, 0.7071067811865429098, 0.000000000000000000 ) ) ;
#3793 = AXIS2_PLACEMENT_3D ( 'NONE', #10242, #3574, #1190 ) ;
#3794 = CARTESIAN_POINT ( 'NONE',  ( -0.6099076439117319115, -2.750000000000000444, 7.299999999999999822 ) ) ;
#3795 = CARTESIAN_POINT ( 'NONE',  ( 4.871965794507857161, 10.41701629594647649, -11.69250292241298439 ) ) ;
#3796 = DIRECTION ( 'NONE',  ( -3.130185029406269949E-15, -4.902016902688744135E-16, 1.000000000000000000 ) ) ;
#3797 = ORIENTED_EDGE ( 'NONE', *, *, #6765, .F. ) ;
#3798 = EDGE_CURVE ( 'NONE', #1811, #3975, #8456, .T. ) ;
#3799 = CARTESIAN_POINT ( 'NONE',  ( 9.112955154030613514, 4.582029351466909262, -11.26035002034897836 ) ) ;
#3800 = APPROVAL_PERSON_ORGANIZATION ( #3501, #5316, #1106 ) ;
#3801 = DIRECTION ( 'NONE',  ( 1.000000000000000000, 0.000000000000000000, 0.000000000000000000 ) ) ;
#3802 = CARTESIAN_POINT ( 'NONE',  ( 1.624913427312634884, -1.833618377345490158, 7.700000000000000178 ) ) ;
#3803 = CARTESIAN_POINT ( 'NONE',  ( -8.911871283232070340, 4.961876225946300067, -11.89878340595501882 ) ) ;
#3804 = ORIENTED_EDGE ( 'NONE', *, *, #2267, .F. ) ;
#3805 = AXIS2_PLACEMENT_3D ( 'NONE', #1478, #7186, #6406 ) ;
#3806 = VERTEX_POINT ( 'NONE', #1778 ) ;
#3807 = CARTESIAN_POINT ( 'NONE',  ( 2.379416067773208798, -1.758285178164000762, -9.399999999999995026 ) ) ;
#3808 =( BOUNDED_SURFACE ( )  B_SPLINE_SURFACE ( 3, 3, ( 
 ( #4344, #9266, #8458, #1903, #7658, #7859, #9518 ),
 ( #10342, #5480, #492, #2989, #2881, #3041, #9572 ),
 ( #2223, #5535, #4450, #7718, #5378, #8611, #10137 ),
 ( #2006, #8559, #4501, #1245, #7521, #1401, #1658 ) ),
 .UNSPECIFIED., .F., .T., .T. ) 
 B_SPLINE_SURFACE_WITH_KNOTS ( ( 4, 4 ),
 ( 4, 3, 4 ),
 ( 0.000000000000000000, 1.000000000000000000 ),
 ( 0.000000000000000000, 0.5000000000000000000, 1.000000000000000000 ),
 .UNSPECIFIED. ) 
 GEOMETRIC_REPRESENTATION_ITEM ( )  RATIONAL_B_SPLINE_SURFACE ( (
 ( 1.000000000000000000, 0.3333333333333335369, 0.3333333333333335369, 1.000000000000000000, 0.3333333333333335369, 0.3333333333333335369, 1.000000000000000000),
 ( 0.8047378541243649375, 0.2682459513747884605, 0.2682459513747884605, 0.8047378541243649375, 0.2682459513747884605, 0.2682459513747884605, 0.8047378541243649375),
 ( 0.8047378541243649375, 0.2682459513747884605, 0.2682459513747884605, 0.8047378541243649375, 0.2682459513747884605, 0.2682459513747884605, 0.8047378541243649375),
 ( 1.000000000000000000, 0.3333333333333335369, 0.3333333333333335369, 1.000000000000000000, 0.3333333333333335369, 0.3333333333333335369, 1.000000000000000000) ) ) 
 REPRESENTATION_ITEM ( '' )  SURFACE ( )  );
#3809 = CARTESIAN_POINT ( 'NONE',  ( 1.250000000000033973, -9.000000000000000000, 0.9999999999999991118 ) ) ;
#3810 = AXIS2_PLACEMENT_3D ( 'NONE', #6970, #10188, #6915 ) ;
#3811 = ORIENTED_EDGE ( 'NONE', *, *, #686, .F. ) ;
#3812 = EDGE_CURVE ( 'NONE', #1195, #2147, #9926, .T. ) ;
#3813 = CARTESIAN_POINT ( 'NONE',  ( -4.079041866330039773E-15, -7.828636328851359370E-15, -8.400000000000000355 ) ) ;
#3814 = EDGE_LOOP ( 'NONE', ( #1981 ) ) ;
#3815 = CARTESIAN_POINT ( 'NONE',  ( -7.163961030678270170, -6.363961030679200270, 5.000000000000000000 ) ) ;
#3816 = ORIENTED_EDGE ( 'NONE', *, *, #8688, .F. ) ;
#3817 = FACE_BOUND ( 'NONE', #9967, .T. ) ;
#3818 = ORIENTED_EDGE ( 'NONE', *, *, #9578, .F. ) ;
#3819 = CARTESIAN_POINT ( 'NONE',  ( 4.954063058880145753, 8.916240535517822252, -12.72479970301998620 ) ) ;
#3820 = AXIS2_PLACEMENT_3D ( 'NONE', #4312, #6828, #7565 ) ;
#3821 = DIRECTION ( 'NONE',  ( 0.000000000000000000, 0.000000000000000000, 1.000000000000000000 ) ) ;
#3822 = VERTEX_POINT ( 'NONE', #3769 ) ;
#3823 = EDGE_CURVE ( 'NONE', #3822, #3822, #7601, .T. ) ;
#3824 = CARTESIAN_POINT ( 'NONE',  ( 4.972196530949371862, -4.684030689613307707, -27.10889616804599100 ) ) ;
#3825 = CARTESIAN_POINT ( 'NONE',  ( -6.000000000000000000, 3.605551275463990013, 7.000000000000000000 ) ) ;
#3826 = AXIS2_PLACEMENT_3D ( 'NONE', #2553, #5858, #8293 ) ;
#3827 = ORIENTED_EDGE ( 'NONE', *, *, #2008, .T. ) ;
#3828 = EDGE_CURVE ( 'NONE', #2906, #6723, #9971, .T. ) ;
#3829 = VERTEX_POINT ( 'NONE', #329 ) ;
#3830 = FACE_OUTER_BOUND ( 'NONE', #8933, .T. ) ;
#3831 = CIRCLE ( 'NONE', #923, 1.250000000000542233 ) ;
#3832 = LINE ( 'NONE', #10018, #8004 ) ;
#3833 = DIRECTION ( 'NONE',  ( 0.000000000000000000, 0.000000000000000000, 1.000000000000000000 ) ) ;
#3834 = DIRECTION ( 'NONE',  ( 2.658675614935031037E-15, 7.920054772553355309E-16, -1.000000000000000000 ) ) ;
#3835 = CARTESIAN_POINT ( 'NONE',  ( 4.894341174470381972, -10.40651886101791668, -12.85420397048799224 ) ) ;
#3836 = DIRECTION ( 'NONE',  ( -0.7071067812027509447, -0.7071067811703440897, -2.220000000032417236E-15 ) ) ;
#3837 = ORIENTED_EDGE ( 'NONE', *, *, #2347, .T. ) ;
#3838 = AXIS2_PLACEMENT_3D ( 'NONE', #4821, #595, #712 ) ;
#3839 = ORIENTED_EDGE ( 'NONE', *, *, #4091, .T. ) ;
#3840 = CARTESIAN_POINT ( 'NONE',  ( 11.49999999999386269, 3.499999999994553690, -13.79999999999997229 ) ) ;
#3841 = EDGE_LOOP ( 'NONE', ( #6593, #1794, #5166, #3869, #5292, #252, #8409, #1063 ) ) ;
#3842 = PLANE ( 'NONE',  #6523 ) ;
#3843 = DIRECTION ( 'NONE',  ( -1.000000000000000000, 0.000000000000000000, 0.000000000000000000 ) ) ;
#3844 = CARTESIAN_POINT ( 'NONE',  ( 4.574074773964202478, 10.55127468166255511, -13.34827752717898441 ) ) ;
#3845 = CARTESIAN_POINT ( 'NONE',  ( -3.629958274915487504, -10.91292885339371033, -10.80000001056801651 ) ) ;
#3846 = CARTESIAN_POINT ( 'NONE',  ( -2.412728902227692540, 1.782901916639081152, -12.30000000000000782 ) ) ;
#3847 = EDGE_CURVE ( 'NONE', #428, #7347, #5408, .T. ) ;
#3848 = AXIS2_PLACEMENT_3D ( 'NONE', #2741, #1933, #5137 ) ;
#3849 = ORIENTED_EDGE ( 'NONE', *, *, #10019, .T. ) ;
#3850 = CARTESIAN_POINT ( 'NONE',  ( 6.363961030679580411, -6.363961030678660258, 5.000000000000000000 ) ) ;
#3851 = ORIENTED_EDGE ( 'NONE', *, *, #3308, .T. ) ;
#3852 = CARTESIAN_POINT ( 'NONE',  ( -0.7071067811865722197, 0.7071067811865382469, -19.60000000000000142 ) ) ;
#3853 = CARTESIAN_POINT ( 'NONE',  ( -4.405198112628731621, -8.076770987746087371, -23.89363341178101763 ) ) ;
#3854 = EDGE_CURVE ( 'NONE', #3956, #9911, #3831, .T. ) ;
#3855 = ORIENTED_EDGE ( 'NONE', *, *, #4874, .T. ) ;
#3856 = CARTESIAN_POINT ( 'NONE',  ( -8.890290552217933850, -5.000273327022823011, -12.28171833057702322 ) ) ;
#3857 = EDGE_LOOP ( 'NONE', ( #6019, #9733, #5987, #569, #8110, #2358, #9142, #970 ) ) ;
#3858 = FACE_OUTER_BOUND ( 'NONE', #2256, .T. ) ;
#3859 = CARTESIAN_POINT ( 'NONE',  ( 7.014059722449477619, 5.953399550669772999, -23.89363341178098210 ) ) ;
#3860 = VECTOR ( 'NONE', #9846, 1000.000000000000000 ) ;
#3861 = ADVANCED_FACE ( 'NONE', ( #9453 ), #9340, .T. ) ;
#3862 = CARTESIAN_POINT ( 'NONE',  ( 10.38566075809917244, 4.938698366539573392, -11.85149325918497532 ) ) ;
#3863 = LINE ( 'NONE', #7986, #4859 ) ;
#3864 = DIRECTION ( 'NONE',  ( -1.000000000000000000, 0.000000000000000000, 0.000000000000000000 ) ) ;
#3865 = ORIENTED_EDGE ( 'NONE', *, *, #10172, .T. ) ;
#3866 = ORIENTED_EDGE ( 'NONE', *, *, #3091, .F. ) ;
#3867 = CARTESIAN_POINT ( 'NONE',  ( -11.00000000000000000, 0.000000000000000000, 7.000000000000000000 ) ) ;
#3868 = AXIS2_PLACEMENT_3D ( 'NONE', #5385, #8566, #248 ) ;
#3869 = ORIENTED_EDGE ( 'NONE', *, *, #2747, .F. ) ;
#3870 = ORIENTED_EDGE ( 'NONE', *, *, #4928, .T. ) ;
#3871 = ADVANCED_FACE ( 'NONE', ( #3514, #6793 ), #10023, .T. ) ;
#3872 = ORIENTED_EDGE ( 'NONE', *, *, #10194, .F. ) ;
#3873 = ADVANCED_FACE ( 'NONE', ( #4586 ), #4703, .T. ) ;
#3874 = CARTESIAN_POINT ( 'NONE',  ( -4.163894680072428325E-15, -7.828636328851359370E-15, -8.400000000000000355 ) ) ;
#3875 = AXIS2_PLACEMENT_3D ( 'NONE', #10590, #8260, #6137 ) ;
#3876 = FACE_BOUND ( 'NONE', #1425, .T. ) ;
#3877 = DIRECTION ( 'NONE',  ( 0.000000000000000000, 1.000000000000000000, 0.000000000000000000 ) ) ;
#3878 = VERTEX_POINT ( 'NONE', #6361 ) ;
#3879 = CARTESIAN_POINT ( 'NONE',  ( 9.452826169677267742, 3.835190596537509489, -13.76958624008397791 ) ) ;
#3880 = CARTESIAN_POINT ( 'NONE',  ( 4.628299328998561002, -5.095555156609945513, -27.07848800326299354 ) ) ;
#3881 = CARTESIAN_POINT ( 'NONE',  ( 0.000000000000000000, 0.000000000000000000, 0.9999999999999991118 ) ) ;
#3882 = EDGE_LOOP ( 'NONE', ( #7719, #7795, #9374, #6892 ) ) ;
#3883 = AXIS2_PLACEMENT_3D ( 'NONE', #7504, #4353, #6819 ) ;
#3884 = DIRECTION ( 'NONE',  ( -0.7071067811865535679, 0.7071067811865415775, -1.414213562373107097E-15 ) ) ;
#3885 = CARTESIAN_POINT ( 'NONE',  ( 5.833630944789019779, 5.833630944789019779, -9.400000000000000355 ) ) ;
#3886 = EDGE_CURVE ( 'NONE', #4292, #3542, #2209, .T. ) ;
#3887 = DIRECTION ( 'NONE',  ( -6.182342530834563297E-16, -4.848523255675577670E-16, 1.000000000000000000 ) ) ;
#3888 = CARTESIAN_POINT ( 'NONE',  ( -4.897904710695876851, 10.40498320004152788, -11.74391625417201013 ) ) ;
#3889 = DIRECTION ( 'NONE',  ( 1.000000000000000000, 0.000000000000000000, 0.000000000000000000 ) ) ;
#3890 = VECTOR ( 'NONE', #5411, 1000.000000000000000 ) ;
#3891 = DIRECTION ( 'NONE',  ( -0.7071067812027518329, -0.7071067811703430905, -2.000000000032419183E-15 ) ) ;
#3892 = CARTESIAN_POINT ( 'NONE',  ( 0.7071067811865414665, -0.7071067811865440200, -22.45857864376269575 ) ) ;
#3893 = CARTESIAN_POINT ( 'NONE',  ( 9.534008207721415218, -6.430758779546063231, -13.02220097420797984 ) ) ;
#3894 = ORIENTED_EDGE ( 'NONE', *, *, #573, .T. ) ;
#3895 = LINE ( 'NONE', #5596, #9396 ) ;
#3896 = CARTESIAN_POINT ( 'NONE',  ( -4.808326112068476377, -5.868986283848385277, -26.67232776209101530 ) ) ;
#3897 = AXIS2_PLACEMENT_3D ( 'NONE', #9406, #5426, #6220 ) ;
#3898 = ORIENTED_EDGE ( 'NONE', *, *, #2062, .F. ) ;
#3899 = ORIENTED_EDGE ( 'NONE', *, *, #5290, .T. ) ;
#3900 = CARTESIAN_POINT ( 'NONE',  ( 8.194733342136206744, -6.073412998576483979, -13.29999999999998295 ) ) ;
#3901 = CYLINDRICAL_SURFACE ( 'NONE', #8400, 1.000000000000000000 ) ;
#3902 = DIRECTION ( 'NONE',  ( -0.7071067811865480168, 8.659560562354939021E-17, 0.7071067811865470176 ) ) ;
#3903 = CARTESIAN_POINT ( 'NONE',  ( 4.922667785323019629, 4.713913591005656656, -27.11776946302198965 ) ) ;
#3904 = CARTESIAN_POINT ( 'NONE',  ( -2.412728902227692540, 1.782901916639081152, -12.30000000000000782 ) ) ;
#3905 = ORIENTED_EDGE ( 'NONE', *, *, #4718, .F. ) ;
#3906 = AXIS2_PLACEMENT_3D ( 'NONE', #10498, #9776, #2331 ) ;
#3907 = CARTESIAN_POINT ( 'NONE',  ( -3.835190596560881904, 9.452826169668103518, -13.76958624007900767 ) ) ;
#3908 = VECTOR ( 'NONE', #6651, 1000.000000000000000 ) ;
#3909 = CARTESIAN_POINT ( 'NONE',  ( 8.942095008310177562, -4.907905048203594411, -11.73175504206598063 ) ) ;
#3910 = CARTESIAN_POINT ( 'NONE',  ( 9.192388155404634276, -7.071067811885910714, -11.29999999999997939 ) ) ;
#3911 = ORIENTED_EDGE ( 'NONE', *, *, #3823, .T. ) ;
#3912 = DIRECTION ( 'NONE',  ( 7.666547622084402378E-16, 8.031222920256935389E-16, -1.000000000000000000 ) ) ;
#3913 = CIRCLE ( 'NONE', #6170, 3.000000000000000444 ) ;
#3914 = CARTESIAN_POINT ( 'NONE',  ( 10.37096205663634585, 4.969337436529320584, -11.96181140036997448 ) ) ;
#3915 = CIRCLE ( 'NONE', #1666, 3.500000000000000000 ) ;
#3916 = CARTESIAN_POINT ( 'NONE',  ( -9.000000000000000000, 1.849999999999970113, 5.000000000000000000 ) ) ;
#3917 = CYLINDRICAL_SURFACE ( 'NONE', #7244, 0.1000000000000000194 ) ;
#3918 = LINE ( 'NONE', #5822, #10430 ) ;
#3919 = ORIENTED_EDGE ( 'NONE', *, *, #8311, .T. ) ;
#3920 = CARTESIAN_POINT ( 'NONE',  ( -10.97840985160318006, -0.6888520379748489519, 0.9999999999999991118 ) ) ;
#3921 = VERTEX_POINT ( 'NONE', #3025 ) ;
#3922 = EDGE_CURVE ( 'NONE', #120, #2986, #5464, .T. ) ;
#3923 = CONICAL_SURFACE ( 'NONE', #4612, 1.250000000000542233, 0.7853981633974476129 ) ;
#3924 = VECTOR ( 'NONE', #6613, 1000.000000000000000 ) ;
#3925 = ORIENTED_EDGE ( 'NONE', *, *, #4645, .T. ) ;
#3926 = ADVANCED_FACE ( 'NONE', ( #3143, #9558 ), #8066, .F. ) ;
#3927 = ORIENTED_EDGE ( 'NONE', *, *, #9622, .T. ) ;
#3928 = CARTESIAN_POINT ( 'NONE',  ( 4.999864555443584990, 8.890520551393244375, -12.26763379047198654 ) ) ;
#3929 = CARTESIAN_POINT ( 'NONE',  ( -1.050000000000000044, -9.000000000000000000, 3.000000000000000000 ) ) ;
#3930 = EDGE_CURVE ( 'NONE', #4952, #3701, #8336, .T. ) ;
#3931 = CARTESIAN_POINT ( 'NONE',  ( -10.46490192072390180, -4.768311880340391440, -13.10255079437902737 ) ) ;
#3932 = CIRCLE ( 'NONE', #6849, 1.250000000000403677 ) ;
#3933 = VERTEX_POINT ( 'NONE', #8065 ) ;
#3934 = CARTESIAN_POINT ( 'NONE',  ( 4.799802978937410813, -5.860463149278887229, -26.67925278763999231 ) ) ;
#3935 = DIRECTION ( 'NONE',  ( -1.000000000000000000, 0.000000000000000000, 0.000000000000000000 ) ) ;
#3936 = EDGE_CURVE ( 'NONE', #9309, #6723, #864, .T. ) ;
#3937 = ORIENTED_EDGE ( 'NONE', *, *, #2976, .T. ) ;
#3938 = DIRECTION ( 'NONE',  ( 0.000000000000000000, 0.000000000000000000, 1.000000000000000000 ) ) ;
#3939 = LINE ( 'NONE', #1505, #8874 ) ;
#3940 = DIRECTION ( 'NONE',  ( -9.222182540694834837E-16, -4.919953083036139495E-16, 1.000000000000000000 ) ) ;
#3941 = DIRECTION ( 'NONE',  ( 0.000000000000000000, 0.000000000000000000, -1.000000000000000000 ) ) ;
#3942 = VECTOR ( 'NONE', #9316, 1000.000000000000000 ) ;
#3943 = DIRECTION ( 'NONE',  ( 1.000000000000000000, 0.000000000000000000, 0.000000000000000000 ) ) ;
#3944 = CYLINDRICAL_SURFACE ( 'NONE', #6796, 3.000000000000000000 ) ;
#3945 = CARTESIAN_POINT ( 'NONE',  ( -1.393320238429273142E-14, -2.755982353573374711E-14, -10.80000000000000071 ) ) ;
#3946 = CARTESIAN_POINT ( 'NONE',  ( -0.7778174593051941921, -2.333452377915611997, -22.50000000000000711 ) ) ;
#3947 = EDGE_CURVE ( 'NONE', #6500, #3983, #101, .T. ) ;
#3948 = CARTESIAN_POINT ( 'NONE',  ( 9.705020886158866489, -6.169486980226037254, -12.29999999999998117 ) ) ;
#3949 = ORIENTED_EDGE ( 'NONE', *, *, #9601, .T. ) ;
#3950 = EDGE_CURVE ( 'NONE', #5908, #7154, #6559, .T. ) ;
#3951 = AXIS2_PLACEMENT_3D ( 'NONE', #5095, #6589, #4169 ) ;
#3952 = LINE ( 'NONE', #10340, #3070 ) ;
#3953 = ORIENTED_EDGE ( 'NONE', *, *, #7736, .T. ) ;
#3954 = CARTESIAN_POINT ( 'NONE',  ( -4.730409103947661009, -4.898284846202409781, -27.12133830928301492 ) ) ;
#3955 = ORIENTED_EDGE ( 'NONE', *, *, #1441, .T. ) ;
#3956 = VERTEX_POINT ( 'NONE', #9819 ) ;
#3957 = ORIENTED_EDGE ( 'NONE', *, *, #6707, .F. ) ;
#3958 = CARTESIAN_POINT ( 'NONE',  ( -3.725420603910886808, -9.496538687308913040, -10.81026177729901150 ) ) ;
#3959 = FACE_OUTER_BOUND ( 'NONE', #2663, .T. ) ;
#3960 = CARTESIAN_POINT ( 'NONE',  ( 4.767137703045728259, 4.851528696805502250, -27.12588195420698867 ) ) ;
#3961 = AXIS2_PLACEMENT_3D ( 'NONE', #1117, #7636, #1018 ) ;
#3962 = EDGE_LOOP ( 'NONE', ( #1360, #3470, #3314, #3408 ) ) ;
#3963 = EDGE_CURVE ( 'NONE', #3516, #2495, #3167, .T. ) ;
#3964 = DIRECTION ( 'NONE',  ( -0.7071067811865480168, 8.659560562354939021E-17, 0.7071067811865470176 ) ) ;
#3965 = FACE_OUTER_BOUND ( 'NONE', #9881, .T. ) ;
#3966 = CARTESIAN_POINT ( 'NONE',  ( 8.890290552217942732, -5.000273327022673797, -12.31828166942298353 ) ) ;
#3967 = ORIENTED_EDGE ( 'NONE', *, *, #3490, .F. ) ;
#3968 = CIRCLE ( 'NONE', #348, 0.8000000000000003775 ) ;
#3969 = ADVANCED_FACE ( 'NONE', ( #1767, #5733 ), #8920, .T. ) ;
#3970 = CARTESIAN_POINT ( 'NONE',  ( 10.82572612940044898, 3.883880206061881335, -13.75998642149297169 ) ) ;
#3971 = DIRECTION ( 'NONE',  ( 0.000000000000000000, 0.000000000000000000, -1.000000000000000000 ) ) ;
#3972 = CARTESIAN_POINT ( 'NONE',  ( -9.000000000000248690, 2.546932573555920269E-13, -9.200000000000008171 ) ) ;
#3973 = CIRCLE ( 'NONE', #9945, 2.899999999999999911 ) ;
#3974 = DIRECTION ( 'NONE',  ( -1.048895622013371374E-15, -1.935094994593850567E-15, 1.000000000000000000 ) ) ;
#3975 = VERTEX_POINT ( 'NONE', #916 ) ;
#3976 = LINE ( 'NONE', #901, #3371 ) ;
#3977 = VERTEX_POINT ( 'NONE', #6634 ) ;
#3978 = CARTESIAN_POINT ( 'NONE',  ( 0.5900923560882680441, -2.299999999999999822, 7.299999999999999822 ) ) ;
#3979 = CARTESIAN_POINT ( 'NONE',  ( -6.363961030678820130, 6.363961030678660258, 1.000000000000000000 ) ) ;
#3980 = FACE_OUTER_BOUND ( 'NONE', #5222, .T. ) ;
#3981 = ORIENTED_EDGE ( 'NONE', *, *, #4731, .F. ) ;
#3982 = CARTESIAN_POINT ( 'NONE',  ( -1.850000000000000089, 10.84331591350174051, 3.000000000000000000 ) ) ;
#3983 = VERTEX_POINT ( 'NONE', #5838 ) ;
#3984 = CARTESIAN_POINT ( 'NONE',  ( 0.000000000000000000, 0.000000000000000000, 7.799999999999999822 ) ) ;
#3985 = DIRECTION ( 'NONE',  ( -0.8042429674092187453, 0.5943006388796956418, -1.156482317317871133E-15 ) ) ;
#3986 = CARTESIAN_POINT ( 'NONE',  ( -10.82572612947476820, -3.883880205867439539, -10.84001357845703062 ) ) ;
#3987 = EDGE_CURVE ( 'NONE', #3282, #9589, #8127, .T. ) ;
#3988 = VERTEX_POINT ( 'NONE', #475 ) ;
#3990 = EDGE_CURVE ( 'NONE', #4389, #7555, #4862, .T. ) ;
#3989 = CARTESIAN_POINT ( 'NONE',  ( -1.053339110345203004E-15, -2.029646455628129316E-15, -22.40000000000000213 ) ) ;
#3991 = CARTESIAN_POINT ( 'NONE',  ( -9.000000000000248690, 2.546932573555920269E-13, 0.8000000000000003775 ) ) ;
#3992 = VERTEX_POINT ( 'NONE', #9764 ) ;
#3993 = AXIS2_PLACEMENT_3D ( 'NONE', #1435, #6416, #7000 ) ;
#3994 = EDGE_LOOP ( 'NONE', ( #9024 ) ) ;
#3995 = CARTESIAN_POINT ( 'NONE',  ( 4.808326112068474600, 5.868986283848385277, -27.29999999999999005 ) ) ;
#3996 = FACE_OUTER_BOUND ( 'NONE', #8455, .T. ) ;
#3997 = EDGE_CURVE ( 'NONE', #5416, #5416, #3504, .T. ) ;
#3998 = CARTESIAN_POINT ( 'NONE',  ( -4.204762515077126116E-14, -1.556743538030884026E-14, -8.000000000000000000 ) ) ;
#3999 = DIRECTION ( 'NONE',  ( -0.7071067811865522357, 0.7071067811865429098, -1.508455196501571232E-15 ) ) ;
#4000 = AXIS2_PLACEMENT_3D ( 'NONE', #10539, #9813, #8263 ) ;
#4001 = CARTESIAN_POINT ( 'NONE',  ( 0.000000000000000000, 9.000000000000000000, 5.000000000000000000 ) ) ;
#4002 = CARTESIAN_POINT ( 'NONE',  ( -2.121320343559649935, -0.7071067811865680008, -22.45857864376270285 ) ) ;
#4003 = FACE_OUTER_BOUND ( 'NONE', #2803, .T. ) ;
#4004 = ORIENTED_EDGE ( 'NONE', *, *, #8338, .F. ) ;
#4005 = LINE ( 'NONE', #3097, #2470 ) ;
#4006 = DIRECTION ( 'NONE',  ( 0.000000000000000000, 0.000000000000000000, -1.000000000000000000 ) ) ;
#4007 = VERTEX_POINT ( 'NONE', #2477 ) ;
#4008 = CARTESIAN_POINT ( 'NONE',  ( -4.997270754621351507, -4.670617836566522740, -27.10363736790101541 ) ) ;
#4009 = VECTOR ( 'NONE', #1727, 1000.000000000000000 ) ;
#4010 = ORIENTED_EDGE ( 'NONE', *, *, #3561, .T. ) ;
#4011 = EDGE_LOOP ( 'NONE', ( #7461, #8237, #8193, #8272, #6252, #10028, #8275, #5074, #3816, #2522 ) ) ;
#4012 = CARTESIAN_POINT ( 'NONE',  ( -5.833630944789019779, -5.833630944789019779, -9.400000000000000355 ) ) ;
#4013 = EDGE_CURVE ( 'NONE', #2495, #3104, #3401, .T. ) ;
#4014 = DIRECTION ( 'NONE',  ( 1.000000000000000000, 0.000000000000000000, 0.000000000000000000 ) ) ;
#4015 = CARTESIAN_POINT ( 'NONE',  ( 4.965625972004483302, 10.37272415736389242, -11.96298691352398436 ) ) ;
#4016 = CARTESIAN_POINT ( 'NONE',  ( 4.730409103947661009, 4.898284846202409781, -27.12133830928298650 ) ) ;
#4017 = CARTESIAN_POINT ( 'NONE',  ( -3.982483294463547149E-14, -1.506079541106454387E-14, -8.949999999999999289 ) ) ;
#4018 = DIRECTION ( 'NONE',  ( 0.000000000000000000, 0.000000000000000000, 1.000000000000000000 ) ) ;
#4019 = ORIENTED_EDGE ( 'NONE', *, *, #5093, .F. ) ;
#4020 = PLANE ( 'NONE',  #9336 ) ;
#4021 = ORIENTED_EDGE ( 'NONE', *, *, #7145, .T. ) ;
#4022 = CARTESIAN_POINT ( 'NONE',  ( -0.8042429674092621550, 0.5943006388796878703, -9.500000000000003553 ) ) ;
#4023 = EDGE_CURVE ( 'NONE', #8750, #8750, #2299, .T. ) ;
#4024 = CARTESIAN_POINT ( 'NONE',  ( -4.904185403714386382, 4.725165811986468789, -27.12103861790701131 ) ) ;
#4025 = CIRCLE ( 'NONE', #5423, 0.1000000000000000194 ) ;
#4026 = ADVANCED_FACE ( 'NONE', ( #4523 ), #7623, .T. ) ;
#4027 = CARTESIAN_POINT ( 'NONE',  ( 10.43640145249937845, 4.830306952750714977, -11.60593206260597476 ) ) ;
#4028 = AXIS2_PLACEMENT_3D ( 'NONE', #4685, #571, #1332 ) ;
#4029 = DIRECTION ( 'NONE',  ( -1.544472221513646607E-15, -3.364318164425787401E-16, 1.000000000000000000 ) ) ;
#4030 = CARTESIAN_POINT ( 'NONE',  ( 0.000000000000000000, 0.000000000000000000, 3.000000000000000000 ) ) ;
#4031 = DIRECTION ( 'NONE',  ( 0.000000000000000000, 0.000000000000000000, 1.000000000000000000 ) ) ;
#4032 = FACE_OUTER_BOUND ( 'NONE', #283, .T. ) ;
#4033 = DIRECTION ( 'NONE',  ( -1.000000000000000000, 0.000000000000000000, -0.000000000000000000 ) ) ;
#4034 = ORIENTED_EDGE ( 'NONE', *, *, #10515, .F. ) ;
#4035 = FACE_OUTER_BOUND ( 'NONE', #6985, .T. ) ;
#4036 = VERTEX_POINT ( 'NONE', #7571 ) ;
#4037 = DIRECTION ( 'NONE',  ( 0.7071067811703428685, -0.7071067812027522770, 1.304213562327256319E-15 ) ) ;
#4038 = DIRECTION ( 'NONE',  ( -1.000000000000000000, 0.000000000000000000, 0.000000000000000000 ) ) ;
#4039 = EDGE_LOOP ( 'NONE', ( #1233, #6894, #2573, #3214 ) ) ;
#4040 = VECTOR ( 'NONE', #2472, 1000.000000000000000 ) ;
#4041 = ORIENTED_EDGE ( 'NONE', *, *, #3116, .T. ) ;
#4042 = CARTESIAN_POINT ( 'NONE',  ( -3.597178207935918439E-14, -6.171782079359285492E-15, -12.40000000000000213 ) ) ;
#4043 = CARTESIAN_POINT ( 'NONE',  ( 10.97840985160318006, 0.6888520379748489519, 0.9999999999999991118 ) ) ;
#4044 = AXIS2_PLACEMENT_3D ( 'NONE', #8403, #5311, #3683 ) ;
#4045 = CARTESIAN_POINT ( 'NONE',  ( -8.131727983645369306, 8.131727983645220093, -10.00000000000000000 ) ) ;
#4046 = DIRECTION ( 'NONE',  ( 1.000000000000000000, 0.000000000000000000, 0.000000000000000000 ) ) ;
#4047 = CARTESIAN_POINT ( 'NONE',  ( 5.144591483210251504, -4.613763703059131416, -27.06307265268099016 ) ) ;
#4048 = CARTESIAN_POINT ( 'NONE',  ( -10.76199274157301389, 0.9052691480050321093, 1.000000000000000000 ) ) ;
#4049 = ORIENTED_EDGE ( 'NONE', *, *, #5981, .T. ) ;
#4050 = DIRECTION ( 'NONE',  ( 0.7071067811703432016, -0.7071067812027519439, 1.414213562327257318E-15 ) ) ;
#4051 = ORIENTED_EDGE ( 'NONE', *, *, #6314, .F. ) ;
#4052 = CARTESIAN_POINT ( 'NONE',  ( -9.000000000000000000, -1.850000000000030065, 3.000000000000000000 ) ) ;
#4053 = AXIS2_PLACEMENT_3D ( 'NONE', #6080, #3796, #7079 ) ;
#4054 = ORIENTED_EDGE ( 'NONE', *, *, #5127, .T. ) ;
#4055 = EDGE_CURVE ( 'NONE', #7450, #391, #7742, .T. ) ;
#4056 = DIRECTION ( 'NONE',  ( -2.312964634635743450E-15, -2.891205793294679312E-16, 1.000000000000000000 ) ) ;
#4057 = CARTESIAN_POINT ( 'NONE',  ( 6.278319374991721880, -9.634984395533727763, -12.78780143979698991 ) ) ;
#4058 = CARTESIAN_POINT ( 'NONE',  ( 6.086011853002030847, 9.757584728041639011, -27.29999999999998295 ) ) ;
#4059 = DIRECTION ( 'NONE',  ( 0.000000000000000000, 0.000000000000000000, 1.000000000000000000 ) ) ;
#4060 = EDGE_CURVE ( 'NONE', #9519, #3174, #6888, .T. ) ;
#4061 = VECTOR ( 'NONE', #568, 1000.000000000000000 ) ;
#4062 = CARTESIAN_POINT ( 'NONE',  ( -6.909178529471823538, 3.237605654302148306, -24.80000000000001492 ) ) ;
#4063 = EDGE_LOOP ( 'NONE', ( #10526, #3157, #4834, #1564 ) ) ;
#4064 = CARTESIAN_POINT ( 'NONE',  ( 2.377868526379438130, 6.049441401588689260, -27.29999999999998650 ) ) ;
#4065 = ORIENTED_EDGE ( 'NONE', *, *, #8581, .F. ) ;
#4066 = CARTESIAN_POINT ( 'NONE',  ( -4.775267418165450195, -5.833958804467634707, -26.70006670682401406 ) ) ;
#4067 = EDGE_LOOP ( 'NONE', ( #343, #4306 ) ) ;
#4068 = CARTESIAN_POINT ( 'NONE',  ( 8.573682594932023449, -5.525763755391896126, -13.05768374191798387 ) ) ;
#4069 = CIRCLE ( 'NONE', #3883, 0.8000000000000002665 ) ;
#4070 = VERTEX_POINT ( 'NONE', #6151 ) ;
#4071 = CARTESIAN_POINT ( 'NONE',  ( -4.523898966854974724, -9.142011453396898801, -13.39758373805601543 ) ) ;
#4072 = CARTESIAN_POINT ( 'NONE',  ( -9.580709785814697454, 3.499999999999949374, -10.80000000000002203 ) ) ;
#4073 = CARTESIAN_POINT ( 'NONE',  ( 5.009927747226456951, 4.664390452583425883, -27.10074158624898644 ) ) ;
#4074 = CARTESIAN_POINT ( 'NONE',  ( -4.859821627672775257, -10.42268354918549100, -11.66617900987201928 ) ) ;
#4075 = CARTESIAN_POINT ( 'NONE',  ( -1.137154288554765191, -6.517117313710478754, -12.40000000000001279 ) ) ;
#4076 = DIRECTION ( 'NONE',  ( 0.000000000000000000, 0.000000000000000000, -1.000000000000000000 ) ) ;
#4077 = ORIENTED_EDGE ( 'NONE', *, *, #1475, .T. ) ;
#4078 = DIRECTION ( 'NONE',  ( -0.7071067811865522357, 0.7071067811865427988, 0.000000000000000000 ) ) ;
#4079 = EDGE_LOOP ( 'NONE', ( #7530, #4504 ) ) ;
#4080 = CIRCLE ( 'NONE', #2515, 1.050000000000200107 ) ;
#4081 = EDGE_CURVE ( 'NONE', #3495, #8659, #7683, .T. ) ;
#4082 = VERTEX_POINT ( 'NONE', #2633 ) ;
#4083 = CARTESIAN_POINT ( 'NONE',  ( 12.53459616788484077, -1.849999999999869971, 3.000000000000000000 ) ) ;
#4084 = CARTESIAN_POINT ( 'NONE',  ( -4.808326112068555425, 4.808326112068492364, -27.12679491924301090 ) ) ;
#4085 = DIRECTION ( 'NONE',  ( -0.7071067811865520136, 0.7071067811865430208, 0.000000000000000000 ) ) ;
#4086 = DIRECTION ( 'NONE',  ( 0.000000000000000000, 0.000000000000000000, 1.000000000000000000 ) ) ;
#4087 = FACE_OUTER_BOUND ( 'NONE', #2937, .T. ) ;
#4088 = AXIS2_PLACEMENT_3D ( 'NONE', #5150, #4333, #7589 ) ;
#4089 = DIRECTION ( 'NONE',  ( 0.000000000000000000, 0.000000000000000000, -1.000000000000000000 ) ) ;
#4090 = VERTEX_POINT ( 'NONE', #5190 ) ;
#4091 = EDGE_CURVE ( 'NONE', #3699, #5621, #8979, .T. ) ;
#4092 = CARTESIAN_POINT ( 'NONE',  ( -8.644746269449068876, 7.584086097669110238, -27.30000000000002558 ) ) ;
#4093 = EDGE_LOOP ( 'NONE', ( #1423, #19 ) ) ;
#4094 = DIRECTION ( 'NONE',  ( 2.221825406948022876E-16, 4.142135623730879385E-16, -1.000000000000000000 ) ) ;
#4095 = CARTESIAN_POINT ( 'NONE',  ( 10.45506293285021826, -4.789844294246569767, -11.53233336836398060 ) ) ;
#4096 = EDGE_CURVE ( 'NONE', #6650, #2081, #1325, .T. ) ;
#4097 = LINE ( 'NONE', #92, #5784 ) ;
#4098 = ORIENTED_EDGE ( 'NONE', *, *, #6744, .F. ) ;
#4099 = DIRECTION ( 'NONE',  ( -1.487452289516454419E-15, -1.652101818951813923E-15, 1.000000000000000000 ) ) ;
#4100 = AXIS2_PLACEMENT_3D ( 'NONE', #6592, #4279, #9829 ) ;
#4101 = ORIENTED_EDGE ( 'NONE', *, *, #5392, .T. ) ;
#4102 = DIRECTION ( 'NONE',  ( 1.000000000000000000, 0.000000000000000000, 0.000000000000000000 ) ) ;
#4103 = VECTOR ( 'NONE', #9637, 1000.000000000000000 ) ;
#4104 = CARTESIAN_POINT ( 'NONE',  ( 1.414213562372345301, 5.085786437626834022, -27.29999999999999716 ) ) ;
#4105 = DIRECTION ( 'NONE',  ( -0.7071067811865415775, -0.7071067811865535679, -4.499999999999990292E-16 ) ) ;
#4106 = DIRECTION ( 'NONE',  ( 0.000000000000000000, 1.000000000000000000, 0.000000000000000000 ) ) ;
#4107 = CARTESIAN_POINT ( 'NONE',  ( 13.57645019878180292, -14.70782104868007956, -12.29999999999997584 ) ) ;
#4108 = DIRECTION ( 'NONE',  ( 0.000000000000000000, 0.000000000000000000, 1.000000000000000000 ) ) ;
#4109 = CIRCLE ( 'NONE', #474, 0.7999999999999996003 ) ;
#4110 = DIRECTION ( 'NONE',  ( 0.7071067812027626021, -0.7071067811703325434, 1.304213562418953116E-15 ) ) ;
#4111 = DIRECTION ( 'NONE',  ( -2.221825406948020410E-16, -4.142135623730877906E-16, 1.000000000000000000 ) ) ;
#4112 = EDGE_LOOP ( 'NONE', ( #9543, #8853, #5770, #3305 ) ) ;
#4113 = VERTEX_POINT ( 'NONE', #1269 ) ;
#4114 = ORIENTED_EDGE ( 'NONE', *, *, #6052, .T. ) ;
#4115 = AXIS2_PLACEMENT_3D ( 'NONE', #9774, #10335, #646 ) ;
#4116 = CARTESIAN_POINT ( 'NONE',  ( -3.552874836474382217E-15, -6.834523779155948594E-15, -10.80000000000000071 ) ) ;
#4117 = DIRECTION ( 'NONE',  ( 0.000000000000000000, 0.000000000000000000, 1.000000000000000000 ) ) ;
#4118 = CARTESIAN_POINT ( 'NONE',  ( 6.321174764122837075, -9.606941728679752046, -12.86893084243099139 ) ) ;
#4119 = CARTESIAN_POINT ( 'NONE',  ( 4.608689155518502112, -10.53623297009008475, -11.28768684843999637 ) ) ;
#4120 = CARTESIAN_POINT ( 'NONE',  ( 0.000000000000000000, 0.000000000000000000, 7.299999999999999822 ) ) ;
#4121 = CARTESIAN_POINT ( 'NONE',  ( 9.122917920077421527, -7.001597576517680999, -13.29999999999998117 ) ) ;
#4122 = ORIENTED_EDGE ( 'NONE', *, *, #10527, .F. ) ;
#4123 = DIRECTION ( 'NONE',  ( 1.000000000000000000, 4.336808689942017736E-15, 0.000000000000000000 ) ) ;
#4124 = AXIS2_PLACEMENT_3D ( 'NONE', #6980, #2718, #6868 ) ;
#4125 = VERTEX_POINT ( 'NONE', #566 ) ;
#4126 = CARTESIAN_POINT ( 'NONE',  ( -4.899622735904662463, -8.946641378701558622, -12.88512828556201661 ) ) ;
#4127 = CARTESIAN_POINT ( 'NONE',  ( -6.363961030678281006, -6.363961030679200270, 5.000000000000000000 ) ) ;
#4128 = CARTESIAN_POINT ( 'NONE',  ( -3.181980515339437154, -3.181980515339490889, -27.30000000000001137 ) ) ;
#4129 = CIRCLE ( 'NONE', #10077, 10.80000000000000071 ) ;
#4130 = CARTESIAN_POINT ( 'NONE',  ( 5.868986283848301788, 4.808326112068573188, -26.67232776209098688 ) ) ;
#4131 = DIRECTION ( 'NONE',  ( -0.7071067811865522357, 0.7071067811865427988, -2.312964634635742267E-15 ) ) ;
#4132 = EDGE_LOOP ( 'NONE', ( #331 ) ) ;
#4133 = EDGE_CURVE ( 'NONE', #5650, #3712, #3713, .T. ) ;
#4134 = CYLINDRICAL_SURFACE ( 'NONE', #946, 3.000000000000000000 ) ;
#4135 = EDGE_LOOP ( 'NONE', ( #5435, #6998, #5341, #10154 ) ) ;
#4136 = PLANE ( 'NONE',  #7176 ) ;
#4137 = EDGE_CURVE ( 'NONE', #920, #1308, #4370, .T. ) ;
#4138 = ORIENTED_EDGE ( 'NONE', *, *, #624, .F. ) ;
#4139 = CARTESIAN_POINT ( 'NONE',  ( -5.837335807390014786, 4.778177390532063917, -26.69749381505101127 ) ) ;
#4140 = CONICAL_SURFACE ( 'NONE', #339, 1.050000000000200107, 0.7853981633974490562 ) ;
#4141 = DIRECTION ( 'NONE',  ( 2.258650070512058801E-15, 4.142135623731050469E-16, -1.000000000000000000 ) ) ;
#4142 = EDGE_CURVE ( 'NONE', #3569, #7195, #5242, .T. ) ;
#4143 = FACE_BOUND ( 'NONE', #10478, .T. ) ;
#4144 = LINE ( 'NONE', #8954, #8256 ) ;
#4145 = DIRECTION ( 'NONE',  ( -1.000000000000000000, 0.000000000000000000, 0.000000000000000000 ) ) ;
#4146 = ORIENTED_EDGE ( 'NONE', *, *, #8337, .T. ) ;
#4147 = ORIENTED_EDGE ( 'NONE', *, *, #4137, .F. ) ;
#4148 = AXIS2_PLACEMENT_3D ( 'NONE', #8794, #1265, #1422 ) ;
#4149 = CARTESIAN_POINT ( 'NONE',  ( 10.67384538559434226, -4.280525534658844222, -11.01736803844898027 ) ) ;
#4150 = DIRECTION ( 'NONE',  ( 0.7071067811865474617, 0.000000000000000000, 0.7071067811865474617 ) ) ;
#4151 = ORIENTED_EDGE ( 'NONE', *, *, #9993, .F. ) ;
#4152 = CARTESIAN_POINT ( 'NONE',  ( 0.1499999999999999944, -3.299999999999999822, 7.700000000000000178 ) ) ;
#4153 = EDGE_LOOP ( 'NONE', ( #468 ) ) ;
#4154 = FACE_BOUND ( 'NONE', #4961, .T. ) ;
#4155 = CARTESIAN_POINT ( 'NONE',  ( -8.644746269448948084, -7.584086097669259452, -24.41324865405202615 ) ) ;
#4156 = EDGE_CURVE ( 'NONE', #2986, #1397, #620, .T. ) ;
#4157 = DIRECTION ( 'NONE',  ( 0.000000000000000000, 0.000000000000000000, -1.000000000000000000 ) ) ;
#4158 = AXIS2_PLACEMENT_3D ( 'NONE', #8050, #6515, #2303 ) ;
#4159 = CARTESIAN_POINT ( 'NONE',  ( -3.747665940288676278, -3.747665940288734898, -24.80000000000001137 ) ) ;
#4160 = CARTESIAN_POINT ( 'NONE',  ( 0.000000000000000000, 0.000000000000000000, 1.000000000000000000 ) ) ;
#4161 = CARTESIAN_POINT ( 'NONE',  ( 6.049441401588648404, 2.377868526379541603, -27.29999999999998295 ) ) ;
#4162 = ORIENTED_EDGE ( 'NONE', *, *, #1967, .T. ) ;
#4163 = CARTESIAN_POINT ( 'NONE',  ( -0.1499999999999999944, -3.299999999999999822, 7.299999999999999822 ) ) ;
#4164 = ORIENTED_EDGE ( 'NONE', *, *, #5619, .T. ) ;
#4165 = AXIS2_PLACEMENT_3D ( 'NONE', #5200, #4436, #4482 ) ;
#4166 = EDGE_LOOP ( 'NONE', ( #1247, #9791, #6860, #5153, #4999, #5209, #9067, #2501 ) ) ;
#4167 = DIRECTION ( 'NONE',  ( -0.7071067811865415775, -0.7071067811865535679, -4.499999999999990292E-16 ) ) ;
#4168 = ADVANCED_FACE ( 'NONE', ( #6411, #4848 ), #5716, .F. ) ;
#4169 = DIRECTION ( 'NONE',  ( 0.000000000000000000, 0.000000000000000000, -1.000000000000000000 ) ) ;
#4170 = CARTESIAN_POINT ( 'NONE',  ( -1.697668478360125329E-15, -3.230865786510084826E-15, -19.50000000000000355 ) ) ;
#4171 = CYLINDRICAL_SURFACE ( 'NONE', #4322, 2.000000000000000000 ) ;
#4172 = CARTESIAN_POINT ( 'NONE',  ( 5.496519509101076117, -8.592456787948085761, -11.57283659756998873 ) ) ;
#4173 = CARTESIAN_POINT ( 'NONE',  ( -1.850000000000000089, -9.000000000000000000, 3.000000000000000000 ) ) ;
#4174 = CARTESIAN_POINT ( 'NONE',  ( 0.000000000000000000, 0.000000000000000000, 32.00000000000000000 ) ) ;
#4175 = CIRCLE ( 'NONE', #4165, 11.50000000000000000 ) ;
#4176 = ORIENTED_EDGE ( 'NONE', *, *, #1551, .T. ) ;
#4177 = VERTEX_POINT ( 'NONE', #10476 ) ;
#4178 = ORIENTED_EDGE ( 'NONE', *, *, #156, .T. ) ;
#4179 = VECTOR ( 'NONE', #4472, 1000.000000000000000 ) ;
#4180 = ORIENTED_EDGE ( 'NONE', *, *, #5357, .T. ) ;
#4181 = CARTESIAN_POINT ( 'NONE',  ( -2.926167029855665788E-15, -2.362991693419707544E-15, -22.50000000000000355 ) ) ;
#4182 = DIRECTION ( 'NONE',  ( 0.000000000000000000, 0.000000000000000000, 1.000000000000000000 ) ) ;
#4183 = CARTESIAN_POINT ( 'NONE',  ( 5.911692743880651690, -6.972352915660370520, -25.77584506147620047 ) ) ;
#4184 = DIRECTION ( 'NONE',  ( -2.185336624966941940E-15, -7.986539916402993281E-16, 1.000000000000000000 ) ) ;
#4185 = DIRECTION ( 'NONE',  ( 1.000000000000000000, 0.000000000000000000, 0.000000000000000000 ) ) ;
#4186 = ORIENTED_EDGE ( 'NONE', *, *, #9053, .T. ) ;
#4187 = CARTESIAN_POINT ( 'NONE',  ( -4.992262405482835952, 8.894794764453211044, -12.52995057596000983 ) ) ;
#4188 = DIRECTION ( 'NONE',  ( 0.000000000000000000, 0.000000000000000000, 1.000000000000000000 ) ) ;
#4189 = CIRCLE ( 'NONE', #2280, 10.20000000000000107 ) ;
#4190 = ORIENTED_EDGE ( 'NONE', *, *, #4767, .F. ) ;
#4191 = CARTESIAN_POINT ( 'NONE',  ( 2.075390556573168510, 1.056194226372453748, -9.399999999999996803 ) ) ;
#4192 = CARTESIAN_POINT ( 'NONE',  ( 1.850000000000000089, -9.000000000000000000, 3.000000000000000000 ) ) ;
#4193 = CC_DESIGN_PERSON_AND_ORGANIZATION_ASSIGNMENT ( #213, #1816, ( #3303 ) ) ;
#4194 = FACE_OUTER_BOUND ( 'NONE', #7412, .T. ) ;
#4195 = EDGE_CURVE ( 'NONE', #1771, #9034, #2466, .T. ) ;
#4196 = AXIS2_PLACEMENT_3D ( 'NONE', #3979, #3188, #6572 ) ;
#4197 = DIRECTION ( 'NONE',  ( 0.000000000000000000, 0.000000000000000000, 1.000000000000000000 ) ) ;
#4198 = B_SPLINE_CURVE_WITH_KNOTS ( 'NONE', 6,
 ( #4904, #2241, #3226, #3970, #7304, #613, #8849, #9587, #8952, #1583, #7137, #8101, #9395, #4786, #6510, #2408, #6457, #10521, #10169, #8792, #5614, #1420, #9638, #7185, #2857, #6157, #5356, #2048, #4730, #9694, #7983, #8594, #5711, #3914, #3862, #2300, #4027, #2353, #10417, #10361, #1370, #375, #3121, #9746, #4676, #7928, #8899, #1533, #3668, #8045, #6949, #675, #561, #7246, #3060, #10469, #6346 ),
 .UNSPECIFIED., .F., .F.,
 ( 7, 5, 5, 5, 5, 5, 5, 5, 5, 5, 5, 7 ),
 ( 0.000000000000000000, 0.1467757207769999905, 0.2274658760840000127, 0.2897111473780000224, 0.3442858141780000270, 0.3834065644729999778, 0.4999869452230000233, 0.6556920061050000026, 0.7069201028949999577, 0.7713530087419999681, 0.8532151154089999689, 1.000000000000000000 ),
 .UNSPECIFIED. ) ;
#4199 = ORIENTED_EDGE ( 'NONE', *, *, #1181, .F. ) ;
#4200 = DIRECTION ( 'NONE',  ( 2.258650070512057618E-15, 5.697770542341455318E-16, -1.000000000000000000 ) ) ;
#4201 = DIRECTION ( 'NONE',  ( 2.658675614935031037E-15, 7.920054772553355309E-16, -1.000000000000000000 ) ) ;
#4202 = LINE ( 'NONE', #5934, #6135 ) ;
#4203 = VERTEX_POINT ( 'NONE', #10529 ) ;
#4204 = VECTOR ( 'NONE', #6831, 1000.000000000000000 ) ;
#4205 = EDGE_CURVE ( 'NONE', #6490, #8040, #7598, .T. ) ;
#4206 = ORIENTED_EDGE ( 'NONE', *, *, #2344, .T. ) ;
#4207 = FACE_BOUND ( 'NONE', #10502, .T. ) ;
#4208 = FACE_BOUND ( 'NONE', #10233, .T. ) ;
#4209 = VERTEX_POINT ( 'NONE', #7262 ) ;
#4210 = CARTESIAN_POINT ( 'NONE',  ( 5.675482695506465447, -4.664196831989328551, -26.81148721432798965 ) ) ;
#4211 = LINE ( 'NONE', #7371, #4604 ) ;
#4212 = CONICAL_SURFACE ( 'NONE', #758, 0.7999999999999998224, 0.7853981633970007481 ) ;
#4213 = EDGE_CURVE ( 'NONE', #4242, #10303, #2711, .T. ) ;
#4214 = EDGE_LOOP ( 'NONE', ( #1329, #6155, #769, #9333, #1171 ) ) ;
#4215 = EDGE_CURVE ( 'NONE', #5125, #215, #852, .T. ) ;
#4216 = DIRECTION ( 'NONE',  ( 0.000000000000000000, 1.000000000000000000, 0.000000000000000000 ) ) ;
#4217 = ORIENTED_EDGE ( 'NONE', *, *, #6851, .F. ) ;
#4218 = FACE_BOUND ( 'NONE', #5724, .T. ) ;
#4219 = CIRCLE ( 'NONE', #7120, 11.00000000000000000 ) ;
#4220 = LINE ( 'NONE', #11, #5515 ) ;
#4221 = CARTESIAN_POINT ( 'NONE',  ( 6.429924979563373277, -9.534572274072585785, -13.02129834545899101 ) ) ;
#4222 = CARTESIAN_POINT ( 'NONE',  ( -9.580709785814919499, 3.500000000000031974, -13.80000000000002380 ) ) ;
#4223 = CYLINDRICAL_SURFACE ( 'NONE', #320, 0.7999999999999998224 ) ;
#4224 = EDGE_LOOP ( 'NONE', ( #44 ) ) ;
#4225 = EDGE_CURVE ( 'NONE', #3988, #3988, #1595, .T. ) ;
#4226 = EDGE_CURVE ( 'NONE', #775, #1315, #5432, .T. ) ;
#4227 = EDGE_CURVE ( 'NONE', #5760, #5438, #1072, .T. ) ;
#4228 = AXIS2_PLACEMENT_3D ( 'NONE', #10446, #3150, #10286 ) ;
#4229 = EDGE_CURVE ( 'NONE', #6348, #1204, #5317, .T. ) ;
#4230 = DIRECTION ( 'NONE',  ( -0.7071067811865535679, 0.7071067811865415775, -1.414213562373107097E-15 ) ) ;
#4231 = VERTEX_POINT ( 'NONE', #9515 ) ;
#4232 = ADVANCED_FACE ( 'NONE', ( #8557 ), #7608, .T. ) ;
#4233 = ORIENTED_EDGE ( 'NONE', *, *, #9935, .F. ) ;
#4234 = ORIENTED_EDGE ( 'NONE', *, *, #8061, .F. ) ;
#4235 = ADVANCED_FACE ( 'NONE', ( #3158 ), #4763, .T. ) ;
#4236 = CARTESIAN_POINT ( 'NONE',  ( 4.582026060026944236, -9.112956821424509357, -13.33965359689699426 ) ) ;
#4237 = CYLINDRICAL_SURFACE ( 'NONE', #8143, 0.8000000000000003775 ) ;
#4238 = VECTOR ( 'NONE', #5346, 1000.000000000000000 ) ;
#4239 = VERTEX_POINT ( 'NONE', #8766 ) ;
#4240 = ORIENTED_EDGE ( 'NONE', *, *, #1491, .T. ) ;
#4241 = CYLINDRICAL_SURFACE ( 'NONE', #9351, 11.00000000000000000 ) ;
#4242 = VERTEX_POINT ( 'NONE', #5643 ) ;
#4243 = AXIS2_PLACEMENT_3D ( 'NONE', #6662, #5705, #9097 ) ;
#4244 = FACE_OUTER_BOUND ( 'NONE', #5039, .T. ) ;
#4245 = DIRECTION ( 'NONE',  ( 0.000000000000000000, 0.000000000000000000, -1.000000000000000000 ) ) ;
#4246 = CYLINDRICAL_SURFACE ( 'NONE', #3469, 0.4499999999999999001 ) ;
#4247 = CARTESIAN_POINT ( 'NONE',  ( 6.363961030679040398, 6.363961030679200270, 5.000000000000000000 ) ) ;
#4248 = AXIS2_PLACEMENT_3D ( 'NONE', #59, #107, #3159 ) ;
#4249 = ORIENTED_EDGE ( 'NONE', *, *, #2410, .F. ) ;
#4250 = CARTESIAN_POINT ( 'NONE',  ( -1.524192641962573264E-15, -1.233523804664961189E-15, -24.80000000000000426 ) ) ;
#4251 = CARTESIAN_POINT ( 'NONE',  ( -1.850000000000000089, 10.84331591350174051, 4.799999999999999822 ) ) ;
#4252 = DIRECTION ( 'NONE',  ( 0.000000000000000000, 1.000000000000000000, 0.000000000000000000 ) ) ;
#4253 = ORIENTED_EDGE ( 'NONE', *, *, #8634, .F. ) ;
#4254 = ADVANCED_FACE ( 'NONE', ( #1398 ), #9649, .F. ) ;
#4255 = ORIENTED_EDGE ( 'NONE', *, *, #636, .T. ) ;
#4256 = CARTESIAN_POINT ( 'NONE',  ( 8.999999999999740652, -2.557954394748249714E-13, -9.200000000000002842 ) ) ;
#4257 = CARTESIAN_POINT ( 'NONE',  ( -10.41701629594652267, 4.871965794507887360, -11.69250292241302525 ) ) ;
#4258 = FACE_OUTER_BOUND ( 'NONE', #4361, .T. ) ;
#4259 = CARTESIAN_POINT ( 'NONE',  ( 1.850000000000000089, 12.53459616788481945, 5.000000000000000000 ) ) ;
#4260 = CALENDAR_DATE ( 2026, 28, 1 ) ;
#4261 = DIRECTION ( 'NONE',  ( 0.7071067811865534569, -0.7071067811865415775, 1.206764157201256946E-15 ) ) ;
#4262 = DIRECTION ( 'NONE',  ( 0.000000000000000000, 0.000000000000000000, -1.000000000000000000 ) ) ;
#4263 = DIRECTION ( 'NONE',  ( 0.000000000000000000, 0.000000000000000000, 1.000000000000000000 ) ) ;
#4264 = EDGE_CURVE ( 'NONE', #851, #1230, #4005, .T. ) ;
#4265 = AXIS2_PLACEMENT_3D ( 'NONE', #10544, #10325, #533 ) ;
#4266 = CIRCLE ( 'NONE', #8361, 0.5000000000000000000 ) ;
#4267 = EDGE_LOOP ( 'NONE', ( #9496 ) ) ;
#4268 = ADVANCED_FACE ( 'NONE', ( #3205 ), #5593, .F. ) ;
#4269 = VERTEX_POINT ( 'NONE', #2104 ) ;
#4270 = FACE_OUTER_BOUND ( 'NONE', #6466, .T. ) ;
#4271 = DIRECTION ( 'NONE',  ( 1.000000000000000000, 0.000000000000000000, 0.000000000000000000 ) ) ;
#4272 = AXIS2_PLACEMENT_3D ( 'NONE', #4849, #2963, #567 ) ;
#4273 = CARTESIAN_POINT ( 'NONE',  ( -1.790355085252190415E-14, -4.327886347983254289E-15, -19.60000000000000142 ) ) ;
#4274 = VECTOR ( 'NONE', #8355, 1000.000000000000000 ) ;
#4275 = EDGE_CURVE ( 'NONE', #1299, #9424, #560, .T. ) ;
#4276 = DIRECTION ( 'NONE',  ( 0.000000000000000000, 0.000000000000000000, -1.000000000000000000 ) ) ;
#4277 = CARTESIAN_POINT ( 'NONE',  ( 0.000000000000000000, -0.2000000000000000111, 7.700000000000000178 ) ) ;
#4278 = CARTESIAN_POINT ( 'NONE',  ( 5.401131267393344260, -8.652642427465766062, -11.69800636494399271 ) ) ;
#4279 = DIRECTION ( 'NONE',  ( -2.180868324581535502E-15, -8.031222920257055690E-16, 1.000000000000000000 ) ) ;
#4280 = CARTESIAN_POINT ( 'NONE',  ( 0.000000000000000000, 9.000000000000000000, 0.9999999999999991118 ) ) ;
#4281 = ORIENTED_EDGE ( 'NONE', *, *, #8934, .F. ) ;
#4282 = CIRCLE ( 'NONE', #7359, 11.20000000000000107 ) ;
#4283 = CIRCLE ( 'NONE', #10230, 6.250000000000000888 ) ;
#4284 = ORIENTED_EDGE ( 'NONE', *, *, #1181, .T. ) ;
#4285 = EDGE_CURVE ( 'NONE', #8769, #6641, #6607, .T. ) ;
#4286 = VERTEX_POINT ( 'NONE', #471 ) ;
#4287 = CARTESIAN_POINT ( 'NONE',  ( -4.339099205868767406, -9.231272455431254187, -13.54539165146601576 ) ) ;
#4288 = CARTESIAN_POINT ( 'NONE',  ( -5.085786437626810930, -1.414213562372431454, -27.30000000000001847 ) ) ;
#4289 = EDGE_CURVE ( 'NONE', #2495, #3495, #5070, .T. ) ;
#4290 = CIRCLE ( 'NONE', #3586, 11.50000000000000178 ) ;
#4291 = ORIENTED_EDGE ( 'NONE', *, *, #1486, .T. ) ;
#4292 = VERTEX_POINT ( 'NONE', #7695 ) ;
#4293 = CIRCLE ( 'NONE', #482, 1.250000000000000000 ) ;
#4294 = CARTESIAN_POINT ( 'NONE',  ( 9.231272455431213331, -4.339099205868739872, -13.54539165146598023 ) ) ;
#4295 = ORIENTED_EDGE ( 'NONE', *, *, #5359, .F. ) ;
#4296 = CARTESIAN_POINT ( 'NONE',  ( 10.97840985160318006, -0.6888520379748519495, 0.9999999999999991118 ) ) ;
#4297 = CARTESIAN_POINT ( 'NONE',  ( 0.000000000000000000, 0.000000000000000000, 7.299999999999999822 ) ) ;
#4298 = FACE_OUTER_BOUND ( 'NONE', #1092, .T. ) ;
#4299 = VECTOR ( 'NONE', #2395, 1000.000000000000000 ) ;
#4300 = EDGE_CURVE ( 'NONE', #7081, #1809, #7280, .T. ) ;
#4301 = DIRECTION ( 'NONE',  ( 0.000000000000000000, 0.000000000000000000, 1.000000000000000000 ) ) ;
#4302 = ORIENTED_EDGE ( 'NONE', *, *, #3468, .T. ) ;
#4303 = FACE_OUTER_BOUND ( 'NONE', #7492, .T. ) ;
#4304 = CARTESIAN_POINT ( 'NONE',  ( 10.78157098493335120, -4.003993638822854528, -10.87852819155997786 ) ) ;
#4305 = CARTESIAN_POINT ( 'NONE',  ( -7.014059722449492718, -5.953399550669776552, -23.89363341178102118 ) ) ;
#4306 = ORIENTED_EDGE ( 'NONE', *, *, #5319, .T. ) ;
#4307 = VECTOR ( 'NONE', #8430, 1000.000000000000000 ) ;
#4308 = CARTESIAN_POINT ( 'NONE',  ( -9.157136858707703553, -4.493195736987798838, -13.42530735610002601 ) ) ;
#4309 = ORIENTED_EDGE ( 'NONE', *, *, #4546, .F. ) ;
#4310 = CARTESIAN_POINT ( 'NONE',  ( -6.500000000000631495, -5.637851296924623057E-14, -24.80000000000001492 ) ) ;
#4311 = CARTESIAN_POINT ( 'NONE',  ( -10.46249749765346770, 4.773571024243132399, -13.09397317377102610 ) ) ;
#4312 = CARTESIAN_POINT ( 'NONE',  ( -2.071867419369926491E-15, -1.679663816105752115E-15, -23.89363341178100342 ) ) ;
#4313 = DIRECTION ( 'NONE',  ( 0.000000000000000000, 0.000000000000000000, -1.000000000000000000 ) ) ;
#4314 = DIRECTION ( 'NONE',  ( -1.047445008332813989E-14, 1.000000000000000000, 0.000000000000000000 ) ) ;
#4315 = APPROVAL_STATUS ( 'not_yet_approved' ) ;
#4316 = DIRECTION ( 'NONE',  ( -1.000000000000000000, 0.000000000000000000, -2.698458740408366767E-15 ) ) ;
#4317 = DIRECTION ( 'NONE',  ( -0.7071067811865531239, 0.7071067811865419106, -2.168404344971010051E-15 ) ) ;
#4318 = ORIENTED_EDGE ( 'NONE', *, *, #2599, .T. ) ;
#4319 = CARTESIAN_POINT ( 'NONE',  ( -9.000000000000248690, 2.546932573555920269E-13, -9.400000000000000355 ) ) ;
#4320 = ORIENTED_EDGE ( 'NONE', *, *, #825, .T. ) ;
#4321 = CARTESIAN_POINT ( 'NONE',  ( -7.584086097669257676, 8.644746269448940978, -27.30000000000002203 ) ) ;
#4322 = AXIS2_PLACEMENT_3D ( 'NONE', #6541, #173, #5744 ) ;
#4323 = CARTESIAN_POINT ( 'NONE',  ( -0.04999999999999939909, -2.200000000000000178, 7.700000000000000178 ) ) ;
#4324 = CARTESIAN_POINT ( 'NONE',  ( 7.071067811865520802, -9.192388155425064156, -13.29999999999998828 ) ) ;
#4325 = ADVANCED_FACE ( 'NONE', ( #6950, #10170, #3719, #7001, #5574, #5729 ), #7258, .T. ) ;
#4326 = VERTEX_POINT ( 'NONE', #224 ) ;
#4327 = CC_DESIGN_APPROVAL ( #5316, ( #194 ) ) ;
#4328 = FACE_OUTER_BOUND ( 'NONE', #9843, .T. ) ;
#4329 = ORIENTED_EDGE ( 'NONE', *, *, #1626, .T. ) ;
#4330 = VERTEX_POINT ( 'NONE', #2369 ) ;
#4331 = AXIS2_PLACEMENT_3D ( 'NONE', #4664, #7292, #10510 ) ;
#4332 = ORIENTED_EDGE ( 'NONE', *, *, #1740, .T. ) ;
#4333 = DIRECTION ( 'NONE',  ( 3.219071604286466014E-15, 4.271120093575466353E-16, -1.000000000000000000 ) ) ;
#4334 = EDGE_CURVE ( 'NONE', #4125, #8768, #4025, .T. ) ;
#4335 = DIRECTION ( 'NONE',  ( 2.491995308303608188E-15, 1.750645378815682139E-15, -1.000000000000000000 ) ) ;
#4336 = CARTESIAN_POINT ( 'NONE',  ( -4.117319039434458539, 10.73827280006705820, -13.67235549157200936 ) ) ;
#4337 = CARTESIAN_POINT ( 'NONE',  ( -6.000000000000000000, -3.605551275463995342, 6.799999999999999822 ) ) ;
#4338 = AXIS2_PLACEMENT_3D ( 'NONE', #3630, #4600, #7853 ) ;
#4339 = DIRECTION ( 'NONE',  ( -0.7071067811865412445, -0.7071067811865537900, 0.000000000000000000 ) ) ;
#4340 = ORIENTED_EDGE ( 'NONE', *, *, #8850, .T. ) ;
#4341 = DIRECTION ( 'NONE',  ( -1.000000000000000000, -8.029753876452289242E-16, 0.000000000000000000 ) ) ;
#4342 = ORIENTED_EDGE ( 'NONE', *, *, #10296, .T. ) ;
#4343 = EDGE_CURVE ( 'NONE', #6848, #1859, #2643, .T. ) ;
#4344 = CARTESIAN_POINT ( 'NONE',  ( -2.121320343559671695, 2.121320343559623733, -22.40000000000000568 ) ) ;
#4345 = ORIENTED_EDGE ( 'NONE', *, *, #4275, .F. ) ;
#4346 = AXIS2_PLACEMENT_3D ( 'NONE', #1711, #8168, #912 ) ;
#4347 = ADVANCED_FACE ( 'NONE', ( #1493, #3876, #750, #7148, #8062, #1436 ), #4745, .T. ) ;
#4348 = CARTESIAN_POINT ( 'NONE',  ( -9.000000000000248690, 2.546932573555920269E-13, 0.8000000000000003775 ) ) ;
#4349 = LINE ( 'NONE', #5928, #4274 ) ;
#4350 = LINE ( 'NONE', #9273, #1691 ) ;
#4351 = DIRECTION ( 'NONE',  ( 0.000000000000000000, 0.000000000000000000, -1.000000000000000000 ) ) ;
#4352 = ORIENTED_EDGE ( 'NONE', *, *, #3213, .F. ) ;
#4353 = DIRECTION ( 'NONE',  ( -1.318198051533960105E-15, 6.818019484660514888E-16, 1.000000000000000000 ) ) ;
#4354 = EDGE_LOOP ( 'NONE', ( #383, #3342, #4382, #9688, #7575, #6487 ) ) ;
#4355 = CARTESIAN_POINT ( 'NONE',  ( 7.438519677829336985, 3.766946802683382778, -24.39358317063233272 ) ) ;
#4356 = CYLINDRICAL_SURFACE ( 'NONE', #10302, 1.850000000000000089 ) ;
#4357 = DIRECTION ( 'NONE',  ( -0.7071067811865546782, 0.7071067811865404673, -1.734723475976807094E-15 ) ) ;
#4358 = FACE_BOUND ( 'NONE', #8713, .T. ) ;
#4359 = ORIENTED_EDGE ( 'NONE', *, *, #1503, .T. ) ;
#4360 = CARTESIAN_POINT ( 'NONE',  ( -9.539334752914019333, -3.613257764340429556, -13.79999999129002575 ) ) ;
#4361 = EDGE_LOOP ( 'NONE', ( #2676, #1071, #1649, #6772 ) ) ;
#4362 = FACE_BOUND ( 'NONE', #5864, .T. ) ;
#4363 = CARTESIAN_POINT ( 'NONE',  ( -10.50788871920368628, 4.672900428229262104, -13.23709945293702717 ) ) ;
#4364 = AXIS2_PLACEMENT_3D ( 'NONE', #7702, #6107, #5205 ) ;
#4365 = CARTESIAN_POINT ( 'NONE',  ( 6.049441401588689260, -2.377868526379438130, -27.29999999999999005 ) ) ;
#4366 = CARTESIAN_POINT ( 'NONE',  ( 3.499999999994330757, 11.49999999999394973, -13.79999999999999005 ) ) ;
#4367 = DIRECTION ( 'NONE',  ( -0.7071067811865535679, 0.7071067811865415775, -1.414213562373107097E-15 ) ) ;
#4368 = CARTESIAN_POINT ( 'NONE',  ( 0.000000000000000000, 0.000000000000000000, 0.000000000000000000 ) ) ;
#4369 = CARTESIAN_POINT ( 'NONE',  ( 0.000000000000000000, 9.000000000000000000, 3.000000000000000000 ) ) ;
#4370 = CIRCLE ( 'NONE', #1942, 9.200000000000001066 ) ;
#4371 = ORIENTED_EDGE ( 'NONE', *, *, #7051, .F. ) ;
#4372 = DIRECTION ( 'NONE',  ( -1.784888527117070713E-15, -5.768481220460070372E-16, 1.000000000000000000 ) ) ;
#4373 = VERTEX_POINT ( 'NONE', #157 ) ;
#4374 = CARTESIAN_POINT ( 'NONE',  ( 4.523888436607989227, 9.142016692789434629, -11.20240610521598335 ) ) ;
#4375 = DIRECTION ( 'NONE',  ( -1.000000000000000000, 0.000000000000000000, 0.000000000000000000 ) ) ;
#4376 = DIRECTION ( 'NONE',  ( -2.185336624966941940E-15, -7.986539916402993281E-16, 1.000000000000000000 ) ) ;
#4377 = VECTOR ( 'NONE', #6880, 1000.000000000000000 ) ;
#4378 = CARTESIAN_POINT ( 'NONE',  ( -8.999999999999957367, 4.241861156397902992E-15, -16.40000000000003055 ) ) ;
#4379 = FACE_OUTER_BOUND ( 'NONE', #1594, .T. ) ;
#4380 = CARTESIAN_POINT ( 'NONE',  ( -1.524192641962573264E-15, -1.233523804664961189E-15, -24.80000000000000426 ) ) ;
#4381 = CYLINDRICAL_SURFACE ( 'NONE', #6162, 2.449999999999999734 ) ;
#4382 = ORIENTED_EDGE ( 'NONE', *, *, #10176, .T. ) ;
#4383 = CARTESIAN_POINT ( 'NONE',  ( 3.181980515339482896, -3.181980515339439819, -24.79999999999999716 ) ) ;
#4384 = VERTEX_POINT ( 'NONE', #49 ) ;
#4385 = ADVANCED_FACE ( 'NONE', ( #4258 ), #5888, .F. ) ;
#4386 = DIRECTION ( 'NONE',  ( 0.000000000000000000, 0.000000000000000000, 1.000000000000000000 ) ) ;
#4387 = CONICAL_SURFACE ( 'NONE', #1789, 1.000000000000000000, 0.7853981633970007481 ) ;
#4388 = VERTEX_POINT ( 'NONE', #1710 ) ;
#4389 = VERTEX_POINT ( 'NONE', #964 ) ;
#4390 = CARTESIAN_POINT ( 'NONE',  ( -4.602682622565555270, 10.53885249847076722, -13.31872593555400819 ) ) ;
#4391 = CARTESIAN_POINT ( 'NONE',  ( 6.000000000000000000, 3.605551275463995342, 6.799999999999999822 ) ) ;
#4392 = CARTESIAN_POINT ( 'NONE',  ( 0.000000000000000000, 9.000000000000000000, 0.9999999999999991118 ) ) ;
#4393 = LINE ( 'NONE', #237, #9796 ) ;
#4394 = ADVANCED_FACE ( 'NONE', ( #4207, #9119 ), #1010, .T. ) ;
#4395 = AXIS2_PLACEMENT_3D ( 'NONE', #9317, #6128, #1960 ) ;
#4396 = VERTEX_POINT ( 'NONE', #7566 ) ;
#4397 = CARTESIAN_POINT ( 'NONE',  ( -0.8846672641501767131, 0.6537307027676592108, -12.40000000000000391 ) ) ;
#4398 = CARTESIAN_POINT ( 'NONE',  ( 9.580709785814853774, -3.500000000000043521, -13.79999999999997939 ) ) ;
#4399 = VERTEX_POINT ( 'NONE', #6777 ) ;
#4400 = FACE_OUTER_BOUND ( 'NONE', #542, .T. ) ;
#4401 = DIRECTION ( 'NONE',  ( -1.000000000000000000, 0.000000000000000000, 0.000000000000000000 ) ) ;
#4402 = DIRECTION ( 'NONE',  ( 0.7071067812027627131, -0.7071067811703324324, 1.634213562418953548E-15 ) ) ;
#4403 = AXIS2_PLACEMENT_3D ( 'NONE', #3325, #728, #8146 ) ;
#4404 = DIRECTION ( 'NONE',  ( -0.7071067811865520136, 0.7071067811865429098, -1.960991755452042562E-15 ) ) ;
#4405 = LINE ( 'NONE', #299, #3013 ) ;
#4406 = FACE_OUTER_BOUND ( 'NONE', #2792, .T. ) ;
#4407 = CARTESIAN_POINT ( 'NONE',  ( 7.071067811865518138, -9.192388155425064156, -12.29999999999999005 ) ) ;
#4408 = CARTESIAN_POINT ( 'NONE',  ( -3.716920283231575972, 7.388493158379850101, -26.29766626893666626 ) ) ;
#4409 = VERTEX_POINT ( 'NONE', #8429 ) ;
#4410 = ADVANCED_FACE ( 'NONE', ( #261 ), #4624, .T. ) ;
#4411 = DIRECTION ( 'NONE',  ( -1.000000000000000000, 0.000000000000000000, 0.000000000000000000 ) ) ;
#4412 = ORIENTED_EDGE ( 'NONE', *, *, #5392, .F. ) ;
#4413 = AXIS2_PLACEMENT_3D ( 'NONE', #6086, #6987, #9996 ) ;
#4414 = DIRECTION ( 'NONE',  ( -3.110839127814697952E-15, -5.095475918604460157E-16, 1.000000000000000000 ) ) ;
#4415 = CARTESIAN_POINT ( 'NONE',  ( -4.212570418672477396E-14, -8.397006983967049060E-15, -9.500000000000001776 ) ) ;
#4416 = DIRECTION ( 'NONE',  ( 0.000000000000000000, 0.000000000000000000, -1.000000000000000000 ) ) ;
#4417 = VERTEX_POINT ( 'NONE', #2092 ) ;
#4418 = ORIENTED_EDGE ( 'NONE', *, *, #369, .T. ) ;
#4419 = CARTESIAN_POINT ( 'NONE',  ( -5.911692744731781524, 6.972352916511505683, -25.77584506078463988 ) ) ;
#4420 = CARTESIAN_POINT ( 'NONE',  ( -10.91292892193995812, 3.629958060377122209, -13.79999998943202399 ) ) ;
#4421 = VECTOR ( 'NONE', #9224, 1000.000000000000114 ) ;
#4422 = EDGE_CURVE ( 'NONE', #7493, #2297, #6041, .T. ) ;
#4423 = DIRECTION ( 'NONE',  ( 8.493206138382439646E-15, -1.000000000000000000, -4.142135623730857691E-16 ) ) ;
#4424 = FACE_OUTER_BOUND ( 'NONE', #3962, .T. ) ;
#4425 = DIRECTION ( 'NONE',  ( 0.000000000000000000, 0.000000000000000000, 1.000000000000000000 ) ) ;
#4426 = ADVANCED_FACE ( 'NONE', ( #5400 ), #1972, .F. ) ;
#4427 = EDGE_CURVE ( 'NONE', #631, #631, #239, .T. ) ;
#4428 = COORDINATED_UNIVERSAL_TIME_OFFSET ( 6, 0, .BEHIND. ) ;
#4429 = CARTESIAN_POINT ( 'NONE',  ( -0.3884875985454435132, -3.494677254262775090, 7.700000000000000178 ) ) ;
#4430 = CARTESIAN_POINT ( 'NONE',  ( -4.808326112068573188, 5.868986283848303565, -27.30000000000001492 ) ) ;
#4431 = VERTEX_POINT ( 'NONE', #411 ) ;
#4432 = CIRCLE ( 'NONE', #7152, 11.00000000000000000 ) ;
#4433 = LINE ( 'NONE', #7690, #3890 ) ;
#4434 = ORIENTED_EDGE ( 'NONE', *, *, #4343, .F. ) ;
#4435 = DIRECTION ( 'NONE',  ( 2.405628631302114965E-16, -1.000000000000000000, 0.000000000000000000 ) ) ;
#4436 = DIRECTION ( 'NONE',  ( 3.445744356051663469E-15, 3.426577774006643041E-16, -1.000000000000000000 ) ) ;
#4437 = VERTEX_POINT ( 'NONE', #424 ) ;
#4438 = CARTESIAN_POINT ( 'NONE',  ( -7.584086097669257676, 8.644746269448940978, -27.30000000000002203 ) ) ;
#4439 = ORIENTED_EDGE ( 'NONE', *, *, #7870, .F. ) ;
#4440 = AXIS2_PLACEMENT_3D ( 'NONE', #4174, #1021, #225 ) ;
#4441 = AXIS2_PLACEMENT_3D ( 'NONE', #6403, #7135, #1369 ) ;
#4442 = B_SPLINE_CURVE_WITH_KNOTS ( 'NONE', 6,
 ( #6601, #8141, #3476, #6702, #5697, #7338, #75, #8937, #3264, #2444, #4943, #3369, #5055, #8191, #6655, #4236, #9091, #830, #21, #1736, #9837, #5799, #9202, #6114, #1125, #1842, #8605, #1188, #5154, #337, #7647, #2872, #9349, #3522, #10185, #3626, #1236, #3573, #5211, #6910, #1894, #4443, #6173, #8402, #1997, #231, #6853 ),
 .UNSPECIFIED., .F., .F.,
 ( 7, 5, 5, 5, 5, 5, 5, 5, 5, 7 ),
 ( 0.000000000000000000, 0.1289863132840000093, 0.1997478470650000115, 0.2526862239289999756, 0.4869571508850000230, 0.5213666197410000702, 0.7473418193709999713, 0.8002680128439999541, 0.8710279028480000241, 1.000000000000000000 ),
 .UNSPECIFIED. ) ;
#4443 = CARTESIAN_POINT ( 'NONE',  ( 4.042800392683341570, -9.365189111252389509, -10.89764710848999485 ) ) ;
#4444 = CARTESIAN_POINT ( 'NONE',  ( 7.749999999999340083, -2.557954394748249714E-13, -9.400000000000000355 ) ) ;
#4445 = DIRECTION ( 'NONE',  ( -0.7071067811865522357, 0.7071067811865429098, -1.885568995626963942E-15 ) ) ;
#4446 = DIRECTION ( 'NONE',  ( -0.7071067811865522357, 0.7071067811865429098, -1.818814781641097311E-15 ) ) ;
#4447 = ORIENTED_EDGE ( 'NONE', *, *, #3886, .T. ) ;
#4448 = CIRCLE ( 'NONE', #10228, 3.350000000000000089 ) ;
#4449 = CIRCLE ( 'NONE', #5494, 0.7999999999999998224 ) ;
#4450 = CARTESIAN_POINT ( 'NONE',  ( 6.276093065034854313, 2.092031021678340430, -22.49999999999999645 ) ) ;
#4451 = ORIENTED_EDGE ( 'NONE', *, *, #4667, .F. ) ;
#4452 = LINE ( 'NONE', #3840, #9039 ) ;
#4453 = CARTESIAN_POINT ( 'NONE',  ( 9.000000000000000000, -1.849999999999905054, 3.000000000000000000 ) ) ;
#4454 = DIRECTION ( 'NONE',  ( 1.000000000000000000, 0.000000000000000000, 0.000000000000000000 ) ) ;
#4455 = CARTESIAN_POINT ( 'NONE',  ( 1.850000000000000089, -10.64037123412524011, 5.000000000000000000 ) ) ;
#4456 = DIRECTION ( 'NONE',  ( 0.9999954816267412339, -0.003006114785194150419, 0.000000000000000000 ) ) ;
#4457 = AXIS2_PLACEMENT_3D ( 'NONE', #10220, #1978, #4316 ) ;
#4458 = EDGE_CURVE ( 'NONE', #6194, #5091, #401, .T. ) ;
#4459 = CYLINDRICAL_SURFACE ( 'NONE', #3641, 0.1000000000000000194 ) ;
#4460 = EDGE_CURVE ( 'NONE', #8236, #7920, #7790, .T. ) ;
#4461 = ORIENTED_EDGE ( 'NONE', *, *, #5981, .F. ) ;
#4462 = B_SPLINE_CURVE_WITH_KNOTS ( 'NONE', 6,
 ( #9842, #2502, #784, #3907, #6449, #7344, #4777, #1685, #5001, #7295, #8893, #7178, #10512, #10411, #3113, #10463, #2345, #6499, #3272, #9941, #4187, #6806, #5219, #292, #6018, #2559, #1741, #939, #2609, #8350, #7544, #2818, #1348, #3688, #1130, #10190, #6323, #5265, #6179, #2070, #6275, #1242, #488, #7074, #10290, #2987, #7904 ),
 .UNSPECIFIED., .F., .F.,
 ( 7, 5, 5, 5, 5, 5, 5, 5, 5, 7 ),
 ( 0.000000000000000000, 0.1289863132740000085, 0.1997478470550000107, 0.2526862239200000082, 0.4869571508789999892, 0.5213666197360000698, 0.7473418193679999266, 0.8002680128419999983, 0.8710279028470000462, 1.000000000000000000 ),
 .UNSPECIFIED. ) ;
#4463 = CARTESIAN_POINT ( 'NONE',  ( 10.45334966346046102, -4.793568885020653703, -13.06113627712797864 ) ) ;
#4464 = CARTESIAN_POINT ( 'NONE',  ( 6.909178529471756924, 3.237605654302265101, -24.79999999999998295 ) ) ;
#4465 = CARTESIAN_POINT ( 'NONE',  ( -1.697668478360125329E-15, -3.230865786510084826E-15, -19.50000000000000355 ) ) ;
#4466 = EDGE_CURVE ( 'NONE', #7497, #7447, #4906, .T. ) ;
#4467 = ORIENTED_EDGE ( 'NONE', *, *, #4801, .T. ) ;
#4468 = FACE_OUTER_BOUND ( 'NONE', #10124, .T. ) ;
#4469 = CARTESIAN_POINT ( 'NONE',  ( -10.44464704377461040, 4.812481922792049893, -13.02782229508502532 ) ) ;
#4470 = AXIS2_PLACEMENT_3D ( 'NONE', #5115, #8356, #4085 ) ;
#4471 = EDGE_CURVE ( 'NONE', #1964, #3921, #2242, .T. ) ;
#4472 = DIRECTION ( 'NONE',  ( -0.7071067811865480168, -0.7071067811865470176, 0.000000000000000000 ) ) ;
#4473 = CYLINDRICAL_SURFACE ( 'NONE', #7732, 0.4500000000000000111 ) ;
#4474 = ORIENTED_EDGE ( 'NONE', *, *, #6948, .T. ) ;
#4475 = APPROVAL_ROLE ( '' ) ;
#4476 = AXIS2_PLACEMENT_3D ( 'NONE', #3730, #9564, #10388 ) ;
#4477 = CARTESIAN_POINT ( 'NONE',  ( -1.250000000001054046, -9.000000000000000000, -9.400000000000000355 ) ) ;
#4478 = ORIENTED_EDGE ( 'NONE', *, *, #10243, .F. ) ;
#4479 = EDGE_LOOP ( 'NONE', ( #10419 ) ) ;
#4480 = LINE ( 'NONE', #4321, #7114 ) ;
#4481 = EDGE_CURVE ( 'NONE', #5962, #6327, #2193, .T. ) ;
#4482 = DIRECTION ( 'NONE',  ( -0.7071067811865413555, -0.7071067811865536790, -2.715219353702828376E-15 ) ) ;
#4483 = VECTOR ( 'NONE', #9328, 1000.000000000000114 ) ;
#4484 = CARTESIAN_POINT ( 'NONE',  ( -4.838856925422219568, 5.899517097201942839, -24.80000000000000782 ) ) ;
#4485 = CARTESIAN_POINT ( 'NONE',  ( 6.662376911014494141, -9.374252304139933045, -13.21803336797898965 ) ) ;
#4486 = CARTESIAN_POINT ( 'NONE',  ( -5.338656197958393079, -5.338656197958481897, -24.80000000000001492 ) ) ;
#4487 = CARTESIAN_POINT ( 'NONE',  ( 8.999999999999740652, -2.557954394748249714E-13, 0.8000000000000003775 ) ) ;
#4488 = AXIS2_PLACEMENT_3D ( 'NONE', #9748, #3229, #2302 ) ;
#4489 = ADVANCED_FACE ( 'NONE', ( #3008 ), #5559, .T. ) ;
#4490 = CARTESIAN_POINT ( 'NONE',  ( -3.500000000000000000, -9.580709785814674362, -10.80000000000001137 ) ) ;
#4491 = CARTESIAN_POINT ( 'NONE',  ( -4.999999999999788614, 10.35615758860407709, -12.38463617111101023 ) ) ;
#4492 = DIRECTION ( 'NONE',  ( 1.000000000000000000, 0.000000000000000000, 0.000000000000000000 ) ) ;
#4493 = VECTOR ( 'NONE', #6914, 1000.000000000000000 ) ;
#4494 = CARTESIAN_POINT ( 'NONE',  ( -3.856859325635242317E-15, -7.414422766478271481E-15, -9.400000000000002132 ) ) ;
#4495 = LINE ( 'NONE', #2814, #4493 ) ;
#4496 = CARTESIAN_POINT ( 'NONE',  ( -2.670958644856774183E-15, -2.156463157219616118E-15, -22.91324865405200129 ) ) ;
#4497 = FACE_OUTER_BOUND ( 'NONE', #8854, .T. ) ;
#4498 = AXIS2_PLACEMENT_3D ( 'NONE', #9004, #2513, #949 ) ;
#4499 = EDGE_LOOP ( 'NONE', ( #593 ) ) ;
#4500 = CARTESIAN_POINT ( 'NONE',  ( 0.4002789528459220203, 2.294028981082038232, -12.40000000000000036 ) ) ;
#4501 = CARTESIAN_POINT ( 'NONE',  ( 6.151828996322923793, 2.050609665441029072, -22.49999999999999289 ) ) ;
#4502 = ORIENTED_EDGE ( 'NONE', *, *, #4969, .T. ) ;
#4503 = DIRECTION ( 'NONE',  ( 0.000000000000000000, 1.000000000000000000, 0.000000000000000000 ) ) ;
#4504 = ORIENTED_EDGE ( 'NONE', *, *, #9262, .T. ) ;
#4505 = AXIS2_PLACEMENT_3D ( 'NONE', #4247, #4301, #2617 ) ;
#4506 = CARTESIAN_POINT ( 'NONE',  ( 1.250000000000000000, 9.000000000000000000, 0.9999999999999991118 ) ) ;
#4507 = CARTESIAN_POINT ( 'NONE',  ( 8.553538133911439800, -5.556838892287244036, -11.51324173473998513 ) ) ;
#4508 = VERTEX_POINT ( 'NONE', #9695 ) ;
#4509 = VERTEX_POINT ( 'NONE', #4790 ) ;
#4510 = CARTESIAN_POINT ( 'NONE',  ( 10.35892425387456939, -4.994269506992289109, -12.13073272140997894 ) ) ;
#4511 = CIRCLE ( 'NONE', #5561, 7.000000000000000000 ) ;
#4512 = DIRECTION ( 'NONE',  ( 0.7071067812027628241, -0.7071067811703323214, 1.514213562418953965E-15 ) ) ;
#4513 = ADVANCED_FACE ( 'NONE', ( #8046 ), #7305, .F. ) ;
#4514 = PLANE ( 'NONE',  #7474 ) ;
#4515 = ORIENTED_EDGE ( 'NONE', *, *, #9315, .F. ) ;
#4516 = EDGE_CURVE ( 'NONE', #1850, #7497, #1046, .T. ) ;
#4517 = AXIS2_PLACEMENT_3D ( 'NONE', #8912, #628, #1380 ) ;
#4518 = ADVANCED_FACE ( 'NONE', ( #35 ), #4246, .F. ) ;
#4519 = DIRECTION ( 'NONE',  ( -1.070710678118655561E-15, -8.101933598375615524E-16, 1.000000000000000000 ) ) ;
#4520 = DIRECTION ( 'NONE',  ( -0.7071067812027513888, -0.7071067811703435346, -2.000000000032418394E-15 ) ) ;
#4521 = EDGE_LOOP ( 'NONE', ( #6766, #8837, #10304, #3567 ) ) ;
#4522 = CARTESIAN_POINT ( 'NONE',  ( -1.139282179206400178E-14, -2.254830370489016622E-14, -13.80000000000000071 ) ) ;
#4523 = FACE_OUTER_BOUND ( 'NONE', #9288, .T. ) ;
#4524 = DIRECTION ( 'NONE',  ( 1.000000000000000000, 0.000000000000000000, 0.000000000000000000 ) ) ;
#4525 = ADVANCED_FACE ( 'NONE', ( #1798 ), #5116, .F. ) ;
#4526 = ORIENTED_EDGE ( 'NONE', *, *, #8704, .F. ) ;
#4527 = VERTEX_POINT ( 'NONE', #5874 ) ;
#4528 = CARTESIAN_POINT ( 'NONE',  ( 9.757584728041525324, 6.086011853002195160, -23.79999999999997229 ) ) ;
#4529 = DIRECTION ( 'NONE',  ( 0.7071067811865535679, -0.7071067811865414665, 5.421010862427522170E-16 ) ) ;
#4530 = DIRECTION ( 'NONE',  ( 0.000000000000000000, 1.000000000000000000, 0.000000000000000000 ) ) ;
#4531 = CARTESIAN_POINT ( 'NONE',  ( -10.40651886102006607, -4.894341174472542910, -12.85420397048802599 ) ) ;
#4532 = AXIS2_PLACEMENT_3D ( 'NONE', #7321, #5778, #7517 ) ;
#4533 = CARTESIAN_POINT ( 'NONE',  ( 5.899517097201937510, 4.838856925422212463, -24.79999999999998650 ) ) ;
#4534 = CARTESIAN_POINT ( 'NONE',  ( -0.6099076439117319115, -3.200000000000000178, 7.700000000000000178 ) ) ;
#4535 = ADVANCED_FACE ( 'NONE', ( #1001, #7609 ), #1254, .F. ) ;
#4536 = CARTESIAN_POINT ( 'NONE',  ( 1.850000000000000089, -0.1999999999999997891, 7.700000000000000178 ) ) ;
#4537 = EDGE_LOOP ( 'NONE', ( #8159 ) ) ;
#4538 = DIRECTION ( 'NONE',  ( 0.000000000000000000, 0.000000000000000000, -1.000000000000000000 ) ) ;
#4539 = VECTOR ( 'NONE', #4086, 1000.000000000000000 ) ;
#4540 = LINE ( 'NONE', #4592, #2540 ) ;
#4541 = DIRECTION ( 'NONE',  ( 0.000000000000000000, 0.000000000000000000, -1.000000000000000000 ) ) ;
#4542 = CARTESIAN_POINT ( 'NONE',  ( -3.629958060377345141, 10.91292892193986042, -13.79999998943200445 ) ) ;
#4543 = ADVANCED_FACE ( 'NONE', ( #7727 ), #3536, .F. ) ;
#4544 = EDGE_CURVE ( 'NONE', #8289, #7341, #4850, .T. ) ;
#4545 = ORIENTED_EDGE ( 'NONE', *, *, #8862, .F. ) ;
#4546 = EDGE_CURVE ( 'NONE', #3318, #6652, #9948, .T. ) ;
#4547 = DIRECTION ( 'NONE',  ( -0.7071067811865522357, 0.7071067811865427988, 0.000000000000000000 ) ) ;
#4548 = CIRCLE ( 'NONE', #5088, 1.850000000000000089 ) ;
#4549 = CARTESIAN_POINT ( 'NONE',  ( 0.8375558018635904656, -0.6189173773547982371, -12.39999999999999858 ) ) ;
#4550 = ORIENTED_EDGE ( 'NONE', *, *, #1740, .F. ) ;
#4551 = FACE_OUTER_BOUND ( 'NONE', #4153, .T. ) ;
#4552 = VERTEX_POINT ( 'NONE', #7034 ) ;
#4553 = FACE_OUTER_BOUND ( 'NONE', #1683, .T. ) ;
#4554 = CARTESIAN_POINT ( 'NONE',  ( 0.05000000000000080075, -3.200000000000000178, 7.299999999999999822 ) ) ;
#4555 = DIRECTION ( 'NONE',  ( 1.000000000000000000, 0.000000000000000000, 0.000000000000000000 ) ) ;
#4556 = DIRECTION ( 'NONE',  ( -0.7071067811865522357, 0.7071067811865427988, -1.601283208593975810E-15 ) ) ;
#4557 = VECTOR ( 'NONE', #8553, 1000.000000000000000 ) ;
#4558 = DIRECTION ( 'NONE',  ( 0.000000000000000000, 0.000000000000000000, -1.000000000000000000 ) ) ;
#4559 = EDGE_LOOP ( 'NONE', ( #1015, #4249, #10425, #3601, #5985, #2289, #1035 ) ) ;
#4560 = CARTESIAN_POINT ( 'NONE',  ( 9.209545823984862878, 4.384818667895187261, -11.08747651403297496 ) ) ;
#4561 = CARTESIAN_POINT ( 'NONE',  ( -6.086011853008402639, -9.757584728048003697, -24.41324865405201905 ) ) ;
#4562 = ORIENTED_EDGE ( 'NONE', *, *, #6201, .F. ) ;
#4563 = CARTESIAN_POINT ( 'NONE',  ( -0.7071067811865474617, -2.121320343559653931, -19.54142135623731846 ) ) ;
#4564 = CARTESIAN_POINT ( 'NONE',  ( -2.155497403577984805, -2.432350908723610150, 7.299999999999999822 ) ) ;
#4565 = CARTESIAN_POINT ( 'NONE',  ( -9.142016692789479038, 4.523888436608022090, -11.20240610521602065 ) ) ;
#4566 = ORIENTED_EDGE ( 'NONE', *, *, #7870, .T. ) ;
#4567 = CARTESIAN_POINT ( 'NONE',  ( -8.988313468611398349, -4.823589429658899697, -11.56178399554602620 ) ) ;
#4568 = DIRECTION ( 'NONE',  ( -1.000000000000000000, -8.493206138382439646E-15, -2.614213562372974149E-15 ) ) ;
#4569 = DIRECTION ( 'NONE',  ( -1.000000000000000000, 0.000000000000000000, -2.973811673103097763E-15 ) ) ;
#4570 = CARTESIAN_POINT ( 'NONE',  ( 6.086011853002030847, 9.757584728041639011, -27.29999999999998295 ) ) ;
#4571 = AXIS2_PLACEMENT_3D ( 'NONE', #7685, #6891, #2149 ) ;
#4572 = EDGE_LOOP ( 'NONE', ( #1899, #403, #4474, #291 ) ) ;
#4573 = CARTESIAN_POINT ( 'NONE',  ( -2.071867419369926491E-15, -1.679663816105752115E-15, -23.89363341178100342 ) ) ;
#4574 = ORIENTED_EDGE ( 'NONE', *, *, #7425, .T. ) ;
#4575 = CYLINDRICAL_SURFACE ( 'NONE', #9728, 1.850000000000000089 ) ;
#4576 = EDGE_LOOP ( 'NONE', ( #6395 ) ) ;
#4577 = VERTEX_POINT ( 'NONE', #5442 ) ;
#4578 = DIRECTION ( 'NONE',  ( 0.7071067811865474617, -0.7071067811865474617, 0.000000000000000000 ) ) ;
#4579 = CIRCLE ( 'NONE', #5789, 1.050000000000000044 ) ;
#4580 = ADVANCED_FACE ( 'NONE', ( #4406 ), #9471, .T. ) ;
#4581 = DIRECTION ( 'NONE',  ( -3.130185029406269949E-15, -4.902016902688744135E-16, 1.000000000000000000 ) ) ;
#4582 = CARTESIAN_POINT ( 'NONE',  ( -10.41701629594643563, -4.871965794508077430, -12.90749707758702769 ) ) ;
#4583 = EDGE_CURVE ( 'NONE', #1792, #396, #6185, .T. ) ;
#4584 = VERTEX_POINT ( 'NONE', #8643 ) ;
#4585 = CARTESIAN_POINT ( 'NONE',  ( 6.073412998576582567, -8.194733342136144572, -13.29999999999999005 ) ) ;
#4587 = EDGE_CURVE ( 'NONE', #3024, #3024, #10104, .T. ) ;
#4586 = FACE_OUTER_BOUND ( 'NONE', #3083, .T. ) ;
#4588 = AXIS2_PLACEMENT_3D ( 'NONE', #760, #4050, #9767 ) ;
#4589 = CARTESIAN_POINT ( 'NONE',  ( -9.757584728048001921, 6.086011853008395533, -27.30000000000003624 ) ) ;
#4590 = ORIENTED_EDGE ( 'NONE', *, *, #2870, .F. ) ;
#4591 = B_SPLINE_CURVE_WITH_KNOTS ( 'NONE', 3,
 ( #5975, #1142, #5114, #1748 ),
 .UNSPECIFIED., .F., .F.,
 ( 4, 4 ),
 ( 0.000000000000000000, 0.0004521856223172759665 ),
 .UNSPECIFIED. ) ;
#4592 = CARTESIAN_POINT ( 'NONE',  ( -1.414213562372431454, 5.085786437626810930, -27.30000000000000426 ) ) ;
#4593 = EDGE_CURVE ( 'NONE', #8830, #9933, #10442, .T. ) ;
#4594 = DIRECTION ( 'NONE',  ( 0.7071067811865415775, 0.7071067811865535679, 2.109999999999998787E-15 ) ) ;
#4595 = CARTESIAN_POINT ( 'NONE',  ( -4.938698366542444873, 10.38566075810203060, -11.85149325918500907 ) ) ;
#4596 = CARTESIAN_POINT ( 'NONE',  ( 6.743179380451458371, -9.316575767511244166, -11.34180289773998496 ) ) ;
#4597 = CIRCLE ( 'NONE', #8527, 1.250000000000199840 ) ;
#4598 = DIRECTION ( 'NONE',  ( -0.7071067811703432016, 0.7071067812027519439, -1.524213562327256936E-15 ) ) ;
#4599 = CARTESIAN_POINT ( 'NONE',  ( 4.789844294246706546, -10.45506293285018096, -13.06766663163599418 ) ) ;
#4600 = DIRECTION ( 'NONE',  ( 1.047445008332813989E-14, -1.000000000000000000, 0.000000000000000000 ) ) ;
#4601 = EDGE_LOOP ( 'NONE', ( #8297 ) ) ;
#4602 = DIRECTION ( 'NONE',  ( 1.000000000000000000, 0.000000000000000000, 0.000000000000000000 ) ) ;
#4603 = CARTESIAN_POINT ( 'NONE',  ( -0.3843583103502091203, -2.202786573698139794, -12.35857864376269610 ) ) ;
#4604 = VECTOR ( 'NONE', #810, 1000.000000000000000 ) ;
#4605 = CIRCLE ( 'NONE', #10552, 0.4500000000000000111 ) ;
#4606 = EDGE_LOOP ( 'NONE', ( #9075, #7971, #240, #6637 ) ) ;
#4607 = CARTESIAN_POINT ( 'NONE',  ( -5.009927747226458727, -4.664390452583425883, -27.10074158624901486 ) ) ;
#4608 = ADVANCED_FACE ( 'NONE', ( #8654 ), #4818, .F. ) ;
#4609 = ORIENTED_EDGE ( 'NONE', *, *, #6691, .F. ) ;
#4610 = ADVANCED_FACE ( 'NONE', ( #9510, #6374 ), #9616, .F. ) ;
#4611 = FACE_OUTER_BOUND ( 'NONE', #9207, .T. ) ;
#4612 = AXIS2_PLACEMENT_3D ( 'NONE', #7832, #2735, #7050 ) ;
#4613 = CARTESIAN_POINT ( 'NONE',  ( -11.00000000000000000, 0.000000000000000000, 0.9999999999999991118 ) ) ;
#4614 = AXIS2_PLACEMENT_3D ( 'NONE', #1150, #7557, #6934 ) ;
#4615 = ORIENTED_EDGE ( 'NONE', *, *, #2808, .T. ) ;
#4616 = VERTEX_POINT ( 'NONE', #2271 ) ;
#4617 = CARTESIAN_POINT ( 'NONE',  ( 9.299281342802931505, -4.191262062583132497, -10.96750786747398010 ) ) ;
#4618 = DIRECTION ( 'NONE',  ( 0.7071067811865415775, 0.7071067811865535679, 1.329999999999998932E-15 ) ) ;
#4619 = ORIENTED_EDGE ( 'NONE', *, *, #4931, .F. ) ;
#4620 = ORIENTED_EDGE ( 'NONE', *, *, #8460, .T. ) ;
#4621 = CIRCLE ( 'NONE', #10397, 7.630127018922000737 ) ;
#4622 = PLANE ( 'NONE',  #10051 ) ;
#4623 = EDGE_CURVE ( 'NONE', #9414, #9060, #3035, .T. ) ;
#4624 = PLANE ( 'NONE',  #753 ) ;
#4625 = DIRECTION ( 'NONE',  ( -0.7071067811865550112, 0.7071067811865399122, -2.312964634635742267E-15 ) ) ;
#4626 = DIRECTION ( 'NONE',  ( -0.7071067811703314332, -0.7071067812027636013, -1.779999999967578736E-15 ) ) ;
#4627 = VERTEX_POINT ( 'NONE', #8015 ) ;
#4628 = CARTESIAN_POINT ( 'NONE',  ( 4.405198112628716522, 8.076770987746083819, -23.89363341178098921 ) ) ;
#4629 = ORIENTED_EDGE ( 'NONE', *, *, #8307, .F. ) ;
#4630 = CIRCLE ( 'NONE', #4992, 9.200000000000001066 ) ;
#4631 =( BOUNDED_CURVE ( )  B_SPLINE_CURVE ( 2, ( #9927, #876, #1728 ),
 .UNSPECIFIED., .F., .F. ) 
 B_SPLINE_CURVE_WITH_KNOTS ( ( 3, 3 ),
 ( 0.000000000000000000, 1.000000000000000000 ),
 .UNSPECIFIED. ) 
 CURVE ( )  GEOMETRIC_REPRESENTATION_ITEM ( )  RATIONAL_B_SPLINE_CURVE ( ( 1.000000000000000000, 1.004847937624864018, 1.000000000000000000 ) ) 
 REPRESENTATION_ITEM ( '' )  );
#4632 = VERTEX_POINT ( 'NONE', #644 ) ;
#4633 = CARTESIAN_POINT ( 'NONE',  ( 4.986595999807962087, 8.897977515215103494, -12.56018988120298729 ) ) ;
#4634 = CYLINDRICAL_SURFACE ( 'NONE', #5229, 1.850000000000000089 ) ;
#4635 = CARTESIAN_POINT ( 'NONE',  ( -6.909178529471768471, -3.237605654302266878, -24.80000000000001847 ) ) ;
#4636 = AXIS2_PLACEMENT_3D ( 'NONE', #9407, #2753, #387 ) ;
#4637 = CARTESIAN_POINT ( 'NONE',  ( -1.838477631085041031, 1.838477631085004838, -19.50000000000000355 ) ) ;
#4638 = CARTESIAN_POINT ( 'NONE',  ( 5.497173856613097875, -8.592036679077821759, -13.02784576643899150 ) ) ;
#4639 = DIRECTION ( 'NONE',  ( 2.491995308303619233E-15, 4.919953083036274587E-16, -1.000000000000000000 ) ) ;
#4640 = DIRECTION ( 'NONE',  ( -0.7071067811865531239, 0.7071067811865417996, -1.508455196501571232E-15 ) ) ;
#4641 = DIRECTION ( 'NONE',  ( 1.000000000000000000, 8.493206138382439646E-15, 2.221320343559726069E-15 ) ) ;
#4642 = EDGE_LOOP ( 'NONE', ( #4122 ) ) ;
#4643 = AXIS2_PLACEMENT_3D ( 'NONE', #1161, #4367, #2577 ) ;
#4644 = FACE_OUTER_BOUND ( 'NONE', #7284, .T. ) ;
#4645 = EDGE_CURVE ( 'NONE', #775, #1780, #7072, .T. ) ;
#4646 = DIRECTION ( 'NONE',  ( 0.000000000000000000, 0.000000000000000000, 1.000000000000000000 ) ) ;
#4647 = CARTESIAN_POINT ( 'NONE',  ( -7.584086097669119120, -8.644746269449072429, -23.80000000000002203 ) ) ;
#4648 = CARTESIAN_POINT ( 'NONE',  ( 0.7363961030678640718, 2.209188309203681033, -22.50000000000000000 ) ) ;
#4649 = CARTESIAN_POINT ( 'NONE',  ( 0.000000000000000000, 0.000000000000000000, 0.9999999999999991118 ) ) ;
#4650 = EDGE_CURVE ( 'NONE', #7059, #7059, #5031, .T. ) ;
#4651 = PLANE ( 'NONE',  #5383 ) ;
#4652 = AXIS2_PLACEMENT_3D ( 'NONE', #7878, #1215, #10364 ) ;
#4653 = ORIENTED_EDGE ( 'NONE', *, *, #1873, .T. ) ;
#4654 = AXIS2_PLACEMENT_3D ( 'NONE', #5976, #844, #6618 ) ;
#4655 = EDGE_CURVE ( 'NONE', #255, #2709, #115, .T. ) ;
#4656 = ORIENTED_EDGE ( 'NONE', *, *, #8634, .T. ) ;
#4657 = CARTESIAN_POINT ( 'NONE',  ( 5.374011537017751472, -3.111269837220770107, -12.29999999999999005 ) ) ;
#4658 = ORIENTED_EDGE ( 'NONE', *, *, #2631, .T. ) ;
#4659 = DIRECTION ( 'NONE',  ( -0.7071067811865522357, 0.7071067811865427988, -1.810146235801885321E-15 ) ) ;
#4660 = AXIS2_PLACEMENT_3D ( 'NONE', #6740, #2543, #8982 ) ;
#4661 = CARTESIAN_POINT ( 'NONE',  ( -4.553502990261988792, -9.127281619482674913, -11.23097303732502006 ) ) ;
#4662 = CARTESIAN_POINT ( 'NONE',  ( 4.999999999998832934, 10.35615758860345359, -12.21536382888898409 ) ) ;
#4663 = CARTESIAN_POINT ( 'NONE',  ( -5.978532735505862838, -3.042555887816232207, -12.30000000000001847 ) ) ;
#4664 = CARTESIAN_POINT ( 'NONE',  ( 2.972445591920209192E-17, 2.631520276938958734E-15, -23.80000000000000071 ) ) ;
#4665 = EDGE_LOOP ( 'NONE', ( #4340 ) ) ;
#4666 = VERTEX_POINT ( 'NONE', #9723 ) ;
#4667 = EDGE_CURVE ( 'NONE', #578, #578, #878, .T. ) ;
#4668 = DIRECTION ( 'NONE',  ( -1.156149796254212418E-16, -5.207811234424668642E-16, 1.000000000000000000 ) ) ;
#4669 = CARTESIAN_POINT ( 'NONE',  ( 9.276220502677574586, -4.242248073841578204, -10.99448717942897957 ) ) ;
#4670 = DIRECTION ( 'NONE',  ( -0.7071067811865532349, 0.7071067811865416886, -1.304213562373106295E-15 ) ) ;
#4671 = VERTEX_POINT ( 'NONE', #2542 ) ;
#4672 = AXIS2_PLACEMENT_3D ( 'NONE', #7377, #9878, #10553 ) ;
#4673 = ORIENTED_EDGE ( 'NONE', *, *, #8878, .T. ) ;
#4674 = CARTESIAN_POINT ( 'NONE',  ( -5.978532735505871720, -3.042555887816233096, -9.441421356237331253 ) ) ;
#4675 = FACE_OUTER_BOUND ( 'NONE', #2883, .T. ) ;
#4676 = CARTESIAN_POINT ( 'NONE',  ( 10.53623297009003856, 4.608689155518533198, -11.28768684843997683 ) ) ;
#4677 = CARTESIAN_POINT ( 'NONE',  ( -9.757584728047898892, -6.086011853008559847, -27.30000000000003624 ) ) ;
#4678 = CONICAL_SURFACE ( 'NONE', #8601, 6.799999999999999822, 0.7853981633974433940 ) ;
#4679 = ORIENTED_EDGE ( 'NONE', *, *, #8251, .T. ) ;
#4680 = ORIENTED_EDGE ( 'NONE', *, *, #433, .T. ) ;
#4681 = EDGE_CURVE ( 'NONE', #7920, #6063, #2432, .T. ) ;
#4682 = ORIENTED_EDGE ( 'NONE', *, *, #5758, .F. ) ;
#4683 = ORIENTED_EDGE ( 'NONE', *, *, #8660, .F. ) ;
#4684 = EDGE_LOOP ( 'NONE', ( #2660, #7611, #711, #3788 ) ) ;
#4685 = CARTESIAN_POINT ( 'NONE',  ( -5.093865147111840539E-13, -9.000000000000000000, 0.9999999999999991118 ) ) ;
#4686 = VECTOR ( 'NONE', #7567, 1000.000000000000000 ) ;
#4687 = CARTESIAN_POINT ( 'NONE',  ( -10.62964811897492368, -4.389335457366019710, -13.51101666283002700 ) ) ;
#4688 = CARTESIAN_POINT ( 'NONE',  ( -2.121320343559661925, 2.121320343559622401, -22.19999999999999929 ) ) ;
#4689 = CARTESIAN_POINT ( 'NONE',  ( 7.438519677829239285, -3.766946802683109663, -24.39358317063246062 ) ) ;
#4690 = FACE_OUTER_BOUND ( 'NONE', #3114, .T. ) ;
#4691 = CIRCLE ( 'NONE', #3327, 0.7999999999999999334 ) ;
#4692 = ORIENTED_EDGE ( 'NONE', *, *, #10444, .T. ) ;
#4693 = CARTESIAN_POINT ( 'NONE',  ( 0.000000000000000000, -9.000000000000000000, 5.000000000000000000 ) ) ;
#4694 = DIRECTION ( 'NONE',  ( -1.000000000000000000, 0.000000000000000000, 0.000000000000000000 ) ) ;
#4695 = CARTESIAN_POINT ( 'NONE',  ( -2.071867419369926491E-15, -1.679663816105752115E-15, -23.89363341178100342 ) ) ;
#4696 = CARTESIAN_POINT ( 'NONE',  ( -3.588230175533715185E-15, -6.834523779155948594E-15, -10.80000000000000071 ) ) ;
#4697 = VECTOR ( 'NONE', #5434, 1000.000000000000000 ) ;
#4698 = FACE_OUTER_BOUND ( 'NONE', #4067, .T. ) ;
#4699 = CYLINDRICAL_SURFACE ( 'NONE', #10509, 0.1000000000000000056 ) ;
#4700 = DIRECTION ( 'NONE',  ( -1.000000000000000000, 0.000000000000000000, 0.000000000000000000 ) ) ;
#4701 = CARTESIAN_POINT ( 'NONE',  ( 9.254508101018497968, -6.828094255979402227, -13.28592724913498202 ) ) ;
#4702 = ORIENTED_EDGE ( 'NONE', *, *, #8128, .F. ) ;
#4703 = CONICAL_SURFACE ( 'NONE', #9483, 6.799999999999999822, 0.7853981633974433940 ) ;
#4704 = CARTESIAN_POINT ( 'NONE',  ( -0.4002789528459939072, -2.294028981082050667, -12.40000000000000391 ) ) ;
#4705 = CARTESIAN_POINT ( 'NONE',  ( -6.363961030678820130, 6.363961030678660258, 1.000000000000000000 ) ) ;
#4706 = ORIENTED_EDGE ( 'NONE', *, *, #8870, .F. ) ;
#4707 = CARTESIAN_POINT ( 'NONE',  ( -1.322875655532296024, 1.500000000000000000, 10.00000000000000000 ) ) ;
#4708 = CARTESIAN_POINT ( 'NONE',  ( -4.588097685996552322, -5.402752016213033137, -26.96055140843501263 ) ) ;
#4709 = ORIENTED_EDGE ( 'NONE', *, *, #6493, .T. ) ;
#4710 = ORIENTED_EDGE ( 'NONE', *, *, #7213, .F. ) ;
#4711 = LINE ( 'NONE', #10401, #10293 ) ;
#4712 = CARTESIAN_POINT ( 'NONE',  ( -7.950000000000000178, 2.548218452695024850E-13, 0.8000000000000003775 ) ) ;
#4713 = CARTESIAN_POINT ( 'NONE',  ( -6.000000000000000000, 3.605551275463990013, 5.000000000000000000 ) ) ;
#4714 = CARTESIAN_POINT ( 'NONE',  ( -4.493195736987676270, -9.157136858707753291, -11.17469264390001982 ) ) ;
#4715 = CARTESIAN_POINT ( 'NONE',  ( 4.003993638783216014, 10.78157098494469857, -13.72147180849298920 ) ) ;
#4716 = EDGE_CURVE ( 'NONE', #2126, #8040, #6571, .T. ) ;
#4717 = EDGE_LOOP ( 'NONE', ( #3238, #9634, #5571, #9354, #135, #2463, #10372, #1659 ) ) ;
#4718 = EDGE_CURVE ( 'NONE', #4113, #3516, #6897, .T. ) ;
#4719 = CARTESIAN_POINT ( 'NONE',  ( 9.408812943169554188, 3.941344673000390930, -10.85983104390897758 ) ) ;
#4720 = ORIENTED_EDGE ( 'NONE', *, *, #2430, .F. ) ;
#4721 = EDGE_CURVE ( 'NONE', #3749, #4417, #172, .T. ) ;
#4722 = CARTESIAN_POINT ( 'NONE',  ( 10.77567667446465904, -1.849999999999890177, 4.866675785184370717 ) ) ;
#4723 = ORIENTED_EDGE ( 'NONE', *, *, #2037, .F. ) ;
#4724 = CARTESIAN_POINT ( 'NONE',  ( -9.496538687308884619, -3.725420603911014705, -10.81026177729902571 ) ) ;
#4725 = ORIENTED_EDGE ( 'NONE', *, *, #763, .T. ) ;
#4726 = CARTESIAN_POINT ( 'NONE',  ( 1.153074931050470875, 6.608359721094389627, -9.441421356237311713 ) ) ;
#4727 = B_SPLINE_CURVE_WITH_KNOTS ( 'NONE', 3,
 ( #1460, #3211, #10455, #5649 ),
 .UNSPECIFIED., .F., .F.,
 ( 4, 4 ),
 ( 0.000000000000000000, 1.000000000000000000 ),
 .UNSPECIFIED. ) ;
#4728 = CARTESIAN_POINT ( 'NONE',  ( 4.587538177669127748, -3.526878005889244605, -24.79999999999999361 ) ) ;
#4729 = AXIS2_PLACEMENT_3D ( 'NONE', #10459, #6446, #5800 ) ;
#4730 = CARTESIAN_POINT ( 'NONE',  ( 10.36445747605902667, 4.982809172819299803, -12.55351970368097447 ) ) ;
#4731 = EDGE_CURVE ( 'NONE', #4916, #3542, #701, .T. ) ;
#4732 = FACE_OUTER_BOUND ( 'NONE', #2598, .T. ) ;
#4733 = CARTESIAN_POINT ( 'NONE',  ( -7.950000000000000178, 2.548218452695024850E-13, -9.200000000000008171 ) ) ;
#4734 = ORIENTED_EDGE ( 'NONE', *, *, #6181, .F. ) ;
#4735 = CARTESIAN_POINT ( 'NONE',  ( 10.05000000000014104, -2.556668515609145134E-13, 0.9999999999999991118 ) ) ;
#4736 = ORIENTED_EDGE ( 'NONE', *, *, #10396, .T. ) ;
#4737 = VECTOR ( 'NONE', #4456, 1000.000000000000227 ) ;
#4738 = VERTEX_POINT ( 'NONE', #1118 ) ;
#4739 = LINE ( 'NONE', #7993, #9513 ) ;
#4740 = VERTEX_POINT ( 'NONE', #2693 ) ;
#4741 = EDGE_LOOP ( 'NONE', ( #7485, #1313, #8588, #7669, #3000 ) ) ;
#4742 = ADVANCED_FACE ( 'NONE', ( #8739, #6739 ), #8440, .T. ) ;
#4743 = AXIS2_PLACEMENT_3D ( 'NONE', #10153, #4416, #3444 ) ;
#4744 = EDGE_CURVE ( 'NONE', #9794, #7361, #9246, .T. ) ;
#4745 = PLANE ( 'NONE',  #4903 ) ;
#4746 = CARTESIAN_POINT ( 'NONE',  ( -10.49834089726479114, -4.694223905505683803, -13.20887311047202672 ) ) ;
#4747 = VERTEX_POINT ( 'NONE', #8865 ) ;
#4748 = CARTESIAN_POINT ( 'NONE',  ( 5.095555156610022784, -4.628299328998474849, -27.07848800326299354 ) ) ;
#4749 = CARTESIAN_POINT ( 'NONE',  ( -3.500000000000066169, -10.95445115010359416, -10.80000000000001492 ) ) ;
#4750 = ORIENTED_EDGE ( 'NONE', *, *, #1542, .T. ) ;
#4751 = VECTOR ( 'NONE', #2834, 1000.000000000000000 ) ;
#4752 = DIRECTION ( 'NONE',  ( -1.000000000000000000, 0.000000000000000000, 0.000000000000000000 ) ) ;
#4753 = CARTESIAN_POINT ( 'NONE',  ( 0.000000000000000000, 0.000000000000000000, 1.000000000000000000 ) ) ;
#4754 = CARTESIAN_POINT ( 'NONE',  ( 6.086011853002023742, 9.757584728041637234, -24.41324865405197997 ) ) ;
#4755 = EDGE_CURVE ( 'NONE', #1859, #6848, #2088, .T. ) ;
#4756 = CARTESIAN_POINT ( 'NONE',  ( -4.752492098736532000, 10.47207762061247571, -11.47370488376400743 ) ) ;
#4757 = CARTESIAN_POINT ( 'NONE',  ( 0.3746845402923689727, -1.496962410891656159, 7.700000000000000178 ) ) ;
#4758 = AXIS2_PLACEMENT_3D ( 'NONE', #4693, #7951, #4752 ) ;
#4759 = DIRECTION ( 'NONE',  ( 1.000000000000000000, 0.000000000000000000, 0.000000000000000000 ) ) ;
#4760 = CARTESIAN_POINT ( 'NONE',  ( -2.209188309203680589, -0.7363961030679104791, -22.50000000000001066 ) ) ;
#4761 = LINE ( 'NONE', #7278, #6187 ) ;
#4762 = VERTEX_POINT ( 'NONE', #10525 ) ;
#4763 = CYLINDRICAL_SURFACE ( 'NONE', #8463, 0.1000000000000000056 ) ;
#4764 = ORIENTED_EDGE ( 'NONE', *, *, #8475, .T. ) ;
#4765 = CARTESIAN_POINT ( 'NONE',  ( -4.620490197274786048, -5.120077358545215951, -27.07101095255301360 ) ) ;
#4766 = CONICAL_SURFACE ( 'NONE', #10362, 0.8000000000000002665, 0.7853981633970007481 ) ;
#4767 = EDGE_CURVE ( 'NONE', #1097, #7493, #3231, .T. ) ;
#4768 = EDGE_LOOP ( 'NONE', ( #4199, #6583, #5601, #8802 ) ) ;
#4769 = CARTESIAN_POINT ( 'NONE',  ( 8.592456787939651619, -5.496519509115117330, -13.02716340244398197 ) ) ;
#4770 = ORIENTED_EDGE ( 'NONE', *, *, #2760, .F. ) ;
#4771 = CARTESIAN_POINT ( 'NONE',  ( -4.992262405482684962, -8.894794764453308744, -12.07004942403901637 ) ) ;
#4772 = DIRECTION ( 'NONE',  ( -1.000000000000000000, 0.000000000000000000, 0.000000000000000000 ) ) ;
#4773 = CARTESIAN_POINT ( 'NONE',  ( -4.280525534663826015, -10.67384538559933738, -11.01736803844901758 ) ) ;
#4774 = CARTESIAN_POINT ( 'NONE',  ( -9.000000000000248690, 2.546932573555920269E-13, 0.9999999999999991118 ) ) ;
#4775 = VERTEX_POINT ( 'NONE', #4733 ) ;
#4776 = VECTOR ( 'NONE', #2706, 1000.000000000000114 ) ;
#4777 = CARTESIAN_POINT ( 'NONE',  ( -4.191262062583316350, 9.299281342802894201, -13.63249213252600711 ) ) ;
#4778 = CONICAL_SURFACE ( 'NONE', #10374, 9.200000000000001066, 1.047197551196999754 ) ;
#4779 = CARTESIAN_POINT ( 'NONE',  ( -2.121320343559656596, -0.7071067811865690000, -19.54142135623731846 ) ) ;
#4780 = CARTESIAN_POINT ( 'NONE',  ( 8.890261272790070279, -5.000325411076992133, -12.29295487513798335 ) ) ;
#4781 = ORIENTED_EDGE ( 'NONE', *, *, #4784, .T. ) ;
#4782 = CARTESIAN_POINT ( 'NONE',  ( 0.8042429674091756686, -0.5943006388797030803, -9.500000000000000000 ) ) ;
#4783 = DIRECTION ( 'NONE',  ( 0.000000000000000000, 0.000000000000000000, -1.000000000000000000 ) ) ;
#4784 = EDGE_CURVE ( 'NONE', #8453, #8668, #6064, .T. ) ;
#4785 = CIRCLE ( 'NONE', #5479, 2.000000000000000000 ) ;
#4786 = CARTESIAN_POINT ( 'NONE',  ( 10.52478109835659659, 4.634769000770555536, -13.28306243250697705 ) ) ;
#4787 = CIRCLE ( 'NONE', #6171, 2.000000000000000000 ) ;
#4788 = CARTESIAN_POINT ( 'NONE',  ( 5.724914646108453020, 4.691776878258074213, -26.77931619017398646 ) ) ;
#4789 = EDGE_CURVE ( 'NONE', #2202, #7439, #3631, .T. ) ;
#4790 = CARTESIAN_POINT ( 'NONE',  ( 10.84331591350176005, -1.849999999999885070, 3.000000000000000000 ) ) ;
#4791 = DIRECTION ( 'NONE',  ( 0.000000000000000000, 0.000000000000000000, 1.000000000000000000 ) ) ;
#4792 = CARTESIAN_POINT ( 'NONE',  ( 5.953399550669647766, 7.014059722449585088, -23.89363341178098565 ) ) ;
#4793 = EDGE_LOOP ( 'NONE', ( #145, #9260, #985, #1182, #526 ) ) ;
#4794 = VERTEX_POINT ( 'NONE', #8795 ) ;
#4795 = FACE_OUTER_BOUND ( 'NONE', #8556, .T. ) ;
#4796 = EDGE_LOOP ( 'NONE', ( #1889, #1698 ) ) ;
#4797 = CARTESIAN_POINT ( 'NONE',  ( 5.636780747939695857, -6.030481141638343701, 0.9999999999999991118 ) ) ;
#4798 = AXIS2_PLACEMENT_3D ( 'NONE', #4280, #1024, #823 ) ;
#4799 = CIRCLE ( 'NONE', #143, 1.850000000000000089 ) ;
#4800 = VERTEX_POINT ( 'NONE', #2412 ) ;
#4801 = EDGE_CURVE ( 'NONE', #3040, #3104, #8940, .T. ) ;
#4802 = ORIENTED_EDGE ( 'NONE', *, *, #1639, .F. ) ;
#4803 = CARTESIAN_POINT ( 'NONE',  ( -0.3884875985454435132, -3.494677254262775090, 7.299999999999999822 ) ) ;
#4804 = DIRECTION ( 'NONE',  ( 0.000000000000000000, 0.000000000000000000, 1.000000000000000000 ) ) ;
#4805 = CARTESIAN_POINT ( 'NONE',  ( -10.73827272561795176, -4.117319228029002964, -10.92764461210803084 ) ) ;
#4806 = CIRCLE ( 'NONE', #2720, 9.200000000000001066 ) ;
#4807 = VERTEX_POINT ( 'NONE', #6212 ) ;
#4808 = DIRECTION ( 'NONE',  ( -1.000000000000000000, 0.000000000000000000, 0.000000000000000000 ) ) ;
#4809 = LINE ( 'NONE', #3825, #5657 ) ;
#4810 = EDGE_LOOP ( 'NONE', ( #8727, #5060, #5135, #6122 ) ) ;
#4811 = EDGE_CURVE ( 'NONE', #9414, #9300, #2769, .T. ) ;
#4812 = VERTEX_POINT ( 'NONE', #7248 ) ;
#4813 = FACE_OUTER_BOUND ( 'NONE', #10044, .T. ) ;
#4814 = DIRECTION ( 'NONE',  ( 0.9999954816267412339, -0.003006114785194515578, 0.000000000000000000 ) ) ;
#4815 = AXIS2_PLACEMENT_3D ( 'NONE', #64, #6644, #9876 ) ;
#4816 = DIRECTION ( 'NONE',  ( -1.070710678118655561E-15, -8.101933598375615524E-16, 1.000000000000000000 ) ) ;
#4817 = LINE ( 'NONE', #6270, #2483 ) ;
#4818 = PLANE ( 'NONE',  #3130 ) ;
#4819 = CARTESIAN_POINT ( 'NONE',  ( 4.569041772020137948, -10.55345073786140908, -13.35333137866199493 ) ) ;
#4820 = VERTEX_POINT ( 'NONE', #3183 ) ;
#4821 = CARTESIAN_POINT ( 'NONE',  ( -9.000000000000248690, 2.546932573555920269E-13, 0.9999999999999991118 ) ) ;
#4822 = EDGE_CURVE ( 'NONE', #1519, #2672, #1908, .T. ) ;
#4823 = DIRECTION ( 'NONE',  ( 0.7071067811703316552, 0.7071067812027632682, 2.439999999967579600E-15 ) ) ;
#4824 = ORIENTED_EDGE ( 'NONE', *, *, #9609, .F. ) ;
#4825 = EDGE_CURVE ( 'NONE', #5791, #2126, #6982, .T. ) ;
#4826 = CARTESIAN_POINT ( 'NONE',  ( -4.628299328998475737, -5.095555156610023673, -27.07848800326301486 ) ) ;
#4827 = EDGE_LOOP ( 'NONE', ( #5633 ) ) ;
#4828 = ORIENTED_EDGE ( 'NONE', *, *, #5225, .T. ) ;
#4829 = CARTESIAN_POINT ( 'NONE',  ( 8.713484524422243638, -5.302833959494615890, -12.73578761587498143 ) ) ;
#4830 = DIRECTION ( 'NONE',  ( 3.030882154335502291E-15, 5.641916787523942882E-16, -1.000000000000000000 ) ) ;
#4831 = CARTESIAN_POINT ( 'NONE',  ( 4.897904710695629049, 10.40498320004160959, -12.85608374582798774 ) ) ;
#4832 = CARTESIAN_POINT ( 'NONE',  ( 4.959808227258721836, 4.691214343689621202, -27.11124587704098587 ) ) ;
#4833 = AXIS2_PLACEMENT_3D ( 'NONE', #5943, #4425, #9285 ) ;
#4834 = ORIENTED_EDGE ( 'NONE', *, *, #1424, .T. ) ;
#4835 = DIRECTION ( 'NONE',  ( 0.000000000000000000, 0.000000000000000000, -1.000000000000000000 ) ) ;
#4836 = EDGE_LOOP ( 'NONE', ( #2003, #6132 ) ) ;
#4837 = LINE ( 'NONE', #730, #9907 ) ;
#4838 = CARTESIAN_POINT ( 'NONE',  ( -9.112955154030762728, 4.582029351466755607, -13.33964997965102128 ) ) ;
#4839 = ORIENTED_EDGE ( 'NONE', *, *, #961, .F. ) ;
#4840 = CIRCLE ( 'NONE', #5372, 0.8000000000000001554 ) ;
#4841 = CARTESIAN_POINT ( 'NONE',  ( -9.408812918886876986, -3.941344716136038873, -10.85983109863702545 ) ) ;
#4842 = CARTESIAN_POINT ( 'NONE',  ( 1.050000000000000044, 9.000000000000000000, 0.8000000000000003775 ) ) ;
#4843 = CARTESIAN_POINT ( 'NONE',  ( -5.577244401573072885, 4.626364019522717363, -26.86913178591301232 ) ) ;
#4844 = CARTESIAN_POINT ( 'NONE',  ( -6.049441401588648404, -2.377868526379541603, -27.30000000000002203 ) ) ;
#4845 = FACE_OUTER_BOUND ( 'NONE', #1261, .T. ) ;
#4846 = ORIENTED_EDGE ( 'NONE', *, *, #969, .T. ) ;
#4847 = ORIENTED_EDGE ( 'NONE', *, *, #3634, .T. ) ;
#4848 = FACE_OUTER_BOUND ( 'NONE', #6983, .T. ) ;
#4849 = CARTESIAN_POINT ( 'NONE',  ( 0.000000000000000000, 0.000000000000000000, 10.00000000000000000 ) ) ;
#4850 = CIRCLE ( 'NONE', #5375, 9.200000000000001066 ) ;
#4851 = LINE ( 'NONE', #10587, #3028 ) ;
#4852 = ORIENTED_EDGE ( 'NONE', *, *, #692, .T. ) ;
#4853 = CARTESIAN_POINT ( 'NONE',  ( 6.363961030679040398, 6.363961030679200270, 1.000000000000000000 ) ) ;
#4854 = VERTEX_POINT ( 'NONE', #9423 ) ;
#4855 = EDGE_CURVE ( 'NONE', #2496, #455, #7222, .T. ) ;
#4856 = DIRECTION ( 'NONE',  ( -3.121320343559646425E-15, -4.990663761154980360E-16, 1.000000000000000000 ) ) ;
#4857 = ORIENTED_EDGE ( 'NONE', *, *, #9433, .F. ) ;
#4858 = DIRECTION ( 'NONE',  ( 0.000000000000000000, 0.000000000000000000, 1.000000000000000000 ) ) ;
#4859 = VECTOR ( 'NONE', #4519, 1000.000000000000000 ) ;
#4860 = CARTESIAN_POINT ( 'NONE',  ( -9.000000000000248690, 2.546932573555920269E-13, -9.200000000000008171 ) ) ;
#4861 = CARTESIAN_POINT ( 'NONE',  ( -0.7071067811865713315, 0.7071067811865373587, -19.60000000000000142 ) ) ;
#4862 = LINE ( 'NONE', #2530, #2635 ) ;
#4863 = CARTESIAN_POINT ( 'NONE',  ( -11.49999999999964828, 3.500000000000014211, -12.30000000000002913 ) ) ;
#4864 = ADVANCED_FACE ( 'NONE', ( #9472, #2132, #501, #2774, #6082, #9319 ), #10407, .F. ) ;
#4865 = VERTEX_POINT ( 'NONE', #6394 ) ;
#4866 = CIRCLE ( 'NONE', #8784, 3.200000000000000178 ) ;
#4867 = CARTESIAN_POINT ( 'NONE',  ( -5.953399550669663753, -7.014059722449588641, -23.89363341178102118 ) ) ;
#4868 = DIRECTION ( 'NONE',  ( 0.000000000000000000, 0.000000000000000000, -1.000000000000000000 ) ) ;
#4869 = CARTESIAN_POINT ( 'NONE',  ( -5.093865147111840539E-13, -9.000000000000000000, 0.9999999999999991118 ) ) ;
#4870 = CARTESIAN_POINT ( 'NONE',  ( 6.208431146781583365, -9.680218407515379653, -11.98610989022099105 ) ) ;
#4871 = FACE_BOUND ( 'NONE', #7053, .T. ) ;
#4872 = CIRCLE ( 'NONE', #1762, 0.8000000000000003775 ) ;
#4873 = ADVANCED_FACE ( 'NONE', ( #2181, #549 ), #1357, .F. ) ;
#4874 = EDGE_CURVE ( 'NONE', #814, #3983, #7569, .T. ) ;
#4875 = FACE_OUTER_BOUND ( 'NONE', #6486, .T. ) ;
#4876 = ORIENTED_EDGE ( 'NONE', *, *, #10574, .F. ) ;
#4877 = DIRECTION ( 'NONE',  ( 0.000000000000000000, 0.000000000000000000, 1.000000000000000000 ) ) ;
#4878 = EDGE_LOOP ( 'NONE', ( #165, #1192, #6296, #84 ) ) ;
#4879 = CARTESIAN_POINT ( 'NONE',  ( -4.767439941463539554, -5.824821486132689685, -26.70701141862001649 ) ) ;
#4880 = CARTESIAN_POINT ( 'NONE',  ( -5.868986283848309782, -4.808326112068574076, -24.80000000000001492 ) ) ;
#4881 = CIRCLE ( 'NONE', #5063, 9.000000000000000000 ) ;
#4882 = ORIENTED_EDGE ( 'NONE', *, *, #8481, .F. ) ;
#4883 = EDGE_LOOP ( 'NONE', ( #8036 ) ) ;
#4884 = CARTESIAN_POINT ( 'NONE',  ( 8.752499713670189863, -5.237745733257737513, -12.52134819806998145 ) ) ;
#4885 = CARTESIAN_POINT ( 'NONE',  ( -3.181980515339494442, 3.181980515339438487, -24.80000000000000782 ) ) ;
#4886 = EDGE_CURVE ( 'NONE', #3527, #995, #10276, .T. ) ;
#4887 = DIRECTION ( 'NONE',  ( 0.7071067811865415775, 0.7071067811865535679, 7.799999999999990666E-16 ) ) ;
#4889 = ADVANCED_FACE ( 'NONE', ( #1465 ), #1410, .F. ) ;
#4888 = CARTESIAN_POINT ( 'NONE',  ( -8.644746269448949860, -7.584086097669259452, -23.80000000000002558 ) ) ;
#4890 = ADVANCED_FACE ( 'NONE', ( #3123 ), #3917, .T. ) ;
#4891 = B_SPLINE_CURVE_WITH_KNOTS ( 'NONE', 6,
 ( #5082, #8479, #5237, #316, #10107, #6091, #2409, #4788, #1584, #5820, #2772, #7552, #948, #8516, #199, #6762, #7033, #8667, #499, #1200, #832, #4073, #5653, #8886, #6603, #4832, #3903, #3266, #10404, #3108, #6391, #5699, #3960, #2285, #4016, #1573, #7231, #8939, #10565, #233, #7649, #7442, #6855, #5801, #77, #9890, #934, #3424, #2602, #5107, #8346, #6751, #1189, #7198, #10432, #7259, #3138, #2755, #8748, #1382, #6968, #575 ),
 .UNSPECIFIED., .F., .F.,
 ( 7, 5, 5, 5, 5, 5, 5, 5, 5, 5, 5, 5, 7 ),
 ( 0.000000000000000000, 0.03417905882687000130, 0.1950144057719999935, 0.3424393302619999635, 0.4031096718289999825, 0.4351151850040000379, 0.4999998129519999668, 0.5648844408990000288, 0.5968899540740000287, 0.6575602956420000256, 0.8055223740200000426, 0.9658209168699999347, 1.000000000000000000 ),
 .UNSPECIFIED. ) ;
#4892 = VECTOR ( 'NONE', #4037, 1000.000000000000000 ) ;
#4893 = LINE ( 'NONE', #7340, #1166 ) ;
#4894 = ORIENTED_EDGE ( 'NONE', *, *, #3754, .F. ) ;
#4895 = DIRECTION ( 'NONE',  ( 0.000000000000000000, 0.000000000000000000, -1.000000000000000000 ) ) ;
#4896 = ORIENTED_EDGE ( 'NONE', *, *, #9053, .F. ) ;
#4897 = CARTESIAN_POINT ( 'NONE',  ( -6.049441401588689260, 2.377868526379438130, -27.30000000000001492 ) ) ;
#4898 = CARTESIAN_POINT ( 'NONE',  ( 8.897977515215073296, -4.986595999808003832, -12.56018988120298374 ) ) ;
#4899 = ORIENTED_EDGE ( 'NONE', *, *, #862, .T. ) ;
#4900 = CARTESIAN_POINT ( 'NONE',  ( 9.000000000000000000, 1.850000000000095124, 3.000000000000000000 ) ) ;
#4901 = CARTESIAN_POINT ( 'NONE',  ( 3.758580748774142943, 10.86979445980844616, -10.81351120128798726 ) ) ;
#4902 = CARTESIAN_POINT ( 'NONE',  ( -5.544042071761437818, 4.616479217482959641, -26.88752221907501294 ) ) ;
#4903 = AXIS2_PLACEMENT_3D ( 'NONE', #10431, #6730, #4970 ) ;
#4904 = CARTESIAN_POINT ( 'NONE',  ( 10.95445115009783876, 3.499999999994550581, -13.79999999999997407 ) ) ;
#4905 = VECTOR ( 'NONE', #6038, 1000.000000000000000 ) ;
#4906 = LINE ( 'NONE', #7984, #8133 ) ;
#4907 = DIRECTION ( 'NONE',  ( -3.304235192336775117E-15, 1.000000000000000000, 0.000000000000000000 ) ) ;
#4908 = ORIENTED_EDGE ( 'NONE', *, *, #9163, .F. ) ;
#4909 = MANIFOLD_SOLID_BREP ( 'DeleteFace1', #868 ) ;
#4910 = DIRECTION ( 'NONE',  ( 0.7071067811865535679, -0.7071067811865415775, -1.357864376268928462E-16 ) ) ;
#4911 = DIRECTION ( 'NONE',  ( -0.7071067811865522357, 0.7071067811865429098, -1.508455196501571232E-15 ) ) ;
#4912 = ORIENTED_EDGE ( 'NONE', *, *, #3672, .F. ) ;
#4913 = DIRECTION ( 'NONE',  ( 0.000000000000000000, 0.000000000000000000, 1.000000000000000000 ) ) ;
#4914 = VERTEX_POINT ( 'NONE', #10216 ) ;
#4915 = CIRCLE ( 'NONE', #10321, 1.050000000000000044 ) ;
#4916 = VERTEX_POINT ( 'NONE', #1421 ) ;
#4917 = CARTESIAN_POINT ( 'NONE',  ( -9.000000000000000000, 1.849999999999970113, 3.000000000000000000 ) ) ;
#4918 = CARTESIAN_POINT ( 'NONE',  ( -0.04999999999999919786, -3.395393726758810349, 7.700000000000000178 ) ) ;
#4919 = AXIS2_PLACEMENT_3D ( 'NONE', #6869, #8619, #9419 ) ;
#4920 = VERTEX_POINT ( 'NONE', #1548 ) ;
#4921 = CARTESIAN_POINT ( 'NONE',  ( 9.539334685009780657, 3.613257950216870462, -13.79999999128997779 ) ) ;
#4922 = DIRECTION ( 'NONE',  ( 0.7071067811865480168, 0.7071067811865470176, 0.000000000000000000 ) ) ;
#4923 = FACE_OUTER_BOUND ( 'NONE', #2139, .T. ) ;
#4924 = DIRECTION ( 'NONE',  ( -0.7071067811865522357, 0.7071067811865429098, -7.542275982507856161E-16 ) ) ;
#4925 = ORIENTED_EDGE ( 'NONE', *, *, #8592, .T. ) ;
#4926 = DIRECTION ( 'NONE',  ( -1.000000000000000000, 0.000000000000000000, 0.000000000000000000 ) ) ;
#4927 = VERTEX_POINT ( 'NONE', #8678 ) ;
#4928 = EDGE_CURVE ( 'NONE', #4627, #7088, #8737, .T. ) ;
#4929 = AXIS2_PLACEMENT_3D ( 'NONE', #8319, #6095, #4261 ) ;
#4930 = ORIENTED_EDGE ( 'NONE', *, *, #128, .F. ) ;
#4931 = EDGE_CURVE ( 'NONE', #382, #10489, #3863, .T. ) ;
#4932 = LINE ( 'NONE', #9827, #7532 ) ;
#4933 = EDGE_CURVE ( 'NONE', #4747, #4747, #9955, .T. ) ;
#4934 = DIRECTION ( 'NONE',  ( 1.000000000000000000, 0.000000000000000000, 0.000000000000000000 ) ) ;
#4935 = CARTESIAN_POINT ( 'NONE',  ( 4.942734678346951682, -10.38365893413477181, -12.71935795151299331 ) ) ;
#4936 = VECTOR ( 'NONE', #3801, 1000.000000000000000 ) ;
#4937 = CARTESIAN_POINT ( 'NONE',  ( -1.992844245168644335, -1.014185295938746734, -12.30000000000000782 ) ) ;
#4938 = DIRECTION ( 'NONE',  ( 9.222182540694783561E-16, 1.114249275747775692E-15, -1.000000000000000000 ) ) ;
#4939 = ADVANCED_FACE ( 'NONE', ( #7455 ), #4678, .T. ) ;
#4940 = CARTESIAN_POINT ( 'NONE',  ( -1.812375900532361625E-14, -4.404663043279892259E-15, -19.50000000000000355 ) ) ;
#4941 = CIRCLE ( 'NONE', #9860, 11.50000000000000178 ) ;
#4942 = EDGE_LOOP ( 'NONE', ( #7778, #3433, #5647, #906 ) ) ;
#4943 = CARTESIAN_POINT ( 'NONE',  ( 4.384798385522141295, -9.209555462457739594, -13.51253806675999414 ) ) ;
#4944 = DIRECTION ( 'NONE',  ( 0.000000000000000000, 0.000000000000000000, -1.000000000000000000 ) ) ;
#4945 = CARTESIAN_POINT ( 'NONE',  ( 6.972352915663408091, 5.911692743883697254, -25.77584506147371357 ) ) ;
#4946 = ORIENTED_EDGE ( 'NONE', *, *, #3735, .F. ) ;
#4947 = DIRECTION ( 'NONE',  ( 0.7071067811865535679, -0.7071067811865415775, 1.634213562373107122E-15 ) ) ;
#4948 = ORIENTED_EDGE ( 'NONE', *, *, #8569, .F. ) ;
#4949 = AXIS2_PLACEMENT_3D ( 'NONE', #5367, #3677, #5422 ) ;
#4950 = DIRECTION ( 'NONE',  ( 0.000000000000000000, 0.000000000000000000, -1.000000000000000000 ) ) ;
#4951 = CARTESIAN_POINT ( 'NONE',  ( -8.897977515215144351, 4.986595999807991397, -12.56018988120302105 ) ) ;
#4952 = VERTEX_POINT ( 'NONE', #676 ) ;
#4953 = EDGE_CURVE ( 'NONE', #1331, #5908, #4144, .T. ) ;
#4954 = CARTESIAN_POINT ( 'NONE',  ( -5.826319947574006619, 4.768659824374366529, -26.70589585071001437 ) ) ;
#4955 = DIRECTION ( 'NONE',  ( 1.000000000000000000, 0.000000000000000000, 0.000000000000000000 ) ) ;
#4956 = CARTESIAN_POINT ( 'NONE',  ( -10.25000000000044231, 2.548463382054855279E-13, 1.000000000000000000 ) ) ;
#4957 = DIRECTION ( 'NONE',  ( 0.000000000000000000, 0.000000000000000000, -1.000000000000000000 ) ) ;
#4958 = DIRECTION ( 'NONE',  ( -0.7071067811865414665, -0.7071067811865537900, -3.469446951953613400E-15 ) ) ;
#4959 = VECTOR ( 'NONE', #7076, 1000.000000000000000 ) ;
#4960 = EDGE_LOOP ( 'NONE', ( #2503 ) ) ;
#4961 = EDGE_LOOP ( 'NONE', ( #6435, #1634 ) ) ;
#4962 = CARTESIAN_POINT ( 'NONE',  ( 10.47522870117529692, -4.745553208467494066, -11.46315796662098307 ) ) ;
#4963 = DIRECTION ( 'NONE',  ( 0.000000000000000000, 0.000000000000000000, -1.000000000000000000 ) ) ;
#4964 = CARTESIAN_POINT ( 'NONE',  ( 5.833630944789019779, -5.833630944789019779, 0.9999999999999991118 ) ) ;
#4965 = VERTEX_POINT ( 'NONE', #9849 ) ;
#4966 = AXIS2_PLACEMENT_3D ( 'NONE', #8696, #6957, #10175 ) ;
#4967 = ORIENTED_EDGE ( 'NONE', *, *, #1687, .F. ) ;
#4968 = AXIS2_PLACEMENT_3D ( 'NONE', #3680, #3728, #6065 ) ;
#4969 = EDGE_CURVE ( 'NONE', #3163, #2090, #6578, .T. ) ;
#4970 = DIRECTION ( 'NONE',  ( 1.000000000000000000, 0.000000000000000000, 0.000000000000000000 ) ) ;
#4971 = CARTESIAN_POINT ( 'NONE',  ( -0.9052691480050164552, 10.76199274157301566, 0.9999999999999991118 ) ) ;
#4972 = VERTEX_POINT ( 'NONE', #2426 ) ;
#4973 = VECTOR ( 'NONE', #2827, 1000.000000000000000 ) ;
#4974 = CARTESIAN_POINT ( 'NONE',  ( 5.860463149281089024, -4.799802978935191256, -26.67925278763998875 ) ) ;
#4975 = CARTESIAN_POINT ( 'NONE',  ( -7.750000000000000000, 2.546932573555920269E-13, 0.9999999999999991118 ) ) ;
#4976 = VERTEX_POINT ( 'NONE', #8048 ) ;
#4977 = FACE_OUTER_BOUND ( 'NONE', #5582, .T. ) ;
#4978 = BREP_WITH_VOIDS ( 'NONE', #7659, ( #3648, #5246 ) );
#4979 = EDGE_LOOP ( 'NONE', ( #4852 ) ) ;
#4980 = ORIENTED_EDGE ( 'NONE', *, *, #7755, .T. ) ;
#4981 = CARTESIAN_POINT ( 'NONE',  ( 8.644746269442697084, -7.584086097662748216, -23.79999999999998295 ) ) ;
#4982 = CARTESIAN_POINT ( 'NONE',  ( 0.000000000000000000, 0.000000000000000000, -9.400000000000000355 ) ) ;
#4983 = CARTESIAN_POINT ( 'NONE',  ( -3.181980515339486448, 3.181980515339441595, -27.10000000000000497 ) ) ;
#4984 = FACE_OUTER_BOUND ( 'NONE', #2722, .T. ) ;
#4985 = CARTESIAN_POINT ( 'NONE',  ( 4.117319039433677830, -10.73827280006636187, -10.92764450842799739 ) ) ;
#4986 = CARTESIAN_POINT ( 'NONE',  ( 5.443042679069765910, -8.626360668072488025, -11.63815369453399029 ) ) ;
#4987 = CARTESIAN_POINT ( 'NONE',  ( 7.163961030679040221, 6.363961030679200270, 5.000000000000000000 ) ) ;
#4988 = PLANE ( 'NONE',  #4571 ) ;
#4989 = ORIENTED_EDGE ( 'NONE', *, *, #6050, .T. ) ;
#4990 = EDGE_CURVE ( 'NONE', #1859, #3163, #3181, .T. ) ;
#4991 = CYLINDRICAL_SURFACE ( 'NONE', #5823, 2.000000000000000000 ) ;
#4992 = AXIS2_PLACEMENT_3D ( 'NONE', #790, #6665, #9214 ) ;
#4993 = EDGE_LOOP ( 'NONE', ( #2469, #3610, #6597, #1861 ) ) ;
#4994 = ORIENTED_EDGE ( 'NONE', *, *, #7626, .T. ) ;
#4995 = FACE_BOUND ( 'NONE', #10029, .T. ) ;
#4996 = FACE_OUTER_BOUND ( 'NONE', #8625, .T. ) ;
#4997 = CARTESIAN_POINT ( 'NONE',  ( 2.332304605486698268, -1.723471852751123690, -12.40000000000000036 ) ) ;
#4998 = AXIS2_PLACEMENT_3D ( 'NONE', #221, #9292, #2645 ) ;
#4999 = ORIENTED_EDGE ( 'NONE', *, *, #6826, .F. ) ;
#5000 = ADVANCED_FACE ( 'NONE', ( #9950 ), #1912, .F. ) ;
#5001 = CARTESIAN_POINT ( 'NONE',  ( -4.291545164743657104, 9.253527280921732157, -13.57643835430800827 ) ) ;
#5002 = ORIENTED_EDGE ( 'NONE', *, *, #4544, .F. ) ;
#5003 = LINE ( 'NONE', #3430, #1328 ) ;
#5004 = DIRECTION ( 'NONE',  ( 1.000000000000000000, 0.000000000000000000, 0.000000000000000000 ) ) ;
#5005 = CARTESIAN_POINT ( 'NONE',  ( 8.916240535517792054, -4.954063058880187498, -12.72479970301998264 ) ) ;
#5006 = CARTESIAN_POINT ( 'NONE',  ( -8.891214607772827350, 4.998630425066536098, -12.36890816925502179 ) ) ;
#5007 = ORIENTED_EDGE ( 'NONE', *, *, #3482, .F. ) ;
#5008 = DIRECTION ( 'NONE',  ( -0.7071067811865522357, 0.7071067811865429098, 0.000000000000000000 ) ) ;
#5009 = CARTESIAN_POINT ( 'NONE',  ( -1.992844245168653217, -1.014185295938750508, -9.441421356237320595 ) ) ;
#5010 = CARTESIAN_POINT ( 'NONE',  ( -4.838288232405373535, 4.778363991731673366, -27.12679491924301090 ) ) ;
#5011 = CONICAL_SURFACE ( 'NONE', #7883, 9.200000000000001066, 1.047197551196999754 ) ;
#5012 = CARTESIAN_POINT ( 'NONE',  ( -0.04999999999999929501, -3.200000000000000178, 7.700000000000000178 ) ) ;
#5013 = CARTESIAN_POINT ( 'NONE',  ( 3.716920283167373107, -7.388493158315634801, -26.29766626898474158 ) ) ;
#5014 = CARTESIAN_POINT ( 'NONE',  ( 0.000000000000000000, -0.2000000000000000111, 7.700000000000000178 ) ) ;
#5015 = ORIENTED_EDGE ( 'NONE', *, *, #1551, .F. ) ;
#5016 = ADVANCED_FACE ( 'NONE', ( #6871 ), #4459, .T. ) ;
#5017 = EDGE_LOOP ( 'NONE', ( #3260, #8232, #5022, #660 ) ) ;
#5018 = VECTOR ( 'NONE', #3760, 1000.000000000000000 ) ;
#5019 = CARTESIAN_POINT ( 'NONE',  ( 10.60849981976203082, -4.440069388305947662, -11.12835168819797538 ) ) ;
#5020 = DIRECTION ( 'NONE',  ( -0.7071067811865522357, 0.7071067811865429098, -7.542275982507856161E-16 ) ) ;
#5021 = PLANE ( 'NONE',  #3875 ) ;
#5022 = ORIENTED_EDGE ( 'NONE', *, *, #3233, .T. ) ;
#5023 = DIRECTION ( 'NONE',  ( 0.000000000000000000, 0.000000000000000000, 1.000000000000000000 ) ) ;
#5024 = ORIENTED_EDGE ( 'NONE', *, *, #6890, .F. ) ;
#5025 = ADVANCED_FACE ( 'NONE', ( #10147 ), #1751, .F. ) ;
#5026 = CARTESIAN_POINT ( 'NONE',  ( 10.25000000000015987, -2.557954394748249714E-13, 0.9999999999999991118 ) ) ;
#5027 = CARTESIAN_POINT ( 'NONE',  ( 7.014059722449578871, -5.953399550669656648, -23.89363341178098921 ) ) ;
#5028 = CARTESIAN_POINT ( 'NONE',  ( -1.059907643911732089, -2.750000000000000444, 7.299999999999999822 ) ) ;
#5029 = CIRCLE ( 'NONE', #9099, 10.80000000000000071 ) ;
#5030 = CARTESIAN_POINT ( 'NONE',  ( -10.47207762061252190, -4.752492098736500026, -11.47370488376402875 ) ) ;
#5031 = CIRCLE ( 'NONE', #2252, 2.600000000000000089 ) ;
#5032 = EDGE_CURVE ( 'NONE', #3687, #4865, #3487, .T. ) ;
#5033 = VERTEX_POINT ( 'NONE', #9817 ) ;
#5034 = EDGE_CURVE ( 'NONE', #2607, #4527, #10349, .T. ) ;
#5035 = CARTESIAN_POINT ( 'NONE',  ( 5.287923602955206803, -4.586644626587651707, -27.01147046386198980 ) ) ;
#5036 = DIRECTION ( 'NONE',  ( -1.318198051533960105E-15, 6.818019484660514888E-16, 1.000000000000000000 ) ) ;
#5037 = CLOSED_SHELL ( 'NONE', ( #10182, #1176, #7316, #5551, #3969, #325, #7138, #359, #3873, #4939, #9865, #7193, #3175, #5630, #6747, #8277, #6432, #6953, #7862, #6529, #7760, #8494, #5538, #5146, #9771, #4525, #5957, #2878, #3140, #3608, #3460, #8138, #8580, #3419, #3079, #2475, #2114, #8568, #4268, #2001, #57, #3752, #2868, #2021, #4347, #8120, #2225, #5797, #9902, #4543, #6404, #6464, #6596, #7591, #5025, #9174, #6131, #9930, #3787, #910, #2240, #9312, #8376, #3861, #10490, #490, #10152, #3724, #9547, #3101, #6141, #2080, #10004, #9921, #9673, #5931, #3661, #5419, #5555, #7226, #8474, #10371, #4889, #8208, #612, #6657, #2210, #10113, #4254, #1764, #2420, #6388, #6176, #7863, #6815, #5684, #9123, #7602, #10410, #1822, #8519, #9160, #7946, #1545, #8019, #2229, #2690, #2842, #4489, #9676, #5926, #3173, #1084, #10452, #7230 ) ) ;
#5038 = ORIENTED_EDGE ( 'NONE', *, *, #788, .F. ) ;
#5039 = EDGE_LOOP ( 'NONE', ( #2480, #2306, #2056, #1466 ) ) ;
#5040 = CARTESIAN_POINT ( 'NONE',  ( 8.999999999999740652, -2.557954394748249714E-13, 0.9999999999999991118 ) ) ;
#5041 = AXIS2_PLACEMENT_3D ( 'NONE', #131, #5918, #6858 ) ;
#5042 = ORIENTED_EDGE ( 'NONE', *, *, #7725, .T. ) ;
#5043 = DIRECTION ( 'NONE',  ( 0.000000000000000000, 0.000000000000000000, -1.000000000000000000 ) ) ;
#5044 = DIRECTION ( 'NONE',  ( 0.000000000000000000, 0.000000000000000000, -1.000000000000000000 ) ) ;
#5045 = CARTESIAN_POINT ( 'NONE',  ( 0.000000000000000000, 0.000000000000000000, 6.999999999999999112 ) ) ;
#5046 = CARTESIAN_POINT ( 'NONE',  ( 6.291661733376644250, -9.626287525450427651, -12.81531346213498956 ) ) ;
#5047 = CARTESIAN_POINT ( 'NONE',  ( 4.281362865934472239, -10.67351484060561084, -11.01782836521299558 ) ) ;
#5048 = CARTESIAN_POINT ( 'NONE',  ( 5.339582065210657369, -8.690747627015383614, -11.80528524910599408 ) ) ;
#5049 = CARTESIAN_POINT ( 'NONE',  ( -4.034605358191089433E-15, -7.745793616376741477E-15, -8.599999999999999645 ) ) ;
#5050 = FACE_OUTER_BOUND ( 'NONE', #2086, .T. ) ;
#5051 = AXIS2_PLACEMENT_3D ( 'NONE', #5167, #3434, #7547 ) ;
#5052 = ORIENTED_EDGE ( 'NONE', *, *, #1801, .F. ) ;
#5053 = ORIENTED_EDGE ( 'NONE', *, *, #7102, .F. ) ;
#5054 = CIRCLE ( 'NONE', #1061, 1.100000000000000089 ) ;
#5055 = CARTESIAN_POINT ( 'NONE',  ( 4.493195736987758870, -9.157136858707675131, -13.42530735609999404 ) ) ;
#5056 = FACE_OUTER_BOUND ( 'NONE', #6195, .T. ) ;
#5057 = CARTESIAN_POINT ( 'NONE',  ( -4.883472669563416524, -10.41162660277369234, -11.71904713184501645 ) ) ;
#5058 = DIRECTION ( 'NONE',  ( 0.000000000000000000, 0.000000000000000000, 1.000000000000000000 ) ) ;
#5059 = EDGE_CURVE ( 'NONE', #218, #2160, #2890, .T. ) ;
#5060 = ORIENTED_EDGE ( 'NONE', *, *, #3684, .T. ) ;
#5061 = EDGE_LOOP ( 'NONE', ( #1730, #6626, #5076, #1754 ) ) ;
#5062 = CARTESIAN_POINT ( 'NONE',  ( 8.644746269442705966, -7.584086097662747328, -27.29999999999998650 ) ) ;
#5063 = AXIS2_PLACEMENT_3D ( 'NONE', #1558, #8709, #6318 ) ;
#5064 =( BOUNDED_CURVE ( )  B_SPLINE_CURVE ( 2, ( #3074, #8444, #2698 ),
 .UNSPECIFIED., .F., .F. ) 
 B_SPLINE_CURVE_WITH_KNOTS ( ( 3, 3 ),
 ( 0.000000000000000000, 1.000000000000000000 ),
 .UNSPECIFIED. ) 
 CURVE ( )  GEOMETRIC_REPRESENTATION_ITEM ( )  RATIONAL_B_SPLINE_CURVE ( ( 1.000000000000000000, 1.004414555898862194, 1.000000000000000000 ) ) 
 REPRESENTATION_ITEM ( '' )  );
#5065 = ORIENTED_EDGE ( 'NONE', *, *, #3278, .T. ) ;
#5066 = DIRECTION ( 'NONE',  ( -1.000000000000000000, -3.491483361109385222E-15, 0.000000000000000000 ) ) ;
#5067 = DIRECTION ( 'NONE',  ( 0.000000000000000000, 0.000000000000000000, 1.000000000000000000 ) ) ;
#5068 = EDGE_CURVE ( 'NONE', #1140, #5715, #8437, .T. ) ;
#5069 = LINE ( 'NONE', #947, #8416 ) ;
#5070 = CIRCLE ( 'NONE', #394, 0.8000000000000003775 ) ;
#5071 = ADVANCED_FACE ( 'NONE', ( #3746, #10300 ), #7628, .F. ) ;
#5072 = VERTEX_POINT ( 'NONE', #9258 ) ;
#5073 = PLANE ( 'NONE',  #2330 ) ;
#5074 = ORIENTED_EDGE ( 'NONE', *, *, #1604, .F. ) ;
#5075 = DIRECTION ( 'NONE',  ( -1.155563491861046085E-15, -2.586500705120551449E-16, 1.000000000000000000 ) ) ;
#5076 = ORIENTED_EDGE ( 'NONE', *, *, #1575, .T. ) ;
#5077 = AXIS2_PLACEMENT_3D ( 'NONE', #10543, #5680, #8119 ) ;
#5078 = ORIENTED_EDGE ( 'NONE', *, *, #5895, .T. ) ;
#5079 = LINE ( 'NONE', #6824, #5425 ) ;
#5080 = DIRECTION ( 'NONE',  ( 0.000000000000000000, 0.000000000000000000, -1.000000000000000000 ) ) ;
#5081 = EDGE_CURVE ( 'NONE', #366, #1129, #1559, .T. ) ;
#5082 = CARTESIAN_POINT ( 'NONE',  ( 5.868986283848301788, 4.808326112068573188, -26.67232776209098688 ) ) ;
#5083 = DIRECTION ( 'NONE',  ( 0.003006114785194150853, 0.9999954816267413449, 0.000000000000000000 ) ) ;
#5084 = CARTESIAN_POINT ( 'NONE',  ( 0.5900923560882680441, -2.750000000000000444, 7.700000000000000178 ) ) ;
#5085 = CARTESIAN_POINT ( 'NONE',  ( -0.7778174593052200603, 0.7778174593051943031, -22.50000000000000355 ) ) ;
#5086 = CARTESIAN_POINT ( 'NONE',  ( 5.457628447280326256, -4.596157629078183149, -26.93331975545198986 ) ) ;
#5087 = DIRECTION ( 'NONE',  ( 0.000000000000000000, 0.000000000000000000, -1.000000000000000000 ) ) ;
#5088 = AXIS2_PLACEMENT_3D ( 'NONE', #3292, #2575, #7363 ) ;
#5089 = ORIENTED_EDGE ( 'NONE', *, *, #8532, .F. ) ;
#5090 = EDGE_CURVE ( 'NONE', #4070, #9940, #1128, .T. ) ;
#5091 = VERTEX_POINT ( 'NONE', #8348 ) ;
#5092 = EDGE_CURVE ( 'NONE', #5145, #10058, #3373, .T. ) ;
#5093 = EDGE_CURVE ( 'NONE', #4914, #9933, #4393, .T. ) ;
#5094 = CARTESIAN_POINT ( 'NONE',  ( -2.449999999999999734, 0.000000000000000000, 7.700000000000000178 ) ) ;
#5095 = CARTESIAN_POINT ( 'NONE',  ( 0.05000000000000090483, -3.495995404271780238, 7.700000000000000178 ) ) ;
#5096 = CARTESIAN_POINT ( 'NONE',  ( 4.999999999999008793, -10.35615758860338076, -12.18695970519299365 ) ) ;
#5097 = CARTESIAN_POINT ( 'NONE',  ( 5.224729024866142879, -8.760262930798804248, -12.38079287269399309 ) ) ;
#5098 = DIRECTION ( 'NONE',  ( -8.493206138382439646E-15, 1.000000000000000000, 1.342135623732650485E-16 ) ) ;
#5099 = ORIENTED_EDGE ( 'NONE', *, *, #624, .T. ) ;
#5100 = ORIENTED_EDGE ( 'NONE', *, *, #386, .T. ) ;
#5101 = CIRCLE ( 'NONE', #2491, 9.200000000000001066 ) ;
#5102 = ORIENTED_EDGE ( 'NONE', *, *, #5090, .T. ) ;
#5103 = ORIENTED_EDGE ( 'NONE', *, *, #1841, .F. ) ;
#5104 = DIRECTION ( 'NONE',  ( 0.7071067811865535679, -0.7071067811865415775, 6.742135623731071024E-16 ) ) ;
#5105 = CARTESIAN_POINT ( 'NONE',  ( -3.725420603910879702, -9.496538687308911264, -13.78973822270101479 ) ) ;
#5106 = DIRECTION ( 'NONE',  ( 0.000000000000000000, 1.000000000000000000, 0.000000000000000000 ) ) ;
#5107 = CARTESIAN_POINT ( 'NONE',  ( 4.588097685996550545, 5.402752016213033137, -26.96055140843498776 ) ) ;
#5108 = AXIS2_PLACEMENT_3D ( 'NONE', #1864, #8423, #4357 ) ;
#5109 = ORIENTED_EDGE ( 'NONE', *, *, #2410, .T. ) ;
#5110 = CARTESIAN_POINT ( 'NONE',  ( 9.000000000000000000, 1.850000000000095124, 3.000000000000000000 ) ) ;
#5111 = CARTESIAN_POINT ( 'NONE',  ( 7.163961030679040221, 6.363961030679200270, 1.000000000000000000 ) ) ;
#5112 = CIRCLE ( 'NONE', #2856, 1.050000000000000044 ) ;
#5113 = DIRECTION ( 'NONE',  ( -0.7071067811865480168, -0.7071067811865470176, 0.000000000000000000 ) ) ;
#5114 = CARTESIAN_POINT ( 'NONE',  ( -6.000000000000000000, 3.471553468719434932, 6.869019423288179382 ) ) ;
#5115 = CARTESIAN_POINT ( 'NONE',  ( -1.053339110345203004E-15, -2.029646455628129316E-15, -22.40000000000000213 ) ) ;
#5116 = CYLINDRICAL_SURFACE ( 'NONE', #1731, 1.050000000000000044 ) ;
#5117 = VECTOR ( 'NONE', #7573, 1000.000000000000000 ) ;
#5118 = EDGE_LOOP ( 'NONE', ( #2699 ) ) ;
#5119 =( BOUNDED_CURVE ( )  B_SPLINE_CURVE ( 2, ( #5968, #10244, #4062 ),
 .UNSPECIFIED., .F., .F. ) 
 B_SPLINE_CURVE_WITH_KNOTS ( ( 3, 3 ),
 ( 0.000000000000000000, 1.000000000000000000 ),
 .UNSPECIFIED. ) 
 CURVE ( )  GEOMETRIC_REPRESENTATION_ITEM ( )  RATIONAL_B_SPLINE_CURVE ( ( 1.000000000000000000, 1.004847937624794074, 1.000000000000000000 ) ) 
 REPRESENTATION_ITEM ( '' )  );
#5120 = ORIENTED_EDGE ( 'NONE', *, *, #5722, .T. ) ;
#5121 = CARTESIAN_POINT ( 'NONE',  ( 10.86979445979356385, -3.758580748817323069, -10.81351120125097509 ) ) ;
#5122 = DIRECTION ( 'NONE',  ( 1.000000000000000000, 8.493206138382439646E-15, 2.005335317924202868E-15 ) ) ;
#5123 = ORIENTED_EDGE ( 'NONE', *, *, #7869, .F. ) ;
#5124 = EDGE_CURVE ( 'NONE', #2090, #3163, #5213, .T. ) ;
#5125 = VERTEX_POINT ( 'NONE', #186 ) ;
#5126 = CARTESIAN_POINT ( 'NONE',  ( -7.584086097668556903, 8.644746269448232212, -24.41324865405201550 ) ) ;
#5127 = EDGE_CURVE ( 'NONE', #9009, #2986, #2094, .T. ) ;
#5128 = CARTESIAN_POINT ( 'NONE',  ( -10.67351484864692779, 4.281362845582377119, -13.58217164597902382 ) ) ;
#5129 = ADVANCED_FACE ( 'NONE', ( #7713 ), #4651, .F. ) ;
#5130 = DIRECTION ( 'NONE',  ( 0.000000000000000000, 0.000000000000000000, -1.000000000000000000 ) ) ;
#5131 = APPROVAL_ROLE ( '' ) ;
#5132 = FACE_OUTER_BOUND ( 'NONE', #7484, .T. ) ;
#5133 = EDGE_CURVE ( 'NONE', #7995, #2992, #2958, .T. ) ;
#5134 = AXIS2_PLACEMENT_3D ( 'NONE', #6587, #9872, #5842 ) ;
#5135 = ORIENTED_EDGE ( 'NONE', *, *, #1639, .T. ) ;
#5136 = ORIENTED_EDGE ( 'NONE', *, *, #9983, .F. ) ;
#5137 = DIRECTION ( 'NONE',  ( -0.7071067811865535679, 0.7071067811865415775, 0.000000000000000000 ) ) ;
#5138 = DIRECTION ( 'NONE',  ( 1.000000000000000000, 0.000000000000000000, 0.000000000000000000 ) ) ;
#5139 = AXIS2_PLACEMENT_3D ( 'NONE', #2789, #321, #1168 ) ;
#5140 = CARTESIAN_POINT ( 'NONE',  ( 2.449293598294710359E-16, -2.000000000000000000, -2.200000000000000178 ) ) ;
#5141 = VECTOR ( 'NONE', #2926, 1000.000000000000000 ) ;
#5142 = EDGE_CURVE ( 'NONE', #10114, #5669, #10109, .T. ) ;
#5143 = CARTESIAN_POINT ( 'NONE',  ( 0.000000000000000000, 0.000000000000000000, 1.199999999999999956 ) ) ;
#5144 = CARTESIAN_POINT ( 'NONE',  ( -5.899517097202031657, 4.838856925422112099, -24.80000000000001137 ) ) ;
#5145 = VERTEX_POINT ( 'NONE', #7020 ) ;
#5146 = ADVANCED_FACE ( 'NONE', ( #3037 ), #2934, .F. ) ;
#5147 = VERTEX_POINT ( 'NONE', #7071 ) ;
#5148 = AXIS2_PLACEMENT_3D ( 'NONE', #6506, #5708, #1581 ) ;
#5149 = VECTOR ( 'NONE', #5324, 1000.000000000000000 ) ;
#5150 = CARTESIAN_POINT ( 'NONE',  ( -5.338656197958479233, 5.338656197958393967, -24.80000000000001137 ) ) ;
#5151 = DIRECTION ( 'NONE',  ( 0.7071067811865410224, 0.7071067811865540120, 2.559999999999997817E-15 ) ) ;
#5152 = DIRECTION ( 'NONE',  ( 0.7071067811865529018, -0.7071067811865422437, 2.194213562373104980E-15 ) ) ;
#5153 = ORIENTED_EDGE ( 'NONE', *, *, #7970, .F. ) ;
#5154 = CARTESIAN_POINT ( 'NONE',  ( 4.899622735904740622, -8.946641378701475134, -11.71487171443799191 ) ) ;
#5155 = PLANE ( 'NONE',  #4044 ) ;
#5156 = CARTESIAN_POINT ( 'NONE',  ( -3.758580748707040176, -10.86979445982331072, -13.78648879865901478 ) ) ;
#5157 = LINE ( 'NONE', #5215, #4776 ) ;
#5158 = CARTESIAN_POINT ( 'NONE',  ( -5.779248310988995385, -2.941137358222349008, -12.40000000000001457 ) ) ;
#5159 = EDGE_CURVE ( 'NONE', #1850, #1964, #2487, .T. ) ;
#5160 = ORIENTED_EDGE ( 'NONE', *, *, #4718, .T. ) ;
#5161 = EDGE_LOOP ( 'NONE', ( #7177 ) ) ;
#5162 = DIRECTION ( 'NONE',  ( 1.000000000000000000, 0.000000000000000000, 0.000000000000000000 ) ) ;
#5163 = AXIS2_PLACEMENT_3D ( 'NONE', #349, #2177, #5544 ) ;
#5164 = FACE_OUTER_BOUND ( 'NONE', #7644, .T. ) ;
#5165 = DIRECTION ( 'NONE',  ( 0.000000000000000000, 0.000000000000000000, 1.000000000000000000 ) ) ;
#5166 = ORIENTED_EDGE ( 'NONE', *, *, #8074, .F. ) ;
#5167 = CARTESIAN_POINT ( 'NONE',  ( 0.000000000000000000, 0.000000000000000000, 10.00000000000000000 ) ) ;
#5168 = LINE ( 'NONE', #2565, #9057 ) ;
#5169 = DIRECTION ( 'NONE',  ( -1.466690475583121533E-15, -8.950461735799506958E-16, 1.000000000000000000 ) ) ;
#5170 = CARTESIAN_POINT ( 'NONE',  ( 0.05000000000000070360, -2.299999999999999822, 7.700000000000000178 ) ) ;
#5171 = VECTOR ( 'NONE', #3833, 1000.000000000000000 ) ;
#5172 = DIRECTION ( 'NONE',  ( -1.000000000000000000, 0.000000000000000000, 0.000000000000000000 ) ) ;
#5173 = ORIENTED_EDGE ( 'NONE', *, *, #922, .F. ) ;
#5174 = PLANE ( 'NONE',  #1286 ) ;
#5175 = ORIENTED_EDGE ( 'NONE', *, *, #4226, .T. ) ;
#5176 = CARTESIAN_POINT ( 'NONE',  ( 10.47207762060616432, -4.752492098729958592, -13.12629511623597622 ) ) ;
#5177 = DIRECTION ( 'NONE',  ( -0.7071067811865522357, 0.7071067811865427988, -1.810146235801885321E-15 ) ) ;
#5178 = ORIENTED_EDGE ( 'NONE', *, *, #3233, .F. ) ;
#5179 = CIRCLE ( 'NONE', #1713, 2.000000000000000000 ) ;
#5180 = ORIENTED_EDGE ( 'NONE', *, *, #314, .T. ) ;
#5181 = DIRECTION ( 'NONE',  ( 0.000000000000000000, 0.000000000000000000, 1.000000000000000000 ) ) ;
#5182 = CARTESIAN_POINT ( 'NONE',  ( -10.95445115010362791, 3.500000000000019096, -10.80000000000002558 ) ) ;
#5183 = DIRECTION ( 'NONE',  ( 0.000000000000000000, 0.000000000000000000, -1.000000000000000000 ) ) ;
#5184 = CARTESIAN_POINT ( 'NONE',  ( 3.499999999994525712, -11.49999999999389999, -13.79999999999999716 ) ) ;
#5185 = DIRECTION ( 'NONE',  ( 2.096015510839150105E-15, 7.748380207782429814E-16, -1.000000000000000000 ) ) ;
#5186 = LINE ( 'NONE', #10108, #4307 ) ;
#5187 = VECTOR ( 'NONE', #4520, 1000.000000000000114 ) ;
#5188 = AXIS2_PLACEMENT_3D ( 'NONE', #7453, #4141, #2458 ) ;
#5189 = PERSON_AND_ORGANIZATION_ROLE ( 'creator' ) ;
#5191 = EDGE_CURVE ( 'NONE', #2202, #5531, #2375, .T. ) ;
#5190 = CARTESIAN_POINT ( 'NONE',  ( 1.850000000000000089, -9.000000000000000000, 3.000000000000000000 ) ) ;
#5192 = CARTESIAN_POINT ( 'NONE',  ( -3.230728009154260551E-15, -6.088939366884389131E-15, -12.60000000000000142 ) ) ;
#5193 = ORIENTED_EDGE ( 'NONE', *, *, #6504, .T. ) ;
#5194 = CARTESIAN_POINT ( 'NONE',  ( -4.597775275626765357, 5.464173570270349778, -26.92982097861700908 ) ) ;
#5195 = MANIFOLD_SOLID_BREP ( 'Boss-Extrude6', #5037 ) ;
#5196 = ORIENTED_EDGE ( 'NONE', *, *, #9105, .T. ) ;
#5197 = CARTESIAN_POINT ( 'NONE',  ( 4.042800561646349600, 9.365189036243972254, -10.89764718799799148 ) ) ;
#5198 = CARTESIAN_POINT ( 'NONE',  ( 9.681429649048245878, -6.206597017798392457, -11.97403755075498033 ) ) ;
#5199 = CIRCLE ( 'NONE', #3295, 1.050000000000000044 ) ;
#5200 = CARTESIAN_POINT ( 'NONE',  ( -4.329260228653985198E-15, 3.222283060671573670E-15, -23.80000000000000071 ) ) ;
#5201 = ADVANCED_FACE ( 'NONE', ( #2053 ), #7839, .F. ) ;
#5202 = DIRECTION ( 'NONE',  ( 0.000000000000000000, 0.000000000000000000, -1.000000000000000000 ) ) ;
#5203 = DIRECTION ( 'NONE',  ( -0.7071067811865527908, 0.7071067811865423547, 0.000000000000000000 ) ) ;
#5204 = CC_DESIGN_APPROVAL ( #9019, ( #3303 ) ) ;
#5205 = DIRECTION ( 'NONE',  ( -0.7071067811865530128, 0.7071067811865421326, -1.734723475976807292E-15 ) ) ;
#5206 = DIRECTION ( 'NONE',  ( -0.7071067811865535679, 0.7071067811865415775, 0.000000000000000000 ) ) ;
#5207 = AXIS2_PLACEMENT_3D ( 'NONE', #4001, #2121, #5474 ) ;
#5208 = ORIENTED_EDGE ( 'NONE', *, *, #8781, .T. ) ;
#5209 = ORIENTED_EDGE ( 'NONE', *, *, #6482, .T. ) ;
#5210 = EDGE_CURVE ( 'NONE', #2677, #7171, #365, .T. ) ;
#5211 = CARTESIAN_POINT ( 'NONE',  ( 4.291558287229108259, -9.253521240151645344, -11.02356938523899466 ) ) ;
#5212 = CARTESIAN_POINT ( 'NONE',  ( -3.500000000000256239, 11.49999999999954525, -10.80000000000000426 ) ) ;
#5213 = CIRCLE ( 'NONE', #5041, 1.050000000000000044 ) ;
#5214 = CARTESIAN_POINT ( 'NONE',  ( -9.000000000000000000, -3.142335024998445122E-14, 3.000000000000000000 ) ) ;
#5215 = CARTESIAN_POINT ( 'NONE',  ( -8.644746269448949860, -7.584086097669259452, -23.80000000000002558 ) ) ;
#5216 = CARTESIAN_POINT ( 'NONE',  ( 2.000000000000000000, 2.449293598294704935E-16, 7.299999999999999822 ) ) ;
#5217 = ORIENTED_EDGE ( 'NONE', *, *, #5319, .F. ) ;
#5218 = DIRECTION ( 'NONE',  ( 0.000000000000000000, 0.000000000000000000, -1.000000000000000000 ) ) ;
#5219 = CARTESIAN_POINT ( 'NONE',  ( -5.000325411077172433, 8.890261272790015212, -12.30704512486201097 ) ) ;
#5220 = ORIENTED_EDGE ( 'NONE', *, *, #6386, .T. ) ;
#5221 = CARTESIAN_POINT ( 'NONE',  ( 2.377868526379438130, 6.049441401588689260, -27.29999999999998650 ) ) ;
#5222 = EDGE_LOOP ( 'NONE', ( #6149, #5660, #7022, #5602 ) ) ;
#5223 = AXIS2_PLACEMENT_3D ( 'NONE', #3638, #2615, #6759 ) ;
#5224 = LINE ( 'NONE', #4296, #5737 ) ;
#5225 = EDGE_CURVE ( 'NONE', #4820, #3096, #5728, .T. ) ;
#5226 = EDGE_CURVE ( 'NONE', #2452, #8896, #5579, .T. ) ;
#5227 = CYLINDRICAL_SURFACE ( 'NONE', #7194, 0.7999999999999996003 ) ;
#5228 = CARTESIAN_POINT ( 'NONE',  ( 8.194733342115696928, -6.073412998596991130, -11.29999999999998295 ) ) ;
#5229 = AXIS2_PLACEMENT_3D ( 'NONE', #3018, #10429, #5626 ) ;
#5230 = ORIENTED_EDGE ( 'NONE', *, *, #1110, .F. ) ;
#5231 = VERTEX_POINT ( 'NONE', #755 ) ;
#5232 = LINE ( 'NONE', #8573, #7480 ) ;
#5233 = DIRECTION ( 'NONE',  ( -6.182342530834563297E-16, -4.848523255675577670E-16, 1.000000000000000000 ) ) ;
#5234 = CARTESIAN_POINT ( 'NONE',  ( -9.127281619482625175, -4.553502990262109584, -13.36902696267502577 ) ) ;
#5235 = ORIENTED_EDGE ( 'NONE', *, *, #9758, .F. ) ;
#5236 = FACE_OUTER_BOUND ( 'NONE', #9887, .T. ) ;
#5237 = CARTESIAN_POINT ( 'NONE',  ( 5.851782316808717965, 4.791450894970560093, -26.68618552639198782 ) ) ;
#5238 = DIRECTION ( 'NONE',  ( 1.000000000000000000, 8.029753876452300089E-16, 0.000000000000000000 ) ) ;
#5239 = CARTESIAN_POINT ( 'NONE',  ( 0.000000000000000000, 9.000000000000000000, 0.000000000000000000 ) ) ;
#5240 = PERSON_AND_ORGANIZATION ( #1116, #7063 ) ;
#5241 = FACE_OUTER_BOUND ( 'NONE', #3491, .T. ) ;
#5242 = CIRCLE ( 'NONE', #8629, 2.449999999999999734 ) ;
#5243 = CARTESIAN_POINT ( 'NONE',  ( -4.808326112068555425, 4.808326112068492364, -27.12679491924301090 ) ) ;
#5244 = EDGE_LOOP ( 'NONE', ( #3676 ) ) ;
#5245 = CARTESIAN_POINT ( 'NONE',  ( 3.941344672954236739, 9.408812943195815848, -10.85983104385098841 ) ) ;
#5246 = ORIENTED_CLOSED_SHELL ( 'NONE', *, #6551, .F. );
#5247 = CARTESIAN_POINT ( 'NONE',  ( -2.071867419369926491E-15, -1.679663816105752115E-15, -23.89363341178100342 ) ) ;
#5248 = VECTOR ( 'NONE', #4858, 1000.000000000000000 ) ;
#5249 = DIRECTION ( 'NONE',  ( 0.000000000000000000, 0.000000000000000000, 1.000000000000000000 ) ) ;
#5250 = CARTESIAN_POINT ( 'NONE',  ( -2.412728902227692096, 1.782901916639080930, -12.30000000000000604 ) ) ;
#5251 = EDGE_LOOP ( 'NONE', ( #6287, #2405, #3190, #3417 ) ) ;
#5252 = FACE_OUTER_BOUND ( 'NONE', #2124, .T. ) ;
#5253 = VECTOR ( 'NONE', #7183, 1000.000000000000114 ) ;
#5254 = EDGE_CURVE ( 'NONE', #10026, #1315, #10523, .T. ) ;
#5255 = CARTESIAN_POINT ( 'NONE',  ( 6.151828996322930010, 2.050609665441036622, -19.49999999999998934 ) ) ;
#5256 = EDGE_LOOP ( 'NONE', ( #8420 ) ) ;
#5257 = FACE_OUTER_BOUND ( 'NONE', #3537, .T. ) ;
#5258 = EDGE_CURVE ( 'NONE', #9287, #9535, #6401, .T. ) ;
#5259 = CARTESIAN_POINT ( 'NONE',  ( -4.904570347089701521, 10.40169708268439663, -12.82726575090200960 ) ) ;
#5260 = CYLINDRICAL_SURFACE ( 'NONE', #9170, 1.999999999999999556 ) ;
#5261 = CARTESIAN_POINT ( 'NONE',  ( -3.588230175533715185E-15, -6.834523779155948594E-15, -10.80000000000000071 ) ) ;
#5262 = DIRECTION ( 'NONE',  ( 1.000000000000000000, 0.000000000000000000, 0.000000000000000000 ) ) ;
#5263 = CIRCLE ( 'NONE', #421, 9.200000000000001066 ) ;
#5264 = EDGE_LOOP ( 'NONE', ( #2659, #7673, #1946, #370 ) ) ;
#5265 = CARTESIAN_POINT ( 'NONE',  ( -4.339099205869636044, 9.231272455430460155, -11.05460834853400698 ) ) ;
#5266 = EDGE_CURVE ( 'NONE', #8401, #5970, #6737, .T. ) ;
#5267 = ORIENTED_EDGE ( 'NONE', *, *, #1041, .T. ) ;
#5268 = CARTESIAN_POINT ( 'NONE',  ( -5.724914646108454797, -4.691776878258074213, -26.77931619017301657 ) ) ;
#5269 = ORIENTED_EDGE ( 'NONE', *, *, #5280, .T. ) ;
#5270 = CARTESIAN_POINT ( 'NONE',  ( 1.624913427312634884, -1.833618377345490158, 7.700000000000000178 ) ) ;
#5271 = LINE ( 'NONE', #6025, #2713 ) ;
#5272 = VECTOR ( 'NONE', #3604, 1000.000000000000000 ) ;
#5273 = FACE_OUTER_BOUND ( 'NONE', #3445, .T. ) ;
#5274 = CARTESIAN_POINT ( 'NONE',  ( 1.322875655532296024, 1.500000000000000000, 31.69999999999999929 ) ) ;
#5275 = VERTEX_POINT ( 'NONE', #9045 ) ;
#5276 = CARTESIAN_POINT ( 'NONE',  ( 0.1499999999999999944, -2.299999999999999822, 7.299999999999999822 ) ) ;
#5277 = ORIENTED_EDGE ( 'NONE', *, *, #2267, .T. ) ;
#5278 = CARTESIAN_POINT ( 'NONE',  ( 10.35615758860342339, -4.999999999998875566, -12.41304029480697757 ) ) ;
#5279 = CIRCLE ( 'NONE', #9530, 10.20000000000000284 ) ;
#5280 = EDGE_CURVE ( 'NONE', #4399, #4239, #1684, .T. ) ;
#5281 = DIRECTION ( 'NONE',  ( -8.109594466771330204E-17, 1.000000000000000000, 0.000000000000000000 ) ) ;
#5282 = DIRECTION ( 'NONE',  ( -0.7071067811865522357, 0.7071067811865427988, -1.601283208593975810E-15 ) ) ;
#5283 = VERTEX_POINT ( 'NONE', #7237 ) ;
#5284 = CARTESIAN_POINT ( 'NONE',  ( 5.953399550669766782, -7.014059722449487388, -23.89363341178098921 ) ) ;
#5285 = CARTESIAN_POINT ( 'NONE',  ( -10.43691013647778476, 4.829212496712085745, -11.60369799986902350 ) ) ;
#5286 = AXIS2_PLACEMENT_3D ( 'NONE', #469, #9595, #1330 ) ;
#5287 = FACE_OUTER_BOUND ( 'NONE', #1203, .T. ) ;
#5288 = ORIENTED_EDGE ( 'NONE', *, *, #4227, .T. ) ;
#5289 = PERSON_AND_ORGANIZATION_ROLE ( 'creator' ) ;
#5290 = EDGE_CURVE ( 'NONE', #9960, #9803, #3169, .T. ) ;
#5291 = CYLINDRICAL_SURFACE ( 'NONE', #5139, 1.000000000000000222 ) ;
#5292 = ORIENTED_EDGE ( 'NONE', *, *, #10437, .F. ) ;
#5293 = AXIS2_PLACEMENT_3D ( 'NONE', #5846, #5044, #4375 ) ;
#5294 = DIRECTION ( 'NONE',  ( 0.000000000000000000, 0.000000000000000000, 1.000000000000000000 ) ) ;
#5295 = CARTESIAN_POINT ( 'NONE',  ( -4.700926223464669818, 5.738324284328990998, -26.76997930536700920 ) ) ;
#5296 = ORIENTED_EDGE ( 'NONE', *, *, #850, .T. ) ;
#5297 = DIRECTION ( 'NONE',  ( 1.503138155671783241E-15, 1.636415952796485298E-15, -1.000000000000000000 ) ) ;
#5298 = CARTESIAN_POINT ( 'NONE',  ( 9.494692983651788154, -6.488627325856476169, -11.51846386574298009 ) ) ;
#5299 = FACE_BOUND ( 'NONE', #3127, .T. ) ;
#5300 = DIRECTION ( 'NONE',  ( 1.318198051533960105E-15, -6.818019484660514888E-16, -1.000000000000000000 ) ) ;
#5301 = VECTOR ( 'NONE', #4538, 1000.000000000000000 ) ;
#5302 = CARTESIAN_POINT ( 'NONE',  ( 0.000000000000000000, 0.000000000000000000, 0.9999999999999991118 ) ) ;
#5303 = CARTESIAN_POINT ( 'NONE',  ( 8.644746269442705966, -7.584086097662747328, -27.29999999999998650 ) ) ;
#5304 = ORIENTED_EDGE ( 'NONE', *, *, #5817, .F. ) ;
#5305 = DIRECTION ( 'NONE',  ( 1.000000000000000000, 0.000000000000000000, 0.000000000000000000 ) ) ;
#5306 = AXIS2_PLACEMENT_3D ( 'NONE', #4438, #7006, #6262 ) ;
#5307 = FACE_OUTER_BOUND ( 'NONE', #7772, .T. ) ;
#5308 = VECTOR ( 'NONE', #9326, 1000.000000000000000 ) ;
#5309 = DIRECTION ( 'NONE',  ( 1.000000000000000000, 0.000000000000000000, 0.000000000000000000 ) ) ;
#5310 = CARTESIAN_POINT ( 'NONE',  ( -4.440069387457626249, 10.60849982022019589, -13.47164831366700888 ) ) ;
#5311 = DIRECTION ( 'NONE',  ( 1.388908729652607502E-15, 1.808683245815370225E-16, -1.000000000000000000 ) ) ;
#5312 = CARTESIAN_POINT ( 'NONE',  ( -3.500000000000059064, -10.95445115010359238, -13.80000000000001492 ) ) ;
#5313 = DIRECTION ( 'NONE',  ( -5.515513431922667745E-16, -8.484475987562882567E-17, 1.000000000000000000 ) ) ;
#5314 = EDGE_LOOP ( 'NONE', ( #6972 ) ) ;
#5315 = VECTOR ( 'NONE', #9022, 1000.000000000000000 ) ;
#5317 = LINE ( 'NONE', #6274, #2125 ) ;
#5316 = APPROVAL ( #7514, 'UNSPECIFIED' ) ;
#5318 = CIRCLE ( 'NONE', #9399, 11.50000000000000178 ) ;
#5319 = EDGE_CURVE ( 'NONE', #7243, #1522, #10116, .T. ) ;
#5320 = EDGE_LOOP ( 'NONE', ( #9263, #6189, #6205, #4284, #5695 ) ) ;
#5321 = CARTESIAN_POINT ( 'NONE',  ( -5.868986283848305341, -4.808326112068573188, -26.67232776209101885 ) ) ;
#5322 = EDGE_CURVE ( 'NONE', #5704, #3701, #8717, .T. ) ;
#5323 = CYLINDRICAL_SURFACE ( 'NONE', #7249, 11.00000000000000000 ) ;
#5324 = DIRECTION ( 'NONE',  ( 0.000000000000000000, 0.000000000000000000, -1.000000000000000000 ) ) ;
#5325 = CARTESIAN_POINT ( 'NONE',  ( 0.000000000000000000, 9.000000000000000000, 0.9999999999999991118 ) ) ;
#5326 = VECTOR ( 'NONE', #132, 1000.000000000000000 ) ;
#5327 = EDGE_CURVE ( 'NONE', #4431, #2160, #1216, .T. ) ;
#5328 = CARTESIAN_POINT ( 'NONE',  ( -9.627715291671279374E-14, 8.999999999999994671, -22.40099999999999625 ) ) ;
#5329 = FACE_OUTER_BOUND ( 'NONE', #3316, .T. ) ;
#5330 = ORIENTED_EDGE ( 'NONE', *, *, #8970, .F. ) ;
#5331 = ORIENTED_EDGE ( 'NONE', *, *, #6004, .T. ) ;
#5332 = FACE_BOUND ( 'NONE', #3196, .T. ) ;
#5333 = ORIENTED_EDGE ( 'NONE', *, *, #6780, .T. ) ;
#5334 = CARTESIAN_POINT ( 'NONE',  ( -0.1499999999999999944, -2.299999999999999822, 7.299999999999999822 ) ) ;
#5335 = CARTESIAN_POINT ( 'NONE',  ( -10.91292885338667240, 3.629958274938067664, -10.80000001056802539 ) ) ;
#5336 = VECTOR ( 'NONE', #6690, 1000.000000000000000 ) ;
#5337 = EDGE_CURVE ( 'NONE', #8668, #7195, #2482, .T. ) ;
#5338 = ADVANCED_FACE ( 'NONE', ( #4218, #10549, #8327, #3200, #2382, #5741 ), #1612, .F. ) ;
#5339 = DIRECTION ( 'NONE',  ( 0.7071067811865415775, 0.7071067811865535679, 2.029999999999999065E-15 ) ) ;
#5340 = DIRECTION ( 'NONE',  ( 0.000000000000000000, 0.000000000000000000, 1.000000000000000000 ) ) ;
#5341 = ORIENTED_EDGE ( 'NONE', *, *, #1029, .F. ) ;
#5342 = COORDINATED_UNIVERSAL_TIME_OFFSET ( 6, 0, .BEHIND. ) ;
#5343 = CARTESIAN_POINT ( 'NONE',  ( -5.563961030678819419, 6.363961030678660258, 1.000000000000000000 ) ) ;
#5344 = CIRCLE ( 'NONE', #9754, 1.850000000000000089 ) ;
#5345 = FACE_BOUND ( 'NONE', #2024, .T. ) ;
#5346 = DIRECTION ( 'NONE',  ( -0.7071067812027628241, 0.7071067811703323214, -1.304213562418953708E-15 ) ) ;
#5347 = EDGE_CURVE ( 'NONE', #8668, #2418, #2776, .T. ) ;
#5348 = ORIENTED_EDGE ( 'NONE', *, *, #7009, .T. ) ;
#5349 = CARTESIAN_POINT ( 'NONE',  ( -4.620711570896459897, 5.114664657936359049, -27.07330067154601139 ) ) ;
#5350 = ORIENTED_EDGE ( 'NONE', *, *, #4645, .F. ) ;
#5351 = CARTESIAN_POINT ( 'NONE',  ( 3.613257950534165541, 9.539334684894612337, -10.80000000870999166 ) ) ;
#5352 = CARTESIAN_POINT ( 'NONE',  ( 9.254508101001521325, -6.828094255996373541, -11.31407275085897979 ) ) ;
#5353 = EDGE_CURVE ( 'NONE', #7497, #8905, #4175, .T. ) ;
#5354 = EDGE_CURVE ( 'NONE', #9424, #6442, #7633, .T. ) ;
#5355 = VECTOR ( 'NONE', #1224, 1000.000000000000000 ) ;
#5356 = CARTESIAN_POINT ( 'NONE',  ( 10.38365893413473096, 4.942734678346980104, -12.71935795151297732 ) ) ;
#5357 = EDGE_CURVE ( 'NONE', #4036, #7333, #6102, .T. ) ;
#5358 = DIRECTION ( 'NONE',  ( 0.000000000000000000, 0.000000000000000000, -1.000000000000000000 ) ) ;
#5359 = EDGE_CURVE ( 'NONE', #6031, #4965, #1394, .T. ) ;
#5360 = CARTESIAN_POINT ( 'NONE',  ( -10.42268354918543949, -4.859821627672920030, -12.93382099012802655 ) ) ;
#5361 = DIRECTION ( 'NONE',  ( 0.7071067811865533459, -0.7071067811865417996, 0.000000000000000000 ) ) ;
#5362 = DIRECTION ( 'NONE',  ( -1.000000000000000000, 0.000000000000000000, 0.000000000000000000 ) ) ;
#5363 = DIRECTION ( 'NONE',  ( 0.000000000000000000, 0.000000000000000000, -1.000000000000000000 ) ) ;
#5364 = DIRECTION ( 'NONE',  ( 0.7071067811703428685, -0.7071067812027522770, 2.414213562327256409E-15 ) ) ;
#5365 = EDGE_LOOP ( 'NONE', ( #3678, #9241, #2264, #6705, #7396, #4255 ) ) ;
#5366 = VECTOR ( 'NONE', #6939, 1000.000000000000000 ) ;
#5367 = CARTESIAN_POINT ( 'NONE',  ( -2.155497403577984805, -2.432350908723610150, 7.700000000000000178 ) ) ;
#5368 = ORIENTED_EDGE ( 'NONE', *, *, #1675, .F. ) ;
#5369 = LINE ( 'NONE', #6218, #5141 ) ;
#5370 = CARTESIAN_POINT ( 'NONE',  ( -4.488262889300891345, 10.58810457220645063, -13.43017601148100937 ) ) ;
#5371 = CARTESIAN_POINT ( 'NONE',  ( 0.000000000000000000, -0.2000000000000000111, 7.700000000000000178 ) ) ;
#5372 = AXIS2_PLACEMENT_3D ( 'NONE', #2694, #9400, #7753 ) ;
#5373 = CARTESIAN_POINT ( 'NONE',  ( -4.773571024243174143, -10.46249749765344106, -13.09397317377101722 ) ) ;
#5374 = CARTESIAN_POINT ( 'NONE',  ( -5.899517097202031657, 4.838856925422112099, -24.80000000000001137 ) ) ;
#5375 = AXIS2_PLACEMENT_3D ( 'NONE', #402, #8464, #10198 ) ;
#5376 = ORIENTED_EDGE ( 'NONE', *, *, #69, .F. ) ;
#5377 = DIRECTION ( 'NONE',  ( 1.000000000000000000, 0.000000000000000000, 0.000000000000000000 ) ) ;
#5378 = CARTESIAN_POINT ( 'NONE',  ( -2.092031021678253389, -6.276093065034898721, -22.50000000000001421 ) ) ;
#5379 = ORIENTED_EDGE ( 'NONE', *, *, #6595, .T. ) ;
#5380 = CARTESIAN_POINT ( 'NONE',  ( 7.014059722449476730, 5.953399550669772999, -23.79999999999997939 ) ) ;
#5381 = ORIENTED_EDGE ( 'NONE', *, *, #10131, .T. ) ;
#5382 = CARTESIAN_POINT ( 'NONE',  ( -6.000000000000000000, 3.605551275463990013, 5.000000000000000000 ) ) ;
#5383 = AXIS2_PLACEMENT_3D ( 'NONE', #8656, #3836, #8608 ) ;
#5384 = DIRECTION ( 'NONE',  ( -2.491995308303619233E-15, -4.919953083036273601E-16, 1.000000000000000000 ) ) ;
#5385 = CARTESIAN_POINT ( 'NONE',  ( 0.000000000000000000, 9.000000000000000000, -9.200000000000006395 ) ) ;
#5386 = EDGE_CURVE ( 'NONE', #2560, #8139, #3485, .T. ) ;
#5387 = ORIENTED_EDGE ( 'NONE', *, *, #3170, .T. ) ;
#5388 = ORIENTED_EDGE ( 'NONE', *, *, #3436, .T. ) ;
#5389 = DIRECTION ( 'NONE',  ( 0.000000000000000000, 0.000000000000000000, -1.000000000000000000 ) ) ;
#5390 = CARTESIAN_POINT ( 'NONE',  ( -9.172615430163618910, 4.461440563807391513, -11.14788175480802401 ) ) ;
#5391 = EDGE_LOOP ( 'NONE', ( #8947 ) ) ;
#5392 = EDGE_CURVE ( 'NONE', #5072, #366, #8266, .T. ) ;
#5393 = ORIENTED_EDGE ( 'NONE', *, *, #10252, .T. ) ;
#5394 = ORIENTED_EDGE ( 'NONE', *, *, #2052, .F. ) ;
#5395 = CARTESIAN_POINT ( 'NONE',  ( -6.086011853008395533, -9.757584728048001921, -27.30000000000002913 ) ) ;
#5396 = CARTESIAN_POINT ( 'NONE',  ( 0.000000000000000000, 0.000000000000000000, 7.299999999999998934 ) ) ;
#5397 = EDGE_CURVE ( 'NONE', #4552, #8859, #7682, .T. ) ;
#5398 = EDGE_CURVE ( 'NONE', #3878, #3878, #4866, .T. ) ;
#5399 = VECTOR ( 'NONE', #6488, 1000.000000000000000 ) ;
#5400 = FACE_OUTER_BOUND ( 'NONE', #9196, .T. ) ;
#5401 = LINE ( 'NONE', #4677, #5530 ) ;
#5402 = ORIENTED_EDGE ( 'NONE', *, *, #8981, .F. ) ;
#5403 = LINE ( 'NONE', #1375, #8493 ) ;
#5404 = EDGE_LOOP ( 'NONE', ( #1647, #10054, #8353, #8187, #6119, #5738 ) ) ;
#5405 = DIRECTION ( 'NONE',  ( -0.7071067811865520136, 0.7071067811865429098, 7.542275982507856161E-16 ) ) ;
#5406 = DIRECTION ( 'NONE',  ( 1.000000000000000000, 0.000000000000000000, 0.000000000000000000 ) ) ;
#5407 = ORIENTED_EDGE ( 'NONE', *, *, #9037, .T. ) ;
#5408 = CIRCLE ( 'NONE', #2460, 7.630127018922000737 ) ;
#5409 = ADVANCED_FACE ( 'NONE', ( #10375 ), #8593, .F. ) ;
#5410 = CARTESIAN_POINT ( 'NONE',  ( 1.738233764908631709E-30, 2.982337649086365990E-31, -27.30000000000000071 ) ) ;
#5411 = DIRECTION ( 'NONE',  ( -9.222182540694834837E-16, -4.919953083036139495E-16, 1.000000000000000000 ) ) ;
#5412 = ORIENTED_EDGE ( 'NONE', *, *, #4156, .F. ) ;
#5413 = CYLINDRICAL_SURFACE ( 'NONE', #7953, 1.850000000000000089 ) ;
#5414 = CARTESIAN_POINT ( 'NONE',  ( -10.55345073786426724, -4.569041772023005876, -13.35333137866202868 ) ) ;
#5415 = VECTOR ( 'NONE', #4341, 1000.000000000000000 ) ;
#5416 = VERTEX_POINT ( 'NONE', #8000 ) ;
#5417 = CARTESIAN_POINT ( 'NONE',  ( 5.556838892274621244, -8.553538133919875719, -13.08675826524899222 ) ) ;
#5418 = CARTESIAN_POINT ( 'NONE',  ( 4.829422743739819168, -4.787229480397226844, -27.12679491924298958 ) ) ;
#5419 = ADVANCED_FACE ( 'NONE', ( #2317 ), #3718, .F. ) ;
#5420 = ORIENTED_EDGE ( 'NONE', *, *, #3595, .F. ) ;
#5421 = EDGE_CURVE ( 'NONE', #8027, #6930, #6563, .T. ) ;
#5422 = DIRECTION ( 'NONE',  ( 1.000000000000000000, -3.794707603699265519E-15, 0.000000000000000000 ) ) ;
#5423 = AXIS2_PLACEMENT_3D ( 'NONE', #8167, #2473, #5677 ) ;
#5424 = DIRECTION ( 'NONE',  ( 0.000000000000000000, 0.000000000000000000, -1.000000000000000000 ) ) ;
#5425 = VECTOR ( 'NONE', #6143, 1000.000000000000227 ) ;
#5426 = DIRECTION ( 'NONE',  ( -3.110185550058225992E-15, -5.102011696169179760E-16, 1.000000000000000000 ) ) ;
#5427 = CARTESIAN_POINT ( 'NONE',  ( -4.812481922792270161, 10.44464704377448783, -11.57217770491501163 ) ) ;
#5428 = DIRECTION ( 'NONE',  ( 0.000000000000000000, 0.000000000000000000, 1.000000000000000000 ) ) ;
#5429 = CARTESIAN_POINT ( 'NONE',  ( -10.05000000000044125, 2.546932573555920269E-13, 0.8000000000000003775 ) ) ;
#5430 = DIRECTION ( 'NONE',  ( 0.000000000000000000, -1.000000000000000000, 0.000000000000000000 ) ) ;
#5431 = ORIENTED_EDGE ( 'NONE', *, *, #5468, .T. ) ;
#5432 = LINE ( 'NONE', #2817, #1419 ) ;
#5433 = VECTOR ( 'NONE', #7349, 1000.000000000000000 ) ;
#5434 = DIRECTION ( 'NONE',  ( -5.333095244168829616E-16, -4.142135623730904530E-16, 1.000000000000000000 ) ) ;
#5435 = ORIENTED_EDGE ( 'NONE', *, *, #8265, .T. ) ;
#5436 = CARTESIAN_POINT ( 'NONE',  ( -5.095555156609946401, -4.628299328998561890, -27.07848800326301486 ) ) ;
#5437 = LINE ( 'NONE', #5600, #1991 ) ;
#5438 = VERTEX_POINT ( 'NONE', #2153 ) ;
#5439 = CARTESIAN_POINT ( 'NONE',  ( 8.999999999999740652, -2.557954394748249714E-13, 0.9999999999999991118 ) ) ;
#5440 = CARTESIAN_POINT ( 'NONE',  ( -4.291545164743506113, -9.253527280921815645, -11.02356164569202157 ) ) ;
#5441 = CARTESIAN_POINT ( 'NONE',  ( 8.592036679071506811, -5.497173856623599697, -11.57215423354898398 ) ) ;
#5442 = CARTESIAN_POINT ( 'NONE',  ( 9.757584728041527100, 6.086011853002195160, -24.41324865405197286 ) ) ;
#5443 = ORIENTED_EDGE ( 'NONE', *, *, #5225, .F. ) ;
#5444 = ORIENTED_EDGE ( 'NONE', *, *, #9769, .T. ) ;
#5445 = CARTESIAN_POINT ( 'NONE',  ( -0.7778174593052278318, 0.7778174593051925267, -19.50000000000000355 ) ) ;
#5446 = CARTESIAN_POINT ( 'NONE',  ( 9.365189111253117815, -4.042800392682520894, -10.89764710848998064 ) ) ;
#5447 = CIRCLE ( 'NONE', #6632, 11.50000000000000178 ) ;
#5448 = ORIENTED_EDGE ( 'NONE', *, *, #10566, .T. ) ;
#5449 = LINE ( 'NONE', #5395, #5253 ) ;
#5450 = FACE_OUTER_BOUND ( 'NONE', #8434, .T. ) ;
#5451 = ORIENTED_EDGE ( 'NONE', *, *, #5322, .T. ) ;
#5452 = CARTESIAN_POINT ( 'NONE',  ( -3.766946802683985851, 7.438519677829952492, -24.39358317063186732 ) ) ;
#5453 = ORIENTED_EDGE ( 'NONE', *, *, #8592, .F. ) ;
#5454 = ORIENTED_EDGE ( 'NONE', *, *, #562, .F. ) ;
#5455 = EDGE_CURVE ( 'NONE', #4231, #2906, #8116, .T. ) ;
#5456 = ORIENTED_EDGE ( 'NONE', *, *, #4931, .T. ) ;
#5457 = FACE_OUTER_BOUND ( 'NONE', #3690, .T. ) ;
#5458 = DIRECTION ( 'NONE',  ( -0.7071067811865534569, 0.7071067811865416886, 0.000000000000000000 ) ) ;
#5459 = EDGE_CURVE ( 'NONE', #726, #2418, #1492, .T. ) ;
#5460 = VERTEX_POINT ( 'NONE', #531 ) ;
#5461 = CARTESIAN_POINT ( 'NONE',  ( 4.984688990355822469, -4.677164644546035532, -27.10635783477599148 ) ) ;
#5462 = CIRCLE ( 'NONE', #4949, 0.7999999999999999334 ) ;
#5463 = DIRECTION ( 'NONE',  ( 8.493206138382439646E-15, -1.000000000000000000, -1.084213562372656028E-15 ) ) ;
#5464 =( BOUNDED_CURVE ( )  B_SPLINE_CURVE ( 2, ( #5517, #4689, #7841 ),
 .UNSPECIFIED., .F., .F. ) 
 B_SPLINE_CURVE_WITH_KNOTS ( ( 3, 3 ),
 ( 0.000000000000000000, 1.000000000000000000 ),
 .UNSPECIFIED. ) 
 CURVE ( )  GEOMETRIC_REPRESENTATION_ITEM ( )  RATIONAL_B_SPLINE_CURVE ( ( 1.000000000000000000, 1.004847937625920062, 1.000000000000000000 ) ) 
 REPRESENTATION_ITEM ( '' )  );
#5465 = CARTESIAN_POINT ( 'NONE',  ( -0.6099076439117319115, -2.750000000000000444, 7.299999999999999822 ) ) ;
#5466 = VERTEX_POINT ( 'NONE', #9759 ) ;
#5467 = CARTESIAN_POINT ( 'NONE',  ( 10.84331591350176005, -1.849999999999885070, 7.000000000000000000 ) ) ;
#5468 = EDGE_CURVE ( 'NONE', #6260, #6260, #7921, .T. ) ;
#5469 = DIRECTION ( 'NONE',  ( 0.000000000000000000, 0.000000000000000000, 1.000000000000000000 ) ) ;
#5470 = CARTESIAN_POINT ( 'NONE',  ( -3.883880413708781898, 10.82572605383833775, -10.84001363152700392 ) ) ;
#5471 = CARTESIAN_POINT ( 'NONE',  ( -10.95445115010356929, -3.500000000000218492, -10.80000000000002913 ) ) ;
#5472 = CIRCLE ( 'NONE', #5134, 1.250000000000546008 ) ;
#5473 = EDGE_CURVE ( 'NONE', #9424, #6338, #5811, .T. ) ;
#5474 = DIRECTION ( 'NONE',  ( 1.000000000000000000, 0.000000000000000000, 0.000000000000000000 ) ) ;
#5475 = CARTESIAN_POINT ( 'NONE',  ( 6.363961030679040398, 6.363961030679200270, 1.000000000000000000 ) ) ;
#5476 = CARTESIAN_POINT ( 'NONE',  ( -1.750786205429736800E-15, -1.422005728670131962E-15, -24.41324865405200129 ) ) ;
#5477 = DIRECTION ( 'NONE',  ( -0.7071067811865413555, -0.7071067811865536790, -2.329999999999998024E-15 ) ) ;
#5478 = ORIENTED_EDGE ( 'NONE', *, *, #7872, .F. ) ;
#5479 = AXIS2_PLACEMENT_3D ( 'NONE', #2108, #1226, #9503 ) ;
#5480 = CARTESIAN_POINT ( 'NONE',  ( 2.121320343559579324, 6.363961030678938258, -22.45857864376268509 ) ) ;
#5481 = VECTOR ( 'NONE', #10214, 1000.000000000000114 ) ;
#5482 = EDGE_LOOP ( 'NONE', ( #10561, #9784, #7903, #9836 ) ) ;
#5483 = CARTESIAN_POINT ( 'NONE',  ( -5.563961030678280295, -6.363961030679200270, 5.000000000000000000 ) ) ;
#5484 = ORIENTED_EDGE ( 'NONE', *, *, #10596, .T. ) ;
#5485 = DIRECTION ( 'NONE',  ( -1.000000000000000000, 0.000000000000000000, 0.000000000000000000 ) ) ;
#5486 = LINE ( 'NONE', #7912, #8380 ) ;
#5487 = CARTESIAN_POINT ( 'NONE',  ( 8.644746269442569186, 7.584086097662891213, -23.79999999999997584 ) ) ;
#5489 = ADVANCED_FACE ( 'NONE', ( #8528 ), #6742, .F. ) ;
#5488 = CARTESIAN_POINT ( 'NONE',  ( 4.773571024238862037, 10.46249749764918491, -13.09397317377098524 ) ) ;
#5490 = EDGE_CURVE ( 'NONE', #7629, #6573, #7620, .T. ) ;
#5491 = CARTESIAN_POINT ( 'NONE',  ( -4.336126933478057666, -10.65146153874180968, -11.05191994139401501 ) ) ;
#5492 = EDGE_CURVE ( 'NONE', #8783, #4431, #6728, .T. ) ;
#5493 = CONICAL_SURFACE ( 'NONE', #3745, 1.250000000000000000, 0.7853981633974490562 ) ;
#5494 = AXIS2_PLACEMENT_3D ( 'NONE', #4885, #4830, #8936 ) ;
#5495 = EDGE_LOOP ( 'NONE', ( #8610, #3289, #623, #7409 ) ) ;
#5496 = CARTESIAN_POINT ( 'NONE',  ( 9.172606243504993984, 4.461459410936233105, -11.14789766688597794 ) ) ;
#5497 = CARTESIAN_POINT ( 'NONE',  ( -3.500000000000233147, 9.580709785814821799, -13.80000000000000604 ) ) ;
#5498 = EDGE_LOOP ( 'NONE', ( #5456, #7537, #3872, #3027 ) ) ;
#5499 = EDGE_LOOP ( 'NONE', ( #1977, #1632, #7267, #4550 ) ) ;
#5500 = CARTESIAN_POINT ( 'NONE',  ( -2.412728902227699646, 1.782901916639079376, -9.441421356237315266 ) ) ;
#5501 = CIRCLE ( 'NONE', #1516, 10.80000000000000071 ) ;
#5502 = LINE ( 'NONE', #4728, #5481 ) ;
#5503 = DIRECTION ( 'NONE',  ( 0.000000000000000000, 0.000000000000000000, -1.000000000000000000 ) ) ;
#5504 = LINE ( 'NONE', #2244, #1023 ) ;
#5505 = ORIENTED_EDGE ( 'NONE', *, *, #2954, .T. ) ;
#5506 = ORIENTED_EDGE ( 'NONE', *, *, #9291, .T. ) ;
#5507 = DIRECTION ( 'NONE',  ( -0.7071067811865522357, 0.7071067811865429098, -1.885568995626963942E-15 ) ) ;
#5508 = DIRECTION ( 'NONE',  ( 1.000000000000000000, 0.000000000000000000, 0.000000000000000000 ) ) ;
#5509 = ORIENTED_EDGE ( 'NONE', *, *, #8841, .F. ) ;
#5510 = ORIENTED_EDGE ( 'NONE', *, *, #9612, .T. ) ;
#5511 = VECTOR ( 'NONE', #6712, 1000.000000000000000 ) ;
#5512 = ORIENTED_EDGE ( 'NONE', *, *, #9245, .T. ) ;
#5513 = DIRECTION ( 'NONE',  ( 0.000000000000000000, 0.000000000000000000, -1.000000000000000000 ) ) ;
#5514 = DIRECTION ( 'NONE',  ( 1.000000000000000000, 3.491483361109385222E-15, 0.000000000000000000 ) ) ;
#5515 = VECTOR ( 'NONE', #9190, 1000.000000000000000 ) ;
#5516 = CARTESIAN_POINT ( 'NONE',  ( 12.44507934888333445, -15.83919189857856402, -12.29999999999997939 ) ) ;
#5517 = CARTESIAN_POINT ( 'NONE',  ( 8.076770987746076713, -4.405198112628725404, -23.89363341178098210 ) ) ;
#5518 = DIRECTION ( 'NONE',  ( -2.125719726989809147E-15, -7.641725698951859067E-16, 1.000000000000000000 ) ) ;
#5519 = EDGE_LOOP ( 'NONE', ( #7731, #7926, #2096, #4526 ) ) ;
#5520 = ORIENTED_EDGE ( 'NONE', *, *, #1821, .F. ) ;
#5521 = VECTOR ( 'NONE', #7679, 1000.000000000000000 ) ;
#5522 = EDGE_CURVE ( 'NONE', #8341, #153, #1056, .T. ) ;
#5523 = FACE_OUTER_BOUND ( 'NONE', #7810, .T. ) ;
#5524 = DIRECTION ( 'NONE',  ( -0.7071067811865416886, -0.7071067811865532349, -1.889999999999999157E-15 ) ) ;
#5525 = EDGE_CURVE ( 'NONE', #4409, #442, #4891, .T. ) ;
#5526 = CARTESIAN_POINT ( 'NONE',  ( -4.793568885027226223, 10.45334966346677064, -11.53886372287200857 ) ) ;
#5527 = DIRECTION ( 'NONE',  ( 0.000000000000000000, 0.000000000000000000, -1.000000000000000000 ) ) ;
#5528 = CARTESIAN_POINT ( 'NONE',  ( 3.758580748811810590, -10.86979445979920378, -13.78648879874199729 ) ) ;
#5529 = FACE_OUTER_BOUND ( 'NONE', #6249, .T. ) ;
#5530 = VECTOR ( 'NONE', #9539, 1000.000000000000000 ) ;
#5531 = VERTEX_POINT ( 'NONE', #9303 ) ;
#5532 = CARTESIAN_POINT ( 'NONE',  ( 5.563961030679039688, 6.363961030679200270, 5.000000000000000000 ) ) ;
#5533 = LINE ( 'NONE', #8134, #1673 ) ;
#5534 = ORIENTED_EDGE ( 'NONE', *, *, #10066, .T. ) ;
#5535 = CARTESIAN_POINT ( 'NONE',  ( 2.092031021678229408, 6.276093065034893392, -22.49999999999999645 ) ) ;
#5536 = ORIENTED_EDGE ( 'NONE', *, *, #8002, .T. ) ;
#5537 = CARTESIAN_POINT ( 'NONE',  ( -4.959808227258723612, -4.691214343689621202, -27.11124587704101430 ) ) ;
#5538 = ADVANCED_FACE ( 'NONE', ( #6358 ), #9599, .F. ) ;
#5539 = ORIENTED_EDGE ( 'NONE', *, *, #3681, .T. ) ;
#5540 = ORIENTED_EDGE ( 'NONE', *, *, #10434, .F. ) ;
#5541 = FACE_OUTER_BOUND ( 'NONE', #4993, .T. ) ;
#5542 = DIRECTION ( 'NONE',  ( -1.000000000000000000, 0.000000000000000000, 0.000000000000000000 ) ) ;
#5543 = CIRCLE ( 'NONE', #9607, 10.80000000000000071 ) ;
#5544 = DIRECTION ( 'NONE',  ( -0.7071067811865520136, 0.7071067811865429098, 1.508455196501571183E-16 ) ) ;
#5545 = CARTESIAN_POINT ( 'NONE',  ( 4.117319228032310541, 10.73827272560878399, -10.92764461211298865 ) ) ;
#5546 = VECTOR ( 'NONE', #5588, 1000.000000000000000 ) ;
#5547 = DIRECTION ( 'NONE',  ( -1.000000000000000000, 0.000000000000000000, 0.000000000000000000 ) ) ;
#5548 = VERTEX_POINT ( 'NONE', #2318 ) ;
#5549 = CARTESIAN_POINT ( 'NONE',  ( 9.365189036323068095, 4.042800561466936671, -10.89764718791397513 ) ) ;
#5550 = DIRECTION ( 'NONE',  ( 2.491995308303619233E-15, 4.919953083036273601E-16, -1.000000000000000000 ) ) ;
#5551 = ADVANCED_FACE ( 'NONE', ( #6417 ), #690, .T. ) ;
#5552 = EDGE_LOOP ( 'NONE', ( #2847, #2650, #7008, #1704 ) ) ;
#5553 = CARTESIAN_POINT ( 'NONE',  ( -9.365189111253130250, -4.042800392682680766, -10.89764710849002505 ) ) ;
#5554 = VECTOR ( 'NONE', #7750, 1000.000000000000000 ) ;
#5555 = ADVANCED_FACE ( 'NONE', ( #3397 ), #3347, .F. ) ;
#5556 = CARTESIAN_POINT ( 'NONE',  ( -5.895986424101263168, -3.000546957382506541, -9.400000000000018119 ) ) ;
#5557 = CARTESIAN_POINT ( 'NONE',  ( -4.296695521561688018E-15, -2.526884916888491251E-15, -16.40000000000000568 ) ) ;
#5558 = DIRECTION ( 'NONE',  ( 1.000000000000000000, 0.000000000000000000, 0.000000000000000000 ) ) ;
#5559 = CYLINDRICAL_SURFACE ( 'NONE', #3805, 2.000000000000000000 ) ;
#5560 = DIRECTION ( 'NONE',  ( 0.7071067811865480168, 0.000000000000000000, 0.7071067811865470176 ) ) ;
#5561 = AXIS2_PLACEMENT_3D ( 'NONE', #6042, #6146, #1973 ) ;
#5562 = ORIENTED_EDGE ( 'NONE', *, *, #1604, .T. ) ;
#5563 = B_SPLINE_CURVE_WITH_KNOTS ( 'NONE', 6,
 ( #8672, #8729, #1208, #3002, #7824, #5446, #4617, #4669, #3223, #6340, #2296, #7974, #9741, #7346, #669, #8093, #8843, #609, #3909, #10413, #8148, #6398, #4780, #3966, #6452, #2403, #4898, #5005, #9897, #1745, #8299, #3431, #7496, #941, #1793, #9208, #8352, #4294, #3483, #6757, #1849, #8411, #7603, #8201, #243, #9265, #4398 ),
 .UNSPECIFIED., .F., .F.,
 ( 7, 5, 5, 5, 5, 5, 5, 5, 5, 7 ),
 ( 0.000000000000000000, 0.1289865109209999972, 0.1997480286449999920, 0.2526863934979999837, 0.4869572672970000071, 0.5213667283459999524, 0.7473418766999999630, 0.8002680581650000180, 0.8710279321119999141, 1.000000000000000000 ),
 .UNSPECIFIED. ) ;
#5564 = DIRECTION ( 'NONE',  ( 1.000000000000000000, 0.000000000000000000, 0.000000000000000000 ) ) ;
#5565 = CARTESIAN_POINT ( 'NONE',  ( -9.757584728048001921, 6.086011853008395533, -27.30000000000003268 ) ) ;
#5566 = CARTESIAN_POINT ( 'NONE',  ( 8.076770987746003883, 4.405198112628860407, -23.89363341178098210 ) ) ;
#5567 = EDGE_LOOP ( 'NONE', ( #5379 ) ) ;
#5568 = CARTESIAN_POINT ( 'NONE',  ( -1.139282179206400178E-14, -2.254830370489016622E-14, -13.80000000000000071 ) ) ;
#5569 = DIRECTION ( 'NONE',  ( 0.000000000000000000, 0.000000000000000000, -1.000000000000000000 ) ) ;
#5570 = ADVANCED_FACE ( 'NONE', ( #9760 ), #3241, .T. ) ;
#5571 = ORIENTED_EDGE ( 'NONE', *, *, #7155, .T. ) ;
#5572 = CARTESIAN_POINT ( 'NONE',  ( 4.339099205869408671, 9.231272455430534762, -13.54539165146598734 ) ) ;
#5573 = AXIS2_PLACEMENT_3D ( 'NONE', #4366, #5185, #5339 ) ;
#5574 = FACE_BOUND ( 'NONE', #1351, .T. ) ;
#5575 = CARTESIAN_POINT ( 'NONE',  ( 9.000000000000000000, 9.427005074995329055E-14, 3.000000000000000000 ) ) ;
#5576 = CARTESIAN_POINT ( 'NONE',  ( -10.86979445980135139, -3.758580748816797712, -13.78648879874302935 ) ) ;
#5577 = CLOSED_SHELL ( 'NONE', ( #9956, #6695, #4610, #6045, #6978, #1280 ) ) ;
#5578 = VERTEX_POINT ( 'NONE', #7105 ) ;
#5579 = LINE ( 'NONE', #1496, #1914 ) ;
#5580 = CARTESIAN_POINT ( 'NONE',  ( 4.663917791021002124, -5.674982941157537653, -26.81181253785399221 ) ) ;
#5581 = DIRECTION ( 'NONE',  ( -0.8042429674092185232, 0.5943006388796957529, -1.196361017915039437E-15 ) ) ;
#5582 = EDGE_LOOP ( 'NONE', ( #8960, #6822, #626, #1526 ) ) ;
#5583 = DIRECTION ( 'NONE',  ( 0.000000000000000000, -1.000000000000000000, 0.000000000000000000 ) ) ;
#5584 = B_SPLINE_CURVE_WITH_KNOTS ( 'NONE', 6,
 ( #5321, #3739, #10292, #7909, #7028, #10253, #3636, #5268, #2822, #494, #2991, #6120, #543, #8561, #1196, #6230, #9467, #2127, #5436, #8663, #1300, #4607, #4008, #8935, #6328, #5537, #9780, #9573, #9677, #7961, #1456, #2440, #1517, #8828, #3954, #10451, #5646, #7220, #3160, #1404, #7170, #3102, #8770, #4826, #4765, #3258, #598, #7281, #6546, #4708, #8882, #6383, #8136, #1622, #2224, #8080, #4879, #4066, #7335, #772, #715, #3896 ),
 .UNSPECIFIED., .F., .F.,
 ( 7, 5, 5, 5, 5, 5, 5, 5, 5, 5, 5, 5, 7 ),
 ( 0.000000000000000000, 0.03417905882661999989, 0.1950144057719999935, 0.3424393302629999969, 0.4031096718300000159, 0.4351151850050000158, 0.4999998129519999668, 0.5648844409000000066, 0.5968899540750000066, 0.6575602956420000256, 0.8055223740200000426, 0.9658209168699999347, 1.000000000000000000 ),
 .UNSPECIFIED. ) ;
#5585 = CIRCLE ( 'NONE', #1938, 7.630127018922000737 ) ;
#5586 = CARTESIAN_POINT ( 'NONE',  ( -4.117319039434464756, 10.73827280006705642, -10.92764450842800450 ) ) ;
#5587 = DIRECTION ( 'NONE',  ( 0.000000000000000000, 0.000000000000000000, 1.000000000000000000 ) ) ;
#5588 = DIRECTION ( 'NONE',  ( 1.000000000000000000, 3.491483361109385222E-15, 0.000000000000000000 ) ) ;
#5589 = CARTESIAN_POINT ( 'NONE',  ( 4.634769000770528002, -10.52478109835663567, -13.28306243250699481 ) ) ;
#5590 = CARTESIAN_POINT ( 'NONE',  ( 5.732770654531580412, -8.437361858094670097, -11.37987273345699180 ) ) ;
#5591 = CARTESIAN_POINT ( 'NONE',  ( 9.426542296780093366, -6.587638499376857304, -13.16741439470198216 ) ) ;
#5592 = ORIENTED_EDGE ( 'NONE', *, *, #144, .F. ) ;
#5593 = PLANE ( 'NONE',  #9826 ) ;
#5594 = FACE_OUTER_BOUND ( 'NONE', #8504, .T. ) ;
#5595 = VECTOR ( 'NONE', #5218, 1000.000000000000000 ) ;
#5596 = CARTESIAN_POINT ( 'NONE',  ( 10.97840985160318006, 0.6888520379748489519, 0.9999999999999991118 ) ) ;
#5597 = VERTEX_POINT ( 'NONE', #7364 ) ;
#5598 = EDGE_CURVE ( 'NONE', #153, #10251, #3296, .T. ) ;
#5599 = CYLINDRICAL_SURFACE ( 'NONE', #1309, 6.450000000000000178 ) ;
#5600 = CARTESIAN_POINT ( 'NONE',  ( -9.000000000000000000, -1.050000000000032019, 0.000000000000000000 ) ) ;
#5601 = ORIENTED_EDGE ( 'NONE', *, *, #2599, .F. ) ;
#5602 = ORIENTED_EDGE ( 'NONE', *, *, #2801, .T. ) ;
#5603 = CARTESIAN_POINT ( 'NONE',  ( 8.760262930798850434, -5.224729024866035410, -12.29999999999998295 ) ) ;
#5604 = CARTESIAN_POINT ( 'NONE',  ( -0.1499999999999999944, -3.395393726758810349, 7.700000000000000178 ) ) ;
#5605 = LINE ( 'NONE', #3166, #7625 ) ;
#5606 = ORIENTED_EDGE ( 'NONE', *, *, #6538, .T. ) ;
#5607 = EDGE_CURVE ( 'NONE', #10251, #734, #4511, .T. ) ;
#5608 = CARTESIAN_POINT ( 'NONE',  ( 0.000000000000000000, 0.000000000000000000, 7.299999999999999822 ) ) ;
#5609 = VERTEX_POINT ( 'NONE', #1103 ) ;
#5610 = CARTESIAN_POINT ( 'NONE',  ( -9.231272455430573842, 4.339099205869435316, -13.54539165146602286 ) ) ;
#5611 = ORIENTED_EDGE ( 'NONE', *, *, #94, .F. ) ;
#5612 = CARTESIAN_POINT ( 'NONE',  ( -3.730620869030223022E-15, -7.165894629054416223E-15, -10.00000000000000178 ) ) ;
#5613 = VECTOR ( 'NONE', #5106, 1000.000000000000000 ) ;
#5614 = CARTESIAN_POINT ( 'NONE',  ( 10.43691013647480226, 4.829212496709435420, -12.99630200012997605 ) ) ;
#5615 = ADVANCED_FACE ( 'NONE', ( #2035 ), #2784, .F. ) ;
#5616 = LINE ( 'NONE', #1693, #8240 ) ;
#5617 = CARTESIAN_POINT ( 'NONE',  ( 0.000000000000000000, 0.000000000000000000, 5.000000000000000000 ) ) ;
#5618 = ORIENTED_EDGE ( 'NONE', *, *, #5685, .F. ) ;
#5619 = EDGE_CURVE ( 'NONE', #2548, #7341, #6778, .T. ) ;
#5620 = ORIENTED_EDGE ( 'NONE', *, *, #4460, .F. ) ;
#5621 = VERTEX_POINT ( 'NONE', #262 ) ;
#5622 = FACE_OUTER_BOUND ( 'NONE', #74, .T. ) ;
#5623 = ORIENTED_EDGE ( 'NONE', *, *, #3490, .T. ) ;
#5624 = CARTESIAN_POINT ( 'NONE',  ( -9.580709785814860879, -3.500000000000205613, -13.80000000000002736 ) ) ;
#5625 = ORIENTED_EDGE ( 'NONE', *, *, #9370, .F. ) ;
#5626 = DIRECTION ( 'NONE',  ( 0.000000000000000000, 1.000000000000000000, 0.000000000000000000 ) ) ;
#5627 = AXIS2_PLACEMENT_3D ( 'NONE', #2359, #5771, #745 ) ;
#5628 = DIRECTION ( 'NONE',  ( -2.182142263682184963E-15, -8.018483529250563052E-16, 1.000000000000000000 ) ) ;
#5629 = CARTESIAN_POINT ( 'NONE',  ( -2.121320343559677468, 2.121320343559621513, -19.60000000000000497 ) ) ;
#5630 = ADVANCED_FACE ( 'NONE', ( #4424 ), #211, .T. ) ;
#5631 = CARTESIAN_POINT ( 'NONE',  ( 4.959808227259509650, -4.691214343688829835, -27.11124587704098943 ) ) ;
#5632 = FACE_OUTER_BOUND ( 'NONE', #9152, .T. ) ;
#5633 = ORIENTED_EDGE ( 'NONE', *, *, #4933, .T. ) ;
#5634 = AXIS2_PLACEMENT_3D ( 'NONE', #3850, #1592, #5881 ) ;
#5635 = EDGE_CURVE ( 'NONE', #2709, #2914, #1871, .T. ) ;
#5636 = CARTESIAN_POINT ( 'NONE',  ( 2.121320343559640609, -2.121320343559629062, -19.59999999999999787 ) ) ;
#5637 = CARTESIAN_POINT ( 'NONE',  ( -4.391641713997848306, 10.62870238457904293, -11.09059245180800346 ) ) ;
#5638 = FACE_OUTER_BOUND ( 'NONE', #7393, .T. ) ;
#5639 = AXIS2_PLACEMENT_3D ( 'NONE', #699, #9869, #10491 ) ;
#5640 = DIRECTION ( 'NONE',  ( 0.000000000000000000, 0.000000000000000000, -1.000000000000000000 ) ) ;
#5641 = DIRECTION ( 'NONE',  ( -0.7071067811865475727, 0.7071067811865475727, 0.000000000000000000 ) ) ;
#5642 = ORIENTED_EDGE ( 'NONE', *, *, #6112, .F. ) ;
#5643 = CARTESIAN_POINT ( 'NONE',  ( 0.5900923560882680441, -3.200000000000000178, 7.700000000000000178 ) ) ;
#5644 = CARTESIAN_POINT ( 'NONE',  ( 6.500000000000619060, 5.464378949326942347E-14, -24.79999999999998650 ) ) ;
#5645 = EDGE_LOOP ( 'NONE', ( #8262, #9995, #6309, #6999 ) ) ;
#5646 = CARTESIAN_POINT ( 'NONE',  ( -4.691214343688829835, -4.959808227259510538, -27.11124587704101430 ) ) ;
#5647 = ORIENTED_EDGE ( 'NONE', *, *, #4789, .T. ) ;
#5648 = DIRECTION ( 'NONE',  ( 0.000000000000000000, 0.000000000000000000, 1.000000000000000000 ) ) ;
#5649 = CARTESIAN_POINT ( 'NONE',  ( -0.8000000000000000444, 1.500000000000000000, 32.00000000000000000 ) ) ;
#5650 = VERTEX_POINT ( 'NONE', #4453 ) ;
#5651 = DIRECTION ( 'NONE',  ( -1.000000000000000000, 0.000000000000000000, 0.000000000000000000 ) ) ;
#5652 = CARTESIAN_POINT ( 'NONE',  ( 3.758580748777684999, 10.86979445980491477, -13.78648879871698796 ) ) ;
#5653 = CARTESIAN_POINT ( 'NONE',  ( 4.997270754621349731, 4.670617836566522740, -27.10363736790098699 ) ) ;
#5654 = CYLINDRICAL_SURFACE ( 'NONE', #9177, 10.20000000000000107 ) ;
#5655 = EDGE_CURVE ( 'NONE', #9475, #2545, #9118, .T. ) ;
#5656 = VERTEX_POINT ( 'NONE', #945 ) ;
#5657 = VECTOR ( 'NONE', #8067, 1000.000000000000000 ) ;
#5658 = CYLINDRICAL_SURFACE ( 'NONE', #1099, 0.8000000000000003775 ) ;
#5659 = VECTOR ( 'NONE', #1248, 1000.000000000000000 ) ;
#5660 = ORIENTED_EDGE ( 'NONE', *, *, #10566, .F. ) ;
#5661 = CARTESIAN_POINT ( 'NONE',  ( -1.005584667363598195, -3.395512396590449899, 7.700000000000000178 ) ) ;
#5662 = EDGE_CURVE ( 'NONE', #9589, #4286, #3646, .T. ) ;
#5663 = VECTOR ( 'NONE', #1563, 1000.000000000000000 ) ;
#5664 = PLANE ( 'NONE',  #10580 ) ;
#5665 = VECTOR ( 'NONE', #4402, 1000.000000000000000 ) ;
#5666 = DIRECTION ( 'NONE',  ( -1.000000000000000000, 0.000000000000000000, 0.000000000000000000 ) ) ;
#5667 = CARTESIAN_POINT ( 'NONE',  ( -1.139282179206400178E-14, -2.254830370489016622E-14, -13.80000000000000071 ) ) ;
#5668 = ORIENTED_EDGE ( 'NONE', *, *, #1700, .T. ) ;
#5669 = VERTEX_POINT ( 'NONE', #5270 ) ;
#5670 = AXIS2_PLACEMENT_3D ( 'NONE', #5568, #4099, #8113 ) ;
#5671 = CIRCLE ( 'NONE', #1000, 9.200000000000001066 ) ;
#5672 = ORIENTED_EDGE ( 'NONE', *, *, #10252, .F. ) ;
#5673 = CARTESIAN_POINT ( 'NONE',  ( -4.405198112628733398, -8.076770987746087371, -23.80000000000001492 ) ) ;
#5674 = ORIENTED_EDGE ( 'NONE', *, *, #1884, .F. ) ;
#5675 = CARTESIAN_POINT ( 'NONE',  ( -0.9491055452343960530, -3.412740055467500255, 7.299999999999999822 ) ) ;
#5676 = EDGE_CURVE ( 'NONE', #1082, #3378, #1905, .T. ) ;
#5677 = DIRECTION ( 'NONE',  ( 1.000000000000000000, 0.000000000000000000, 0.000000000000000000 ) ) ;
#5678 = DIRECTION ( 'NONE',  ( -0.7071067811865531239, 0.7071067811865420216, -1.156482317317871331E-15 ) ) ;
#5679 = VERTEX_POINT ( 'NONE', #52 ) ;
#5680 = DIRECTION ( 'NONE',  ( 0.000000000000000000, 0.000000000000000000, -1.000000000000000000 ) ) ;
#5681 = AXIS2_PLACEMENT_3D ( 'NONE', #4277, #3463, #3513 ) ;
#5682 = CARTESIAN_POINT ( 'NONE',  ( -3.752839123099705686E-15, -7.207315985291726747E-15, -9.900000000000002132 ) ) ;
#5683 = VERTEX_POINT ( 'NONE', #9311 ) ;
#5684 = ADVANCED_FACE ( 'NONE', ( #4244 ), #7499, .T. ) ;
#5685 = EDGE_CURVE ( 'NONE', #5438, #5760, #8105, .T. ) ;
#5686 = DIRECTION ( 'NONE',  ( 0.000000000000000000, 0.000000000000000000, 1.000000000000000000 ) ) ;
#5687 = FACE_OUTER_BOUND ( 'NONE', #7061, .T. ) ;
#5688 = CARTESIAN_POINT ( 'NONE',  ( 4.989777343359553363, -10.36109288696899000, -12.07393291607499286 ) ) ;
#5689 = ORIENTED_EDGE ( 'NONE', *, *, #4471, .F. ) ;
#5690 = DIRECTION ( 'NONE',  ( 0.000000000000000000, 0.000000000000000000, 1.000000000000000000 ) ) ;
#5691 = LINE ( 'NONE', #5852, #7641 ) ;
#5692 = AXIS2_PLACEMENT_3D ( 'NONE', #8063, #5628, #5678 ) ;
#5693 = FACE_OUTER_BOUND ( 'NONE', #9409, .T. ) ;
#5694 = CARTESIAN_POINT ( 'NONE',  ( -9.000000000000248690, 2.546932573555920269E-13, -9.200000000000008171 ) ) ;
#5695 = ORIENTED_EDGE ( 'NONE', *, *, #6780, .F. ) ;
#5696 = CARTESIAN_POINT ( 'NONE',  ( 8.437361858083413324, -5.732770654556938794, -13.22012726655498405 ) ) ;
#5697 = CARTESIAN_POINT ( 'NONE',  ( 3.941344673035721335, -9.408812943149799324, -13.74016895604599497 ) ) ;
#5698 = CARTESIAN_POINT ( 'NONE',  ( 4.702469829163863579, 10.49465159972107919, -13.19801970472698471 ) ) ;
#5699 = CARTESIAN_POINT ( 'NONE',  ( 4.787229480397219739, 4.829422743739827162, -27.12679491924298603 ) ) ;
#5700 = AXIS2_PLACEMENT_3D ( 'NONE', #5239, #8679, #2036 ) ;
#5701 = DIRECTION ( 'NONE',  ( 6.110912703474026124E-16, 4.919953083036111885E-16, -1.000000000000000000 ) ) ;
#5702 = CARTESIAN_POINT ( 'NONE',  ( 1.355497403577985871, -2.918570247845604815, 7.700000000000000178 ) ) ;
#5703 = EDGE_LOOP ( 'NONE', ( #4451 ) ) ;
#5704 = VERTEX_POINT ( 'NONE', #5927 ) ;
#5705 = DIRECTION ( 'NONE',  ( 0.000000000000000000, 0.000000000000000000, -1.000000000000000000 ) ) ;
#5706 = VERTEX_POINT ( 'NONE', #997 ) ;
#5707 = AXIS2_PLACEMENT_3D ( 'NONE', #4368, #9234, #3550 ) ;
#5708 = DIRECTION ( 'NONE',  ( -5.004415626361546484E-16, -1.359545404317401629E-16, 1.000000000000000000 ) ) ;
#5709 = CARTESIAN_POINT ( 'NONE',  ( 0.4002789528459169133, 2.294028981082040008, -9.400000000000000355 ) ) ;
#5710 = CARTESIAN_POINT ( 'NONE',  ( 12.53459616788484077, -1.849999999999869971, 5.000000000000000000 ) ) ;
#5711 = CARTESIAN_POINT ( 'NONE',  ( 10.36109288750917656, 4.989777342197101007, -12.07393291019297266 ) ) ;
#5712 = DIRECTION ( 'NONE',  ( -1.000000000000000000, 0.000000000000000000, 0.000000000000000000 ) ) ;
#5713 = LINE ( 'NONE', #6621, #10094 ) ;
#5714 = VERTEX_POINT ( 'NONE', #8301 ) ;
#5715 = VERTEX_POINT ( 'NONE', #1141 ) ;
#5716 = PLANE ( 'NONE',  #6097 ) ;
#5717 = ADVANCED_FACE ( 'NONE', ( #7723, #4400 ), #10287, .T. ) ;
#5718 = LINE ( 'NONE', #5826, #824 ) ;
#5719 = AXIS2_PLACEMENT_3D ( 'NONE', #7128, #6335, #8779 ) ;
#5720 = ORIENTED_EDGE ( 'NONE', *, *, #426, .F. ) ;
#5721 = ORIENTED_EDGE ( 'NONE', *, *, #7075, .T. ) ;
#5722 = EDGE_CURVE ( 'NONE', #9912, #2900, #5224, .T. ) ;
#5723 = CYLINDRICAL_SURFACE ( 'NONE', #2175, 0.7499999999999997780 ) ;
#5724 = EDGE_LOOP ( 'NONE', ( #4034 ) ) ;
#5725 = DIRECTION ( 'NONE',  ( 0.5943006388796951978, 0.8042429674092189673, 1.877897007054447961E-15 ) ) ;
#5726 = CARTESIAN_POINT ( 'NONE',  ( 10.77567667446461996, 1.850000000000115108, 4.866675785184370717 ) ) ;
#5727 = EDGE_CURVE ( 'NONE', #5597, #4916, #1040, .T. ) ;
#5728 = CIRCLE ( 'NONE', #535, 1.050000000000000044 ) ;
#5729 = FACE_OUTER_BOUND ( 'NONE', #9648, .T. ) ;
#5730 = DIRECTION ( 'NONE',  ( 0.000000000000000000, 0.000000000000000000, 1.000000000000000000 ) ) ;
#5731 = VERTEX_POINT ( 'NONE', #10486 ) ;
#5732 = CARTESIAN_POINT ( 'NONE',  ( 9.580709785814795154, 3.500000000000195399, -13.79999999999997584 ) ) ;
#5733 = FACE_OUTER_BOUND ( 'NONE', #4079, .T. ) ;
#5734 = CARTESIAN_POINT ( 'NONE',  ( 0.000000000000000000, 0.000000000000000000, 7.700000000000000178 ) ) ;
#5735 = EDGE_CURVE ( 'NONE', #5091, #1800, #6024, .T. ) ;
#5736 = ORIENTED_EDGE ( 'NONE', *, *, #1614, .T. ) ;
#5737 = VECTOR ( 'NONE', #8461, 1000.000000000000000 ) ;
#5738 = ORIENTED_EDGE ( 'NONE', *, *, #9566, .T. ) ;
#5739 = ORIENTED_EDGE ( 'NONE', *, *, #969, .F. ) ;
#5740 = CARTESIAN_POINT ( 'NONE',  ( -0.6099076439117319115, -3.200000000000000178, 7.299999999999999822 ) ) ;
#5741 = FACE_OUTER_BOUND ( 'NONE', #2686, .T. ) ;
#5742 = DIRECTION ( 'NONE',  ( 1.000000000000000000, 0.000000000000000000, 0.000000000000000000 ) ) ;
#5743 = AXIS2_PLACEMENT_3D ( 'NONE', #3639, #6124, #2012 ) ;
#5744 = DIRECTION ( 'NONE',  ( 0.000000000000000000, 1.000000000000000000, 0.000000000000000000 ) ) ;
#5745 = EDGE_CURVE ( 'NONE', #610, #10365, #1746, .T. ) ;
#5746 = DIRECTION ( 'NONE',  ( 0.000000000000000000, 0.000000000000000000, 1.000000000000000000 ) ) ;
#5747 = DIRECTION ( 'NONE',  ( -1.771424856300449639E-16, -4.592536174378443254E-16, 1.000000000000000000 ) ) ;
#5748 = VECTOR ( 'NONE', #5430, 1000.000000000000000 ) ;
#5749 = ORIENTED_EDGE ( 'NONE', *, *, #8841, .T. ) ;
#5750 = ORIENTED_EDGE ( 'NONE', *, *, #8720, .T. ) ;
#5751 = CARTESIAN_POINT ( 'NONE',  ( -4.998630425066579619, -8.891214607772797152, -12.36890816925501824 ) ) ;
#5752 = DIRECTION ( 'NONE',  ( -0.7071067811865522357, 0.7071067811865427988, -1.810146235801885321E-15 ) ) ;
#5753 = CARTESIAN_POINT ( 'NONE',  ( -4.982809172819166577, -10.36445747605915102, -12.04648029631901807 ) ) ;
#5754 = AXIS2_PLACEMENT_3D ( 'NONE', #7856, #9355, #4602 ) ;
#5755 = CARTESIAN_POINT ( 'NONE',  ( 7.071067811838645412, -9.192388155451935106, -11.29999999999998650 ) ) ;
#5756 = ORIENTED_EDGE ( 'NONE', *, *, #5923, .F. ) ;
#5757 = CARTESIAN_POINT ( 'NONE',  ( 0.000000000000000000, 0.000000000000000000, 7.000000000000000000 ) ) ;
#5758 = EDGE_CURVE ( 'NONE', #4384, #4762, #899, .T. ) ;
#5759 = DIRECTION ( 'NONE',  ( 1.000000000000000000, 0.000000000000000000, 0.000000000000000000 ) ) ;
#5760 = VERTEX_POINT ( 'NONE', #9268 ) ;
#5761 = VERTEX_POINT ( 'NONE', #346 ) ;
#5762 = CARTESIAN_POINT ( 'NONE',  ( 4.003993638778966080, 10.78157098494893873, -10.87852819149898842 ) ) ;
#5763 = CARTESIAN_POINT ( 'NONE',  ( 7.749999999999330313, -2.556423586249315210E-13, 0.9999999999999991118 ) ) ;
#5764 = CYLINDRICAL_SURFACE ( 'NONE', #4919, 11.50000000000000711 ) ;
#5765 = VECTOR ( 'NONE', #6726, 1000.000000000000000 ) ;
#5766 = DIRECTION ( 'NONE',  ( 7.666547622084402378E-16, 8.031222920256935389E-16, -1.000000000000000000 ) ) ;
#5767 = ORIENTED_EDGE ( 'NONE', *, *, #7930, .F. ) ;
#5768 = ORIENTED_EDGE ( 'NONE', *, *, #94, .T. ) ;
#5769 = LINE ( 'NONE', #1699, #6844 ) ;
#5770 = ORIENTED_EDGE ( 'NONE', *, *, #825, .F. ) ;
#5771 = DIRECTION ( 'NONE',  ( 1.784888527117067952E-15, 8.879751057680879085E-16, -1.000000000000000000 ) ) ;
#5772 = ORIENTED_EDGE ( 'NONE', *, *, #8068, .T. ) ;
#5773 = VERTEX_POINT ( 'NONE', #6866 ) ;
#5774 = CARTESIAN_POINT ( 'NONE',  ( -10.84331591350174051, 1.849999999999960121, 7.000000000000000000 ) ) ;
#5775 = CARTESIAN_POINT ( 'NONE',  ( 0.05000000000000060646, -2.049324200890695113, 7.700000000000000178 ) ) ;
#5776 = DIRECTION ( 'NONE',  ( 0.000000000000000000, 0.000000000000000000, -1.000000000000000000 ) ) ;
#5777 = CARTESIAN_POINT ( 'NONE',  ( -10.20000000000000462, -2.163267795073398132E-15, -22.90000000000001990 ) ) ;
#5779 = EDGE_CURVE ( 'NONE', #3785, #2610, #9101, .T. ) ;
#5778 = DIRECTION ( 'NONE',  ( -3.423510726510918068E-15, -1.968759931642316186E-16, 1.000000000000000000 ) ) ;
#5780 = DIRECTION ( 'NONE',  ( 1.000000000000000000, 0.000000000000000000, 0.000000000000000000 ) ) ;
#5781 = ORIENTED_EDGE ( 'NONE', *, *, #10176, .F. ) ;
#5782 = EDGE_CURVE ( 'NONE', #1502, #1771, #5907, .T. ) ;
#5783 = ORIENTED_EDGE ( 'NONE', *, *, #5133, .F. ) ;
#5784 = VECTOR ( 'NONE', #10534, 1000.000000000000000 ) ;
#5785 = ADVANCED_FACE ( 'NONE', ( #2767 ), #10045, .F. ) ;
#5786 = CYLINDRICAL_SURFACE ( 'NONE', #1012, 1.000000000000000000 ) ;
#5787 = CARTESIAN_POINT ( 'NONE',  ( 6.587638499360710220, -9.426542296796283082, -11.43258560531098667 ) ) ;
#5788 = CARTESIAN_POINT ( 'NONE',  ( 4.999999999999008793, -10.35615758860338076, -12.38463617111099246 ) ) ;
#5789 = AXIS2_PLACEMENT_3D ( 'NONE', #10516, #5810, #9793 ) ;
#5790 = DIRECTION ( 'NONE',  ( 0.000000000000000000, 0.000000000000000000, 1.000000000000000000 ) ) ;
#5791 = VERTEX_POINT ( 'NONE', #2011 ) ;
#5792 = CARTESIAN_POINT ( 'NONE',  ( -0.8042429674092549385, 0.5943006388796895356, -12.30000000000000426 ) ) ;
#5793 = VERTEX_POINT ( 'NONE', #6123 ) ;
#5794 = CARTESIAN_POINT ( 'NONE',  ( 0.000000000000000000, 9.000000000000000000, 1.000000000000000000 ) ) ;
#5795 = CARTESIAN_POINT ( 'NONE',  ( 8.259084641079549982, -5.986585091343046727, -13.29999998954098572 ) ) ;
#5796 = AXIS2_PLACEMENT_3D ( 'NONE', #5410, #4856, #9651 ) ;
#5797 = ADVANCED_FACE ( 'NONE', ( #2825 ), #5323, .T. ) ;
#5798 = ORIENTED_EDGE ( 'NONE', *, *, #5191, .F. ) ;
#5799 = CARTESIAN_POINT ( 'NONE',  ( 4.999864555443735981, -8.890520551393171544, -12.33236620952799356 ) ) ;
#5800 = DIRECTION ( 'NONE',  ( -1.000000000000000000, 0.000000000000000000, 0.000000000000000000 ) ) ;
#5801 = CARTESIAN_POINT ( 'NONE',  ( 4.628299328998473960, 5.095555156610023673, -27.07848800326298999 ) ) ;
#5802 = CARTESIAN_POINT ( 'NONE',  ( -9.757584728047907774, -6.086011853008561623, -23.80000000000002558 ) ) ;
#5803 = CARTESIAN_POINT ( 'NONE',  ( 1.137154288554693693, 6.517117313710465432, -12.39999999999999503 ) ) ;
#5804 = DIRECTION ( 'NONE',  ( 1.000000000000000000, 0.000000000000000000, 0.000000000000000000 ) ) ;
#5805 = FACE_OUTER_BOUND ( 'NONE', #2612, .T. ) ;
#5806 = VERTEX_POINT ( 'NONE', #4528 ) ;
#5807 = CARTESIAN_POINT ( 'NONE',  ( 0.000000000000000000, 0.000000000000000000, -9.400000000000000355 ) ) ;
#5808 = ORIENTED_EDGE ( 'NONE', *, *, #7039, .F. ) ;
#5809 = CIRCLE ( 'NONE', #3897, 9.200000000000001066 ) ;
#5810 = DIRECTION ( 'NONE',  ( 0.000000000000000000, 0.000000000000000000, -1.000000000000000000 ) ) ;
#5811 =( BOUNDED_CURVE ( )  B_SPLINE_CURVE ( 2, ( #4155, #9069, #3345 ),
 .UNSPECIFIED., .F., .T. ) 
 B_SPLINE_CURVE_WITH_KNOTS ( ( 3, 3 ),
 ( 0.000000000000000000, 1.000000000000000000 ),
 .UNSPECIFIED. ) 
 CURVE ( )  GEOMETRIC_REPRESENTATION_ITEM ( )  RATIONAL_B_SPLINE_CURVE ( ( 1.000000000000000000, 1.021844029441489887, 1.000000000000000000 ) ) 
 REPRESENTATION_ITEM ( '' )  );
#5812 = CARTESIAN_POINT ( 'NONE',  ( -8.988313468612185275, 4.823589429658027505, -13.03821600445402140 ) ) ;
#5813 = VERTEX_POINT ( 'NONE', #1825 ) ;
#5814 = CARTESIAN_POINT ( 'NONE',  ( -9.000000000000248690, 2.546932573555920269E-13, 0.9999999999999991118 ) ) ;
#5815 = CARTESIAN_POINT ( 'NONE',  ( -0.8846672641501842627, 0.6537307027676573234, -9.400000000000002132 ) ) ;
#5816 = CARTESIAN_POINT ( 'NONE',  ( -5.375148859829429249, 4.588712874000079545, -26.97241796294701288 ) ) ;
#5817 = EDGE_CURVE ( 'NONE', #6686, #983, #6584, .T. ) ;
#5818 = ADVANCED_FACE ( 'NONE', ( #9185, #5997 ), #3716, .F. ) ;
#5819 = DIRECTION ( 'NONE',  ( 0.000000000000000000, 0.000000000000000000, -1.000000000000000000 ) ) ;
#5820 = CARTESIAN_POINT ( 'NONE',  ( 5.622272912330692485, 4.640490406774732790, -26.84391510094698674 ) ) ;
#5821 = AXIS2_PLACEMENT_3D ( 'NONE', #2197, #9788, #4131 ) ;
#5822 = CARTESIAN_POINT ( 'NONE',  ( 5.085786437626834022, -1.414213562372345301, -27.29999999999999005 ) ) ;
#5823 = AXIS2_PLACEMENT_3D ( 'NONE', #9143, #8290, #928 ) ;
#5824 = EDGE_LOOP ( 'NONE', ( #5443, #6246 ) ) ;
#5825 = ORIENTED_EDGE ( 'NONE', *, *, #8530, .F. ) ;
#5826 = CARTESIAN_POINT ( 'NONE',  ( 5.953399550669758789, -7.014059722449488277, -20.79999999999999361 ) ) ;
#5827 = DIRECTION ( 'NONE',  ( 0.7071067811865405783, 0.7071067811865544561, 0.000000000000000000 ) ) ;
#5828 = CONICAL_SURFACE ( 'NONE', #9556, 6.500000000000000000, 1.047197551196999754 ) ;
#5829 = ORIENTED_EDGE ( 'NONE', *, *, #5347, .F. ) ;
#5830 = PLANE ( 'NONE',  #10158 ) ;
#5831 = VECTOR ( 'NONE', #2511, 1000.000000000000000 ) ;
#5832 = DIRECTION ( 'NONE',  ( 0.000000000000000000, 0.000000000000000000, 1.000000000000000000 ) ) ;
#5833 = DIRECTION ( 'NONE',  ( -1.000000000000000000, 0.000000000000000000, 0.000000000000000000 ) ) ;
#5834 = CARTESIAN_POINT ( 'NONE',  ( 0.9052691480050164552, -10.76199274157301566, 0.9999999999999991118 ) ) ;
#5835 = CARTESIAN_POINT ( 'NONE',  ( -0.5656854249492899722, 0.5656854249492158093, -6.400000000000003908 ) ) ;
#5836 = CONICAL_SURFACE ( 'NONE', #4798, 1.250000000000000000, 0.7853981633974490562 ) ;
#5837 = CIRCLE ( 'NONE', #9237, 2.899999999999999911 ) ;
#5838 = CARTESIAN_POINT ( 'NONE',  ( 8.644746269442569186, 7.584086097662891213, -23.79999999999997584 ) ) ;
#5839 = FACE_BOUND ( 'NONE', #6990, .T. ) ;
#5840 = VERTEX_POINT ( 'NONE', #7748 ) ;
#5841 = ORIENTED_EDGE ( 'NONE', *, *, #3269, .T. ) ;
#5842 = DIRECTION ( 'NONE',  ( 1.000000000000000000, 0.000000000000000000, 0.000000000000000000 ) ) ;
#5843 = DIRECTION ( 'NONE',  ( -3.304235192336775117E-15, 1.000000000000000000, 0.000000000000000000 ) ) ;
#5844 = AXIS2_PLACEMENT_3D ( 'NONE', #7444, #130, #5966 ) ;
#5845 = ADVANCED_FACE ( 'NONE', ( #1016 ), #10168, .T. ) ;
#5846 = CARTESIAN_POINT ( 'NONE',  ( 0.000000000000000000, 9.000000000000000000, 0.9999999999999991118 ) ) ;
#5847 = PLANE ( 'NONE',  #4815 ) ;
#5848 = CARTESIAN_POINT ( 'NONE',  ( 6.208108095731762255, -9.680424524613783888, -12.61260612786698943 ) ) ;
#5849 = DIRECTION ( 'NONE',  ( 0.000000000000000000, 0.000000000000000000, 1.000000000000000000 ) ) ;
#5850 = CARTESIAN_POINT ( 'NONE',  ( 5.085786437626804712, 1.414213562372430566, -24.79999999999999005 ) ) ;
#5851 = ORIENTED_EDGE ( 'NONE', *, *, #5978, .T. ) ;
#5852 = CARTESIAN_POINT ( 'NONE',  ( -11.49999999999959144, -3.500000000000223377, -10.80000000000002913 ) ) ;
#5853 = ORIENTED_EDGE ( 'NONE', *, *, #3947, .T. ) ;
#5854 = EDGE_CURVE ( 'NONE', #4330, #8905, #4480, .T. ) ;
#5855 = ORIENTED_EDGE ( 'NONE', *, *, #3110, .T. ) ;
#5856 = AXIS2_PLACEMENT_3D ( 'NONE', #2829, #1909, #3693 ) ;
#5857 = ORIENTED_EDGE ( 'NONE', *, *, #8457, .T. ) ;
#5858 = DIRECTION ( 'NONE',  ( 7.595836943965745909E-16, 8.101933598375589886E-16, -1.000000000000000000 ) ) ;
#5859 = EDGE_CURVE ( 'NONE', #4389, #413, #8478, .T. ) ;
#5860 = CARTESIAN_POINT ( 'NONE',  ( -9.000000000000000000, -1.850000000000030065, 5.000000000000000000 ) ) ;
#5861 = DIRECTION ( 'NONE',  ( -3.491483361109384827E-15, 1.000000000000000000, 0.000000000000000000 ) ) ;
#5862 = AXIS2_PLACEMENT_3D ( 'NONE', #4181, #986, #4887 ) ;
#5863 = CARTESIAN_POINT ( 'NONE',  ( 8.644746269442570963, 7.584086097662891213, -24.41324865405197642 ) ) ;
#5864 = EDGE_LOOP ( 'NONE', ( #8149 ) ) ;
#5865 = DIRECTION ( 'NONE',  ( 0.000000000000000000, 0.000000000000000000, -1.000000000000000000 ) ) ;
#5866 = ORIENTED_EDGE ( 'NONE', *, *, #4427, .F. ) ;
#5867 = EDGE_CURVE ( 'NONE', #4762, #5910, #3665, .T. ) ;
#5868 = ORIENTED_EDGE ( 'NONE', *, *, #2912, .T. ) ;
#5869 = CARTESIAN_POINT ( 'NONE',  ( 10.84331591350171919, 1.850000000000115108, 7.000000000000000000 ) ) ;
#5870 = DIRECTION ( 'NONE',  ( 1.000000000000000000, 0.000000000000000000, 0.000000000000000000 ) ) ;
#5871 = DIRECTION ( 'NONE',  ( 0.7071067811865470176, 8.659560562354919300E-17, -0.7071067811865480168 ) ) ;
#5872 = CIRCLE ( 'NONE', #8743, 1.850000000000000089 ) ;
#5873 = CARTESIAN_POINT ( 'NONE',  ( -1.393320238429273142E-14, -2.755982353573374711E-14, -10.80000000000000071 ) ) ;
#5874 = CARTESIAN_POINT ( 'NONE',  ( -0.1503006114785185032, -3.495393274921485105, 7.700000000000000178 ) ) ;
#5875 = ORIENTED_EDGE ( 'NONE', *, *, #7355, .F. ) ;
#5876 = ADVANCED_FACE ( 'NONE', ( #1881, #10068 ), #4212, .F. ) ;
#5877 = ORIENTED_EDGE ( 'NONE', *, *, #4227, .F. ) ;
#5878 = AXIS2_PLACEMENT_3D ( 'NONE', #3972, #10522, #4145 ) ;
#5879 = CARTESIAN_POINT ( 'NONE',  ( 10.37272415736386222, -4.965625972004526822, -11.96298691352397903 ) ) ;
#5880 = EDGE_CURVE ( 'NONE', #851, #391, #2854, .T. ) ;
#5881 = DIRECTION ( 'NONE',  ( 1.000000000000000000, 0.000000000000000000, 0.000000000000000000 ) ) ;
#5882 = ORIENTED_EDGE ( 'NONE', *, *, #2309, .F. ) ;
#5883 = DIRECTION ( 'NONE',  ( 0.000000000000000000, 0.000000000000000000, -1.000000000000000000 ) ) ;
#5884 = ORIENTED_EDGE ( 'NONE', *, *, #9450, .T. ) ;
#5885 = EDGE_LOOP ( 'NONE', ( #5175, #2562, #7503, #8261 ) ) ;
#5886 = CARTESIAN_POINT ( 'NONE',  ( 2.092031021678220082, 6.276093065034896945, -19.49999999999999289 ) ) ;
#5887 = CIRCLE ( 'NONE', #8421, 9.200000000000001066 ) ;
#5888 = PLANE ( 'NONE',  #6437 ) ;
#5889 = DIRECTION ( 'NONE',  ( 0.000000000000000000, 0.000000000000000000, 1.000000000000000000 ) ) ;
#5890 = B_SPLINE_CURVE_WITH_KNOTS ( 'NONE', 5,
 ( #4084, #5010, #9693, #4024, #10578, #8951, #6617, #7452, #8897, #9901, #1531, #9745, #9001, #5816, #7350, #673, #1637, #4902, #4843, #8152, #3382, #3276, #3178, #2457, #8848, #4954, #4139, #7302, #843, #32 ),
 .UNSPECIFIED., .F., .F.,
 ( 6, 4, 4, 4, 4, 4, 4, 6 ),
 ( 0.000000000000000000, 0.1535928215750000103, 0.3151409114190000249, 0.4586557447259999587, 0.6105049231010000188, 0.7690391038849999639, 0.9310772392699999678, 1.000000000000000000 ),
 .UNSPECIFIED. ) ;
#5891 = VECTOR ( 'NONE', #1723, 1000.000000000000000 ) ;
#5892 = CARTESIAN_POINT ( 'NONE',  ( -3.747665940288671393, -3.747665940288733122, -27.10000000000001208 ) ) ;
#5893 = CARTESIAN_POINT ( 'NONE',  ( 5.228684461385655347, -4.594240519661236810, -27.03433239843399249 ) ) ;
#5894 = CARTESIAN_POINT ( 'NONE',  ( -9.757584728048009026, 6.086011853008393757, -24.41324865405202260 ) ) ;
#5895 = EDGE_CURVE ( 'NONE', #734, #8341, #6788, .T. ) ;
#5896 = ORIENTED_EDGE ( 'NONE', *, *, #8990, .T. ) ;
#5897 = DIRECTION ( 'NONE',  ( 1.000000000000000000, 0.000000000000000000, 0.000000000000000000 ) ) ;
#5898 = VERTEX_POINT ( 'NONE', #9969 ) ;
#5899 = DIRECTION ( 'NONE',  ( 0.000000000000000000, 0.000000000000000000, 1.000000000000000000 ) ) ;
#5900 = AXIS2_PLACEMENT_3D ( 'NONE', #78, #8407, #5262 ) ;
#5901 = ORIENTED_EDGE ( 'NONE', *, *, #10005, .T. ) ;
#5902 = DIRECTION ( 'NONE',  ( -0.7071067811865415775, -0.7071067811865534569, -4.336808689942018525E-15 ) ) ;
#5903 = DIRECTION ( 'NONE',  ( 0.000000000000000000, 0.000000000000000000, -1.000000000000000000 ) ) ;
#5904 = CARTESIAN_POINT ( 'NONE',  ( -1.812375900532361625E-14, -4.404663043279892259E-15, -19.50000000000000355 ) ) ;
#5905 = CARTESIAN_POINT ( 'NONE',  ( 5.231538918791101445, -8.756201406627473816, -12.13991981219299277 ) ) ;
#5906 = CARTESIAN_POINT ( 'NONE',  ( -10.70802861563067943, -1.850000000000040057, 4.933342624449380764 ) ) ;
#5907 = CIRCLE ( 'NONE', #2263, 7.630127018922000737 ) ;
#5908 = VERTEX_POINT ( 'NONE', #5948 ) ;
#5909 = LINE ( 'NONE', #9387, #4238 ) ;
#5910 = VERTEX_POINT ( 'NONE', #7796 ) ;
#5911 = DIRECTION ( 'NONE',  ( 0.000000000000000000, 0.000000000000000000, -1.000000000000000000 ) ) ;
#5912 = ORIENTED_EDGE ( 'NONE', *, *, #7166, .F. ) ;
#5913 = DIRECTION ( 'NONE',  ( 1.084852813742392574E-15, 1.313708498984762123E-16, -1.000000000000000000 ) ) ;
#5914 = VECTOR ( 'NONE', #5524, 1000.000000000000114 ) ;
#5915 = CARTESIAN_POINT ( 'NONE',  ( -4.823589429658067473, -8.988313468612156854, -13.03821600445401785 ) ) ;
#5916 = CARTESIAN_POINT ( 'NONE',  ( -1.750786205429736800E-15, -1.422005728670131962E-15, -24.41324865405200129 ) ) ;
#5917 = CARTESIAN_POINT ( 'NONE',  ( -4.969337435723085505, -10.37096205701548435, -12.63818859959201824 ) ) ;
#5918 = DIRECTION ( 'NONE',  ( 0.000000000000000000, 0.000000000000000000, 1.000000000000000000 ) ) ;
#5919 = ORIENTED_EDGE ( 'NONE', *, *, #5635, .T. ) ;
#5920 = EDGE_CURVE ( 'NONE', #4177, #1097, #7454, .T. ) ;
#5921 = VERTEX_POINT ( 'NONE', #8488 ) ;
#5922 = DIRECTION ( 'NONE',  ( -0.7071067811865527908, 0.7071067811865423547, -1.734723475976806700E-15 ) ) ;
#5923 = EDGE_CURVE ( 'NONE', #4666, #4007, #9718, .T. ) ;
#5924 = AXIS2_PLACEMENT_3D ( 'NONE', #1916, #5233, #8469 ) ;
#5925 = DIRECTION ( 'NONE',  ( 0.7071067811865537900, -0.7071067811865412445, 1.414213562373107886E-15 ) ) ;
#5926 = ADVANCED_FACE ( 'NONE', ( #5457 ), #5413, .T. ) ;
#5927 = CARTESIAN_POINT ( 'NONE',  ( 8.644746269442698861, -7.584086097662748216, -24.41324865405198352 ) ) ;
#5928 = CARTESIAN_POINT ( 'NONE',  ( 6.086011853002188943, -9.757584728041535982, -23.79999999999999005 ) ) ;
#5929 = CARTESIAN_POINT ( 'NONE',  ( 2.265596578422604580E-16, -1.850000000000000089, -2.200000000000000178 ) ) ;
#5930 = VECTOR ( 'NONE', #3771, 1000.000000000000000 ) ;
#5931 = ADVANCED_FACE ( 'NONE', ( #8685 ), #2819, .F. ) ;
#5932 = EDGE_LOOP ( 'NONE', ( #7205, #8621, #1950, #2471, #6924, #4734 ) ) ;
#5933 = DIRECTION ( 'NONE',  ( -0.8042429674092187453, 0.5943006388796956418, -1.196361017915039437E-15 ) ) ;
#5934 = CARTESIAN_POINT ( 'NONE',  ( 9.000000000000000000, 1.850000000000095124, 3.000000000000000000 ) ) ;
#5935 = EDGE_LOOP ( 'NONE', ( #1197 ) ) ;
#5936 = AXIS2_PLACEMENT_3D ( 'NONE', #9232, #6679, #7465 ) ;
#5937 = CARTESIAN_POINT ( 'NONE',  ( -9.276220502677574586, -4.242248073841735412, -13.60551282057102540 ) ) ;
#5938 = ORIENTED_EDGE ( 'NONE', *, *, #4481, .T. ) ;
#5939 = LINE ( 'NONE', #7509, #5765 ) ;
#5940 = CARTESIAN_POINT ( 'NONE',  ( -10.43640145250306972, 4.830306952754074068, -12.99406793739402488 ) ) ;
#5941 = ADVANCED_FACE ( 'NONE', ( #8805, #1433 ), #9116, .T. ) ;
#5942 = EDGE_CURVE ( 'NONE', #9777, #6641, #9812, .T. ) ;
#5943 = CARTESIAN_POINT ( 'NONE',  ( -6.363961030678820130, 6.363961030678660258, 5.000000000000000000 ) ) ;
#5944 = APPROVAL_DATE_TIME ( #2787, #1065 ) ;
#5945 = AXIS2_PLACEMENT_3D ( 'NONE', #2047, #1222, #1173 ) ;
#5946 = EDGE_LOOP ( 'NONE', ( #4318, #3851, #8202, #1982, #6566 ) ) ;
#5947 = ORIENTED_EDGE ( 'NONE', *, *, #5068, .F. ) ;
#5948 = CARTESIAN_POINT ( 'NONE',  ( 4.405198112628853302, -8.076770987746012764, -23.89363341178099631 ) ) ;
#5949 = DIRECTION ( 'NONE',  ( 0.000000000000000000, 0.000000000000000000, -1.000000000000000000 ) ) ;
#5950 = AXIS2_PLACEMENT_3D ( 'NONE', #8345, #3423, #1679 ) ;
#5951 = CARTESIAN_POINT ( 'NONE',  ( 2.449293598294710359E-16, -2.000000000000000000, 31.69999999999999929 ) ) ;
#5952 = ADVANCED_FACE ( 'NONE', ( #47 ), #8911, .F. ) ;
#5953 = LINE ( 'NONE', #5140, #10423 ) ;
#5954 = DIRECTION ( 'NONE',  ( -0.7071067811865415775, -0.7071067811865535679, -1.927470528863118950E-15 ) ) ;
#5955 = CARTESIAN_POINT ( 'NONE',  ( -3.747665940288727793, 2.616295090390195366, -24.80000000000001137 ) ) ;
#5956 = DIRECTION ( 'NONE',  ( -0.000000000000000000, -0.000000000000000000, -1.000000000000000000 ) ) ;
#5957 = ADVANCED_FACE ( 'NONE', ( #9756, #749 ), #10538, .T. ) ;
#5958 = AXIS2_PLACEMENT_3D ( 'NONE', #3439, #4351, #6713 ) ;
#5959 = VERTEX_POINT ( 'NONE', #1598 ) ;
#5960 = DIRECTION ( 'NONE',  ( 0.000000000000000000, 0.000000000000000000, 1.000000000000000000 ) ) ;
#5961 = DIRECTION ( 'NONE',  ( -1.000000000000000000, 0.000000000000000000, 0.000000000000000000 ) ) ;
#5962 = VERTEX_POINT ( 'NONE', #5675 ) ;
#5963 = CARTESIAN_POINT ( 'NONE',  ( -4.569041772023033410, 10.55345073786422638, -13.35333137866200914 ) ) ;
#5964 = DIRECTION ( 'NONE',  ( -3.130185029406269949E-15, -4.902016902688744135E-16, 1.000000000000000000 ) ) ;
#5965 = VECTOR ( 'NONE', #4670, 1000.000000000000114 ) ;
#5966 = DIRECTION ( 'NONE',  ( 0.7071067811865535679, -0.7071067811865415775, 3.042135623731070066E-16 ) ) ;
#5967 = CARTESIAN_POINT ( 'NONE',  ( -6.363961030678281006, -6.363961030679200270, 5.000000000000000000 ) ) ;
#5968 = CARTESIAN_POINT ( 'NONE',  ( -8.076770987746094477, 4.405198112628722740, -23.89363341178102118 ) ) ;
#5969 = EDGE_LOOP ( 'NONE', ( #7873 ) ) ;
#5970 = VERTEX_POINT ( 'NONE', #3240 ) ;
#5971 = ORIENTED_EDGE ( 'NONE', *, *, #9686, .T. ) ;
#5972 = DIRECTION ( 'NONE',  ( 2.503619816187392131E-15, 1.762269886699465885E-15, -1.000000000000000000 ) ) ;
#5973 = VECTOR ( 'NONE', #902, 1000.000000000000114 ) ;
#5974 = DIRECTION ( 'NONE',  ( -1.000000000000000000, 0.000000000000000000, 0.000000000000000000 ) ) ;
#5975 = CARTESIAN_POINT ( 'NONE',  ( -6.000000000000000000, 3.200000000000000178, 7.000000000000000000 ) ) ;
#5976 = CARTESIAN_POINT ( 'NONE',  ( 1.738233764908631709E-30, 2.982337649086365990E-31, -27.30000000000000071 ) ) ;
#5977 = PLANE ( 'NONE',  #3525 ) ;
#5978 = EDGE_CURVE ( 'NONE', #3756, #6526, #6447, .T. ) ;
#5979 = CIRCLE ( 'NONE', #9868, 0.1000000000000000056 ) ;
#5980 = ORIENTED_EDGE ( 'NONE', *, *, #6512, .F. ) ;
#5981 = EDGE_CURVE ( 'NONE', #5813, #1082, #907, .T. ) ;
#5982 = DIRECTION ( 'NONE',  ( -3.131717426292753308E-15, -4.886692933823911531E-16, 1.000000000000000000 ) ) ;
#5983 = ORIENTED_EDGE ( 'NONE', *, *, #4264, .F. ) ;
#5984 = FACE_OUTER_BOUND ( 'NONE', #6329, .T. ) ;
#5985 = ORIENTED_EDGE ( 'NONE', *, *, #3344, .F. ) ;
#5986 = CARTESIAN_POINT ( 'NONE',  ( -9.452826095556986274, -3.835190777679891472, -13.76958619978202591 ) ) ;
#5987 = ORIENTED_EDGE ( 'NONE', *, *, #7219, .F. ) ;
#5988 = CARTESIAN_POINT ( 'NONE',  ( 1.738233764908631709E-30, 2.982337649086365990E-31, -27.30000000000000071 ) ) ;
#5989 = CARTESIAN_POINT ( 'NONE',  ( -10.47207762061259650, 4.752492098736311732, -13.12629511623602596 ) ) ;
#5990 = CARTESIAN_POINT ( 'NONE',  ( 0.000000000000000000, 0.000000000000000000, 1.000000000000000000 ) ) ;
#5991 = APPROVAL_DATE_TIME ( #3602, #9019 ) ;
#5992 = DIRECTION ( 'NONE',  ( 2.491995308303608188E-15, 1.750645378815682139E-15, -1.000000000000000000 ) ) ;
#5993 = DIRECTION ( 'NONE',  ( 0.000000000000000000, 0.000000000000000000, 1.000000000000000000 ) ) ;
#5994 = VECTOR ( 'NONE', #7010, 1000.000000000000000 ) ;
#5995 = EDGE_CURVE ( 'NONE', #6191, #3712, #4548, .T. ) ;
#5996 = EDGE_LOOP ( 'NONE', ( #3774, #8648, #5376, #7882, #3576 ) ) ;
#5997 = FACE_OUTER_BOUND ( 'NONE', #3239, .T. ) ;
#5998 = CYLINDRICAL_SURFACE ( 'NONE', #5293, 1.050000000000000044 ) ;
#5999 = VECTOR ( 'NONE', #8433, 1000.000000000000000 ) ;
#6000 = PLANE ( 'NONE',  #9590 ) ;
#6001 = CIRCLE ( 'NONE', #8205, 2.000000000000000444 ) ;
#6002 = VERTEX_POINT ( 'NONE', #5250 ) ;
#6003 = FACE_OUTER_BOUND ( 'NONE', #5567, .T. ) ;
#6004 = EDGE_CURVE ( 'NONE', #5466, #4269, #10494, .T. ) ;
#6005 = EDGE_CURVE ( 'NONE', #511, #4927, #6576, .T. ) ;
#6006 = EDGE_CURVE ( 'NONE', #9602, #9602, #72, .T. ) ;
#6007 = DIRECTION ( 'NONE',  ( 3.030882154335502291E-15, 5.641916787523942882E-16, -1.000000000000000000 ) ) ;
#6008 = VERTEX_POINT ( 'NONE', #8218 ) ;
#6009 = AXIS2_PLACEMENT_3D ( 'NONE', #4152, #5023, #3340 ) ;
#6010 = AXIS2_PLACEMENT_3D ( 'NONE', #791, #9800, #9006 ) ;
#6011 = ORIENTED_EDGE ( 'NONE', *, *, #393, .F. ) ;
#6012 = CARTESIAN_POINT ( 'NONE',  ( -5.833630944789019779, -5.833630944789019779, 0.9999999999999991118 ) ) ;
#6013 = CARTESIAN_POINT ( 'NONE',  ( -4.859821627672948452, 10.42268354918539686, -12.93382099012800701 ) ) ;
#6014 = CARTESIAN_POINT ( 'NONE',  ( 10.25000000000015987, -2.557954394748249714E-13, 0.9999999999999991118 ) ) ;
#6015 = CARTESIAN_POINT ( 'NONE',  ( -9.000000000000003553, -9.194034422677077600E-14, -22.40100000000002467 ) ) ;
#6016 = LINE ( 'NONE', #1682, #5326 ) ;
#6017 = ORIENTED_EDGE ( 'NONE', *, *, #6006, .T. ) ;
#6018 = CARTESIAN_POINT ( 'NONE',  ( -4.999708280297762819, 8.890608443196990507, -12.25639688240101144 ) ) ;
#6019 = ORIENTED_EDGE ( 'NONE', *, *, #8688, .T. ) ;
#6020 = AXIS2_PLACEMENT_3D ( 'NONE', #9848, #7500, #894 ) ;
#6021 = DIRECTION ( 'NONE',  ( 0.000000000000000000, 0.000000000000000000, -1.000000000000000000 ) ) ;
#6022 = ORIENTED_EDGE ( 'NONE', *, *, #4721, .T. ) ;
#6023 = DIRECTION ( 'NONE',  ( -0.7071067811865412445, -0.7071067811865537900, -4.336808689942016947E-15 ) ) ;
#6024 = LINE ( 'NONE', #1795, #6075 ) ;
#6025 = CARTESIAN_POINT ( 'NONE',  ( -1.850000000000000089, 9.000000000000000000, 3.000000000000000000 ) ) ;
#6026 = DIRECTION ( 'NONE',  ( 0.000000000000000000, 0.000000000000000000, -1.000000000000000000 ) ) ;
#6027 = CIRCLE ( 'NONE', #9586, 1.850000000000000089 ) ;
#6028 =( BOUNDED_SURFACE ( )  B_SPLINE_SURFACE ( 3, 3, ( 
 ( #7900, #589, #3153, #8016, #3946, #7214, #3092 ),
 ( #3036, #4648, #6430, #10447, #1450, #4760, #645 ),
 ( #708, #2384, #1395, #3892, #7851, #4002, #10390 ),
 ( #6316, #9668, #2327, #6375, #8655, #9617, #540 ) ),
 .UNSPECIFIED., .F., .T., .T. ) 
 B_SPLINE_SURFACE_WITH_KNOTS ( ( 4, 4 ),
 ( 4, 3, 4 ),
 ( 0.000000000000000000, 1.000000000000000000 ),
 ( 0.000000000000000000, 0.5000000000000000000, 1.000000000000000000 ),
 .UNSPECIFIED. ) 
 GEOMETRIC_REPRESENTATION_ITEM ( )  RATIONAL_B_SPLINE_SURFACE ( (
 ( 1.000000000000000000, 0.3333333333333335369, 0.3333333333333335369, 1.000000000000000000, 0.3333333333333335369, 0.3333333333333335369, 1.000000000000000000),
 ( 0.8047378541243649375, 0.2682459513747884605, 0.2682459513747884605, 0.8047378541243649375, 0.2682459513747884605, 0.2682459513747884605, 0.8047378541243649375),
 ( 0.8047378541243649375, 0.2682459513747884605, 0.2682459513747884605, 0.8047378541243649375, 0.2682459513747884605, 0.2682459513747884605, 0.8047378541243649375),
 ( 1.000000000000000000, 0.3333333333333335369, 0.3333333333333335369, 1.000000000000000000, 0.3333333333333335369, 0.3333333333333335369, 1.000000000000000000) ) ) 
 REPRESENTATION_ITEM ( '' )  SURFACE ( )  );
#6029 = EDGE_LOOP ( 'NONE', ( #10211 ) ) ;
#6030 = CARTESIAN_POINT ( 'NONE',  ( 0.000000000000000000, 0.000000000000000000, 3.000000000000000000 ) ) ;
#6031 = VERTEX_POINT ( 'NONE', #858 ) ;
#6032 = LINE ( 'NONE', #8365, #9193 ) ;
#6033 = CYLINDRICAL_SURFACE ( 'NONE', #5924, 11.50000000000000178 ) ;
#6034 = B_SPLINE_CURVE_WITH_KNOTS ( 'NONE', 6,
 ( #10334, #9567, #5528, #2219, #7956, #8875, #3783, #1513, #2272, #7069, #10497, #4819, #2982, #5589, #8761, #7276, #9724, #8708, #4599, #8820, #6271, #9511, #2167, #1345, #3835, #7118, #4935, #8131, #768, #8181, #5788, #5096, #5688, #3311, #820, #9137, #3358, #2436, #8285, #9032, #8330, #6591, #66, #8929, #4119, #6646, #10554, #1777, #926, #2486, #5047, #4985, #1618, #7331, #9879, #13, #975 ),
 .UNSPECIFIED., .F., .F.,
 ( 7, 5, 5, 5, 5, 5, 5, 5, 5, 5, 5, 7 ),
 ( 0.000000000000000000, 0.1467757391789999977, 0.2274659046470000057, 0.2897111837789999589, 0.3442858574509999880, 0.3834066126719999912, 0.4999870081020000301, 0.6556920937060000121, 0.7069201968389999813, 0.7713531106650000080, 0.8532151990559999621, 1.000000000000000000 ),
 .UNSPECIFIED. ) ;
#6035 = EDGE_LOOP ( 'NONE', ( #4515, #4857, #1567, #9 ) ) ;
#6036 = VECTOR ( 'NONE', #859, 1000.000000000000000 ) ;
#6037 = EDGE_LOOP ( 'NONE', ( #3751, #4545, #5912, #4190 ) ) ;
#6038 = DIRECTION ( 'NONE',  ( 0.000000000000000000, 0.000000000000000000, -1.000000000000000000 ) ) ;
#6039 = CARTESIAN_POINT ( 'NONE',  ( -10.37096205701551277, 4.969337435723043761, -12.63818859959202356 ) ) ;
#6040 = DIRECTION ( 'NONE',  ( -0.7071067811865415775, -0.7071067811865535679, -4.499999999999990292E-16 ) ) ;
#6041 = LINE ( 'NONE', #7877, #8636 ) ;
#6042 = CARTESIAN_POINT ( 'NONE',  ( 0.000000000000000000, 0.000000000000000000, 5.000000000000000000 ) ) ;
#6043 = DIRECTION ( 'NONE',  ( 1.000000000000000000, 0.000000000000000000, 0.000000000000000000 ) ) ;
#6044 = AXIS2_PLACEMENT_3D ( 'NONE', #6347, #2957, #563 ) ;
#6045 = ADVANCED_FACE ( 'NONE', ( #4154, #2524 ), #5830, .T. ) ;
#6046 = VECTOR ( 'NONE', #6233, 1000.000000000000000 ) ;
#6047 = LINE ( 'NONE', #8533, #3078 ) ;
#6048 = DIRECTION ( 'NONE',  ( -0.7071067811865522357, 0.7071067811865426878, 4.956352788505162282E-16 ) ) ;
#6049 = CARTESIAN_POINT ( 'NONE',  ( -6.000000000000000000, 3.200000000000000178, 7.000000000000000000 ) ) ;
#6050 = EDGE_CURVE ( 'NONE', #7890, #7890, #2133, .T. ) ;
#6051 = ORIENTED_EDGE ( 'NONE', *, *, #6631, .F. ) ;
#6052 = EDGE_CURVE ( 'NONE', #9519, #4527, #5079, .T. ) ;
#6053 = VERTEX_POINT ( 'NONE', #5284 ) ;
#6054 = CARTESIAN_POINT ( 'NONE',  ( 3.835190596228308824, 9.452826169803932643, -10.83041375984699073 ) ) ;
#6055 = CIRCLE ( 'NONE', #3793, 1.100000000000000089 ) ;
#6056 = CARTESIAN_POINT ( 'NONE',  ( 0.000000000000000000, 0.000000000000000000, 4.799999999999999822 ) ) ;
#6057 = DIRECTION ( 'NONE',  ( 0.000000000000000000, 0.000000000000000000, -1.000000000000000000 ) ) ;
#6058 = EDGE_CURVE ( 'NONE', #6063, #1577, #3543, .T. ) ;
#6059 = VERTEX_POINT ( 'NONE', #5955 ) ;
#6060 = CARTESIAN_POINT ( 'NONE',  ( 5.468928609219219972, -8.610015382199813772, -11.60483669025799358 ) ) ;
#6061 = DIRECTION ( 'NONE',  ( 0.7071067811865535679, -0.7071067811865415775, -2.689493761204351931E-16 ) ) ;
#6062 = DIRECTION ( 'NONE',  ( 1.000000000000000000, 0.000000000000000000, 0.000000000000000000 ) ) ;
#6063 = VERTEX_POINT ( 'NONE', #10059 ) ;
#6064 = CIRCLE ( 'NONE', #4158, 2.449999999999999734 ) ;
#6065 = DIRECTION ( 'NONE',  ( -2.405628631302114965E-16, -1.000000000000000000, 0.000000000000000000 ) ) ;
#6066 = CARTESIAN_POINT ( 'NONE',  ( -4.894341174472572220, 10.40651886102002699, -12.85420397048801000 ) ) ;
#6067 = DIRECTION ( 'NONE',  ( 8.493206138382439646E-15, -1.000000000000000000, -1.084213562372656028E-15 ) ) ;
#6068 = AXIS2_PLACEMENT_3D ( 'NONE', #7655, #2000, #1346 ) ;
#6069 = EDGE_CURVE ( 'NONE', #304, #382, #3511, .T. ) ;
#6070 = DIRECTION ( 'NONE',  ( 0.000000000000000000, 0.000000000000000000, 1.000000000000000000 ) ) ;
#6071 = DIRECTION ( 'NONE',  ( -0.7071067811865522357, 0.7071067811865427988, -1.810146235801885321E-15 ) ) ;
#6072 = EDGE_LOOP ( 'NONE', ( #7459, #3484 ) ) ;
#6073 = CARTESIAN_POINT ( 'NONE',  ( -1.050000000001055867, -9.000000000000000000, 0.9999999999999991118 ) ) ;
#6074 = ORIENTED_EDGE ( 'NONE', *, *, #4300, .F. ) ;
#6075 = VECTOR ( 'NONE', #5113, 1000.000000000000000 ) ;
#6076 = CARTESIAN_POINT ( 'NONE',  ( -3.730620869030223022E-15, -7.165894629054416223E-15, -10.00000000000000178 ) ) ;
#6077 = LINE ( 'NONE', #10046, #7857 ) ;
#6078 = DIRECTION ( 'NONE',  ( -3.314630665193026239E-15, -4.613195463431609751E-16, 1.000000000000000000 ) ) ;
#6079 = PLANE ( 'NONE',  #4395 ) ;
#6080 = CARTESIAN_POINT ( 'NONE',  ( -1.750786205429736800E-15, -1.422005728670131962E-15, -24.41324865405200129 ) ) ;
#6081 = ADVANCED_FACE ( 'NONE', ( #8524 ), #570, .T. ) ;
#6082 = FACE_BOUND ( 'NONE', #244, .T. ) ;
#6083 = AXIS2_PLACEMENT_3D ( 'NONE', #10386, #1611, #3252 ) ;
#6084 = VERTEX_POINT ( 'NONE', #5334 ) ;
#6085 = CARTESIAN_POINT ( 'NONE',  ( 9.127281619482555897, 4.553502990262097150, -13.36902696267497781 ) ) ;
#6086 = CARTESIAN_POINT ( 'NONE',  ( 9.000000000000000000, 9.427005074995329055E-14, 0.000000000000000000 ) ) ;
#6087 = DIRECTION ( 'NONE',  ( 1.000000000000000000, 0.000000000000000000, 0.000000000000000000 ) ) ;
#6088 = CARTESIAN_POINT ( 'NONE',  ( -10.86979445980283643, 3.758580748812359040, -10.81351120126002741 ) ) ;
#6089 = AXIS2_PLACEMENT_3D ( 'NONE', #238, #989, #1034 ) ;
#6090 = CARTESIAN_POINT ( 'NONE',  ( 9.757584728041631905, -6.086011853002031735, -24.41324865405197997 ) ) ;
#6091 = CARTESIAN_POINT ( 'NONE',  ( 5.824821486132607973, 4.767439941463637254, -26.70701141861998451 ) ) ;
#6092 = CARTESIAN_POINT ( 'NONE',  ( 7.014059722449578871, -5.953399550669656648, -23.89363341178098921 ) ) ;
#6093 = ORIENTED_EDGE ( 'NONE', *, *, #7275, .F. ) ;
#6094 = PERSON_AND_ORGANIZATION_ROLE ( 'design_owner' ) ;
#6095 = DIRECTION ( 'NONE',  ( 2.570199607661032450E-15, 1.050187112014102446E-15, -1.000000000000000000 ) ) ;
#6096 = DIRECTION ( 'NONE',  ( 1.000000000000000000, 0.000000000000000000, 0.000000000000000000 ) ) ;
#6097 = AXIS2_PLACEMENT_3D ( 'NONE', #1590, #4094, #4910 ) ;
#6098 = ORIENTED_EDGE ( 'NONE', *, *, #9845, .T. ) ;
#6099 = EDGE_LOOP ( 'NONE', ( #4146, #8132 ) ) ;
#6100 = CARTESIAN_POINT ( 'NONE',  ( 4.730792358877690340, 9.037594106339199129, -11.42383843082398265 ) ) ;
#6101 = CARTESIAN_POINT ( 'NONE',  ( 9.534572274071233977, -6.429924979578806266, -11.57870165452898270 ) ) ;
#6102 = LINE ( 'NONE', #4323, #1924 ) ;
#6103 = DIRECTION ( 'NONE',  ( -0.7071067811865522357, 0.7071067811865429098, -1.885568995626963942E-15 ) ) ;
#6104 = EDGE_CURVE ( 'NONE', #9376, #5072, #358, .T. ) ;
#6105 = VECTOR ( 'NONE', #2793, 1000.000000000000000 ) ;
#6106 = VERTEX_POINT ( 'NONE', #9338 ) ;
#6107 = DIRECTION ( 'NONE',  ( 2.798653991640296920E-15, 1.853366249669548498E-16, -1.000000000000000000 ) ) ;
#6108 = CARTESIAN_POINT ( 'NONE',  ( 0.000000000000000000, 9.000000000000000000, -9.200000000000006395 ) ) ;
#6109 = CYLINDRICAL_SURFACE ( 'NONE', #6522, 1.050000000000000044 ) ;
#6110 = ORIENTED_EDGE ( 'NONE', *, *, #10434, .T. ) ;
#6111 = AXIS2_PLACEMENT_3D ( 'NONE', #409, #6291, #9584 ) ;
#6112 = EDGE_CURVE ( 'NONE', #3185, #7191, #2626, .T. ) ;
#6113 = CARTESIAN_POINT ( 'NONE',  ( -2.050609665440958462, -6.151828996322983301, -19.50000000000001066 ) ) ;
#6114 = CARTESIAN_POINT ( 'NONE',  ( 5.000273327022781267, -8.890290552217901876, -12.28171833057699125 ) ) ;
#6115 = CARTESIAN_POINT ( 'NONE',  ( -3.552874836474382217E-15, -6.834523779155948594E-15, -10.80000000000000071 ) ) ;
#6116 = DIRECTION ( 'NONE',  ( -3.304235192336775117E-15, 1.000000000000000000, 0.000000000000000000 ) ) ;
#6117 = ORIENTED_EDGE ( 'NONE', *, *, #1962, .F. ) ;
#6118 = DIRECTION ( 'NONE',  ( -1.000000000000000000, -8.493206138382439646E-15, -2.614213562372974149E-15 ) ) ;
#6119 = ORIENTED_EDGE ( 'NONE', *, *, #5662, .T. ) ;
#6120 = CARTESIAN_POINT ( 'NONE',  ( -5.456632533263108265, -4.596011983108331478, -26.93381371779401690 ) ) ;
#6121 = EDGE_CURVE ( 'NONE', #511, #6450, #929, .T. ) ;
#6122 = ORIENTED_EDGE ( 'NONE', *, *, #9577, .T. ) ;
#6123 = CARTESIAN_POINT ( 'NONE',  ( 5.563961030679039688, 6.363961030679200270, 5.000000000000000000 ) ) ;
#6124 = DIRECTION ( 'NONE',  ( 9.222182540694862447E-16, 1.808683245815331768E-16, -1.000000000000000000 ) ) ;
#6125 = DIRECTION ( 'NONE',  ( -3.130185029406269949E-15, -4.902016902688744135E-16, 1.000000000000000000 ) ) ;
#6126 = AXIS2_PLACEMENT_3D ( 'NONE', #4092, #7457, #10474 ) ;
#6127 = CARTESIAN_POINT ( 'NONE',  ( 0.05000000000000080075, -3.200000000000000178, 7.700000000000000178 ) ) ;
#6128 = DIRECTION ( 'NONE',  ( 1.226274169979697426E-15, 6.546298679765224479E-16, -1.000000000000000000 ) ) ;
#6129 = DIRECTION ( 'NONE',  ( -3.304235192336775117E-15, 1.000000000000000000, 0.000000000000000000 ) ) ;
#6130 = CARTESIAN_POINT ( 'NONE',  ( 6.914949359528296924, -9.189418128224259519, -13.29999998935499050 ) ) ;
#6131 = ADVANCED_FACE ( 'NONE', ( #6775 ), #1264, .F. ) ;
#6132 = ORIENTED_EDGE ( 'NONE', *, *, #1623, .T. ) ;
#6133 = ORIENTED_EDGE ( 'NONE', *, *, #5133, .T. ) ;
#6134 = CARTESIAN_POINT ( 'NONE',  ( 10.38566075881060691, -4.938698365007815561, -12.74850674668097916 ) ) ;
#6135 = VECTOR ( 'NONE', #2026, 1000.000000000000000 ) ;
#6136 = CYLINDRICAL_SURFACE ( 'NONE', #6986, 1.850000000000000089 ) ;
#6137 = DIRECTION ( 'NONE',  ( 0.7071067811865535679, -0.7071067811865415775, 1.084213562373107059E-15 ) ) ;
#6138 = CARTESIAN_POINT ( 'NONE',  ( -9.037594106339243538, 4.730792358877723203, -11.42383843082402173 ) ) ;
#6139 = EDGE_CURVE ( 'NONE', #1266, #6609, #2728, .T. ) ;
#6140 = ORIENTED_EDGE ( 'NONE', *, *, #846, .F. ) ;
#6141 = ADVANCED_FACE ( 'NONE', ( #4468 ), #242, .F. ) ;
#6142 = ORIENTED_EDGE ( 'NONE', *, *, #1638, .T. ) ;
#6143 = DIRECTION ( 'NONE',  ( 0.9999954816267412339, -0.003006114785194150419, 0.000000000000000000 ) ) ;
#6144 = CARTESIAN_POINT ( 'NONE',  ( -10.55127468166259597, 4.574074773964230900, -13.34827752717902527 ) ) ;
#6145 = AXIS2_PLACEMENT_3D ( 'NONE', #1051, #5883, #10101 ) ;
#6146 = DIRECTION ( 'NONE',  ( 0.000000000000000000, 0.000000000000000000, 1.000000000000000000 ) ) ;
#6147 = CARTESIAN_POINT ( 'NONE',  ( -9.000000000000000000, 1.049999999999970068, 0.000000000000000000 ) ) ;
#6148 = ADVANCED_FACE ( 'NONE', ( #154 ), #3448, .F. ) ;
#6149 = ORIENTED_EDGE ( 'NONE', *, *, #8322, .T. ) ;
#6150 = COORDINATED_UNIVERSAL_TIME_OFFSET ( 6, 0, .BEHIND. ) ;
#6151 = CARTESIAN_POINT ( 'NONE',  ( 0.05000000000000060646, -2.144222209522359979, 7.700000000000000178 ) ) ;
#6152 = DIRECTION ( 'NONE',  ( 2.258650070512058801E-15, 4.142135623731050469E-16, -1.000000000000000000 ) ) ;
#6153 = EDGE_LOOP ( 'NONE', ( #5825 ) ) ;
#6154 = VECTOR ( 'NONE', #5865, 1000.000000000000000 ) ;
#6155 = ORIENTED_EDGE ( 'NONE', *, *, #3213, .T. ) ;
#6156 = CARTESIAN_POINT ( 'NONE',  ( -3.181980515339486448, 3.181980515339441595, -27.10000000000000497 ) ) ;
#6157 = CARTESIAN_POINT ( 'NONE',  ( 10.40169708267871229, 4.904570347084004744, -12.82726575090197585 ) ) ;
#6158 = CARTESIAN_POINT ( 'NONE',  ( 6.363961030679580411, -6.363961030678660258, 1.000000000000000000 ) ) ;
#6159 = FACE_OUTER_BOUND ( 'NONE', #759, .T. ) ;
#6160 = CARTESIAN_POINT ( 'NONE',  ( -2.332304605486776872, 1.723471852751108813, -9.400000000000005684 ) ) ;
#6161 = CARTESIAN_POINT ( 'NONE',  ( 5.899470213288047660, -8.321938470554041345, -13.28628685537899123 ) ) ;
#6162 = AXIS2_PLACEMENT_3D ( 'NONE', #1940, #8491, #7703 ) ;
#6163 = CIRCLE ( 'NONE', #4088, 0.7499999999999997780 ) ;
#6164 = DIRECTION ( 'NONE',  ( 0.000000000000000000, 0.000000000000000000, 1.000000000000000000 ) ) ;
#6165 = CARTESIAN_POINT ( 'NONE',  ( 7.949999999999328715, -2.557954394748249714E-13, -9.200000000000002842 ) ) ;
#6166 = VERTEX_POINT ( 'NONE', #1921 ) ;
#6167 = EDGE_CURVE ( 'NONE', #9706, #3516, #5939, .T. ) ;
#6168 = CYLINDRICAL_SURFACE ( 'NONE', #7005, 1.000000000000000000 ) ;
#6169 = CARTESIAN_POINT ( 'NONE',  ( 6.363961030679580411, -6.363961030678660258, 1.000000000000000000 ) ) ;
#6170 = AXIS2_PLACEMENT_3D ( 'NONE', #2746, #3772, #10073 ) ;
#6171 = AXIS2_PLACEMENT_3D ( 'NONE', #2751, #5424, #5305 ) ;
#6172 = DIRECTION ( 'NONE',  ( 1.000000000000000000, 0.000000000000000000, 0.000000000000000000 ) ) ;
#6173 = CARTESIAN_POINT ( 'NONE',  ( 3.941344716135991799, -9.408812918886845011, -10.85983109863699525 ) ) ;
#6174 = FACE_OUTER_BOUND ( 'NONE', #7472, .T. ) ;
#6175 = CYLINDRICAL_SURFACE ( 'NONE', #8930, 0.7999999999999996003 ) ;
#6176 = ADVANCED_FACE ( 'NONE', ( #5236 ), #9162, .F. ) ;
#6177 = ORIENTED_EDGE ( 'NONE', *, *, #8249, .T. ) ;
#6178 = CONICAL_SURFACE ( 'NONE', #9562, 6.250000000000000888, 0.7853981633974503884 ) ;
#6179 = CARTESIAN_POINT ( 'NONE',  ( -4.291558287229187307, 9.253521240151631133, -11.02356938523900709 ) ) ;
#6180 = ORIENTED_EDGE ( 'NONE', *, *, #7626, .F. ) ;
#6181 = EDGE_CURVE ( 'NONE', #4330, #8306, #7963, .T. ) ;
#6182 = CARTESIAN_POINT ( 'NONE',  ( -1.414213562372345301, -5.085786437626834022, -27.30000000000001137 ) ) ;
#6183 = DIRECTION ( 'NONE',  ( 0.000000000000000000, 1.000000000000000000, 0.000000000000000000 ) ) ;
#6184 = ORIENTED_EDGE ( 'NONE', *, *, #7013, .T. ) ;
#6185 = B_SPLINE_CURVE_WITH_KNOTS ( 'NONE', 6,
 ( #8087, #3845, #1463, #7290, #2397, #3111, #4773, #5491, #2997, #2179, #8887, #8941, #8723, #7916, #8777, #604, #10460, #9684, #780, #7540, #7388, #4074, #9939, #5057, #2604, #3267, #6554, #185, #5753, #7443, #8992, #9042, #9980, #5917, #8241, #885, #1788, #8347, #988, #5373, #1948, #8502, #1079, #234, #10132, #10084, #7807, #10033, #9352, #7018, #7651, #2813, #2757, #2930, #5156, #1033, #5312 ),
 .UNSPECIFIED., .F., .F.,
 ( 7, 5, 5, 5, 5, 5, 5, 5, 5, 5, 5, 7 ),
 ( 0.000000000000000000, 0.1467757587100000094, 0.2274659349050000001, 0.2897112223119999719, 0.3442859032389999907, 0.3834066636609999579, 0.4999870745899999691, 0.6556921808949999209, 0.7069202908380000094, 0.7713532132290000787, 0.8532153409160000423, 1.000000000000000000 ),
 .UNSPECIFIED. ) ;
#6186 = DIRECTION ( 'NONE',  ( 0.000000000000000000, -1.000000000000000000, 0.000000000000000000 ) ) ;
#6187 = VECTOR ( 'NONE', #1619, 1000.000000000000114 ) ;
#6188 = DIRECTION ( 'NONE',  ( -5.515513431922667745E-16, -8.484475987562882567E-17, 1.000000000000000000 ) ) ;
#6189 = ORIENTED_EDGE ( 'NONE', *, *, #3151, .F. ) ;
#6190 = EDGE_CURVE ( 'NONE', #9034, #7336, #1951, .T. ) ;
#6191 = VERTEX_POINT ( 'NONE', #311 ) ;
#6192 = CARTESIAN_POINT ( 'NONE',  ( 10.40498319921355908, -4.897904712471212285, -12.85608374219897954 ) ) ;
#6193 = CARTESIAN_POINT ( 'NONE',  ( -0.7071067811865725528, 0.7071067811865381358, -19.54142135623731846 ) ) ;
#6194 = VERTEX_POINT ( 'NONE', #10002 ) ;
#6195 = EDGE_LOOP ( 'NONE', ( #2332, #8234, #9705, #9867 ) ) ;
#6196 = CARTESIAN_POINT ( 'NONE',  ( -2.379416067773290067, 1.758285178163981444, -9.400000000000005684 ) ) ;
#6197 = CYLINDRICAL_SURFACE ( 'NONE', #8198, 10.20000000000000284 ) ;
#6198 = CIRCLE ( 'NONE', #1525, 11.50000000000000000 ) ;
#6199 = FACE_OUTER_BOUND ( 'NONE', #1428, .T. ) ;
#6200 = EDGE_LOOP ( 'NONE', ( #7404, #6560, #6837, #2095 ) ) ;
#6201 = EDGE_CURVE ( 'NONE', #3250, #7590, #10105, .T. ) ;
#6202 = DIRECTION ( 'NONE',  ( 0.000000000000000000, 0.000000000000000000, -1.000000000000000000 ) ) ;
#6203 = ORIENTED_EDGE ( 'NONE', *, *, #10005, .F. ) ;
#6204 = LINE ( 'NONE', #4430, #1508 ) ;
#6205 = ORIENTED_EDGE ( 'NONE', *, *, #1486, .F. ) ;
#6206 = LINE ( 'NONE', #9957, #4421 ) ;
#6207 = ORIENTED_EDGE ( 'NONE', *, *, #8720, .F. ) ;
#6208 = CARTESIAN_POINT ( 'NONE',  ( 4.823589429657998195, 8.988313468612142643, -13.03821600445398587 ) ) ;
#6209 = DIRECTION ( 'NONE',  ( -1.000000000000000000, 0.000000000000000000, 0.000000000000000000 ) ) ;
#6210 = CONICAL_SURFACE ( 'NONE', #7, 10.80000000000000071, 0.7853981633974610466 ) ;
#6211 = CARTESIAN_POINT ( 'NONE',  ( -10.36445747605909595, -4.982809172819312238, -12.55351970368102954 ) ) ;
#6212 = CARTESIAN_POINT ( 'NONE',  ( 2.121320343559656596, -2.121320343559632615, -8.599999999999999645 ) ) ;
#6213 = CARTESIAN_POINT ( 'NONE',  ( 5.814156378576589290, -8.381784971279843788, -13.25927278530899223 ) ) ;
#6214 = CARTESIAN_POINT ( 'NONE',  ( -1.050000000000000044, 9.000000000000000000, 1.000000000000000000 ) ) ;
#6215 =( BOUNDED_CURVE ( )  B_SPLINE_CURVE ( 2, ( #1954, #6974, #7717 ),
 .UNSPECIFIED., .F., .F. ) 
 B_SPLINE_CURVE_WITH_KNOTS ( ( 3, 3 ),
 ( 0.000000000000000000, 1.000000000000000000 ),
 .UNSPECIFIED. ) 
 CURVE ( )  GEOMETRIC_REPRESENTATION_ITEM ( )  RATIONAL_B_SPLINE_CURVE ( ( 1.000000000000000000, 1.004414555897356065, 1.000000000000000000 ) ) 
 REPRESENTATION_ITEM ( '' )  );
#6216 = CARTESIAN_POINT ( 'NONE',  ( -4.079041866330039773E-15, -7.828636328851359370E-15, -8.400000000000000355 ) ) ;
#6217 = AXIS2_PLACEMENT_3D ( 'NONE', #7161, #10288, #6480 ) ;
#6218 = CARTESIAN_POINT ( 'NONE',  ( -1.250000000001051825, -9.000000000000000000, 0.9999999999999991118 ) ) ;
#6219 = DIRECTION ( 'NONE',  ( -3.491483361109385222E-15, 1.000000000000000000, 0.000000000000000000 ) ) ;
#6220 = DIRECTION ( 'NONE',  ( -0.7071067811865522357, 0.7071067811865429098, -1.885568995626963942E-15 ) ) ;
#6221 = CARTESIAN_POINT ( 'NONE',  ( 0.000000000000000000, 0.000000000000000000, 0.9999999999999991118 ) ) ;
#6222 = CARTESIAN_POINT ( 'NONE',  ( 5.551115123125782702E-14, -6.500000000000625278, -27.30000000000000782 ) ) ;
#6223 = DIRECTION ( 'NONE',  ( -0.7071067811865535679, 0.7071067811865415775, 3.401418580346680326E-16 ) ) ;
#6224 = CARTESIAN_POINT ( 'NONE',  ( 0.000000000000000000, 0.000000000000000000, 5.000000000000000000 ) ) ;
#6225 = CARTESIAN_POINT ( 'NONE',  ( 9.000000000000000000, -1.849999999999905054, 5.000000000000000000 ) ) ;
#6226 = VECTOR ( 'NONE', #3698, 1000.000000000000000 ) ;
#6227 = ORIENTED_EDGE ( 'NONE', *, *, #639, .F. ) ;
#6228 = CARTESIAN_POINT ( 'NONE',  ( -6.086011853008559847, 9.757584728047898892, -27.30000000000001492 ) ) ;
#6229 = ORIENTED_EDGE ( 'NONE', *, *, #4422, .F. ) ;
#6230 = CARTESIAN_POINT ( 'NONE',  ( -5.228467952032856303, -4.594290784877903988, -27.03440639431301662 ) ) ;
#6231 = DIRECTION ( 'NONE',  ( 9.222182540694783561E-16, 1.114249275747775692E-15, -1.000000000000000000 ) ) ;
#6232 = VECTOR ( 'NONE', #10199, 1000.000000000000000 ) ;
#6233 = DIRECTION ( 'NONE',  ( 9.222182540694783561E-16, 1.114249275747775692E-15, -1.000000000000000000 ) ) ;
#6234 = ADVANCED_FACE ( 'NONE', ( #4362, #7618 ), #258, .F. ) ;
#6235 = ORIENTED_EDGE ( 'NONE', *, *, #4156, .T. ) ;
#6236 = ORIENTED_EDGE ( 'NONE', *, *, #9239, .F. ) ;
#6237 = AXIS2_PLACEMENT_3D ( 'NONE', #6056, #5949, #3613 ) ;
#6238 = CARTESIAN_POINT ( 'NONE',  ( -0.7363961030678942699, -2.209188309203690803, -19.50000000000001066 ) ) ;
#6239 = LINE ( 'NONE', #7923, #2161 ) ;
#6240 = CARTESIAN_POINT ( 'NONE',  ( -9.127278213359163672, -4.553509772130320599, -11.23098002329402512 ) ) ;
#6241 = EDGE_LOOP ( 'NONE', ( #5454, #5330, #7038, #3644 ) ) ;
#6242 = DIRECTION ( 'NONE',  ( 2.569777054234141349E-15, 2.586500705120672244E-16, -1.000000000000000000 ) ) ;
#6243 = EDGE_CURVE ( 'NONE', #10511, #8977, #515, .T. ) ;
#6244 = AXIS2_PLACEMENT_3D ( 'NONE', #2204, #7414, #4401 ) ;
#6245 = CARTESIAN_POINT ( 'NONE',  ( 1.850000000000000089, 9.000000000000000000, 5.000000000000000000 ) ) ;
#6246 = ORIENTED_EDGE ( 'NONE', *, *, #2954, .F. ) ;
#6247 = DIRECTION ( 'NONE',  ( -3.110185550058225992E-15, -5.102011696169179760E-16, 1.000000000000000000 ) ) ;
#6248 = CARTESIAN_POINT ( 'NONE',  ( 7.584086097662747328, 8.644746269442705966, -27.29999999999998295 ) ) ;
#6249 = EDGE_LOOP ( 'NONE', ( #9606, #1073, #7190, #40, #6203, #6341, #5868, #8987, #9184, #4683, #7473, #1014, #1432, #5024, #9514, #6785, #5368 ) ) ;
#6250 = LINE ( 'NONE', #3129, #8701 ) ;
#6251 = CARTESIAN_POINT ( 'NONE',  ( 3.237605654302260216, -6.909178529471763142, -24.79999999999999716 ) ) ;
#6252 = ORIENTED_EDGE ( 'NONE', *, *, #6992, .F. ) ;
#6253 = CIRCLE ( 'NONE', #4196, 0.8000000000000003775 ) ;
#6254 = EDGE_CURVE ( 'NONE', #355, #9475, #5449, .T. ) ;
#6255 = VERTEX_POINT ( 'NONE', #9536 ) ;
#6256 = EDGE_CURVE ( 'NONE', #3072, #9738, #79, .T. ) ;
#6257 = DIRECTION ( 'NONE',  ( 0.000000000000000000, 0.000000000000000000, -1.000000000000000000 ) ) ;
#6258 = DIRECTION ( 'NONE',  ( 1.000000000000000000, 0.000000000000000000, 0.000000000000000000 ) ) ;
#6259 = CARTESIAN_POINT ( 'NONE',  ( -10.36109288697326214, -4.989777343365253692, -12.07393291607502839 ) ) ;
#6260 = VERTEX_POINT ( 'NONE', #7150 ) ;
#6261 = CARTESIAN_POINT ( 'NONE',  ( 4.713913591005656656, -4.922667785323020517, -27.11776946302199320 ) ) ;
#6262 = DIRECTION ( 'NONE',  ( -0.7071067811865534569, 0.7071067811865416886, -1.414213562373106900E-15 ) ) ;
#6263 = CARTESIAN_POINT ( 'NONE',  ( 0.000000000000000000, -9.000000000000000000, 3.000000000000000000 ) ) ;
#6264 = ORIENTED_EDGE ( 'NONE', *, *, #3619, .T. ) ;
#6265 = CARTESIAN_POINT ( 'NONE',  ( 6.000000000000000000, -3.605551275463995342, 5.000000000000000000 ) ) ;
#6266 = EDGE_CURVE ( 'NONE', #1780, #839, #10213, .T. ) ;
#6267 = CARTESIAN_POINT ( 'NONE',  ( 0.1499999999999999944, -3.396295565269215277, 7.700000000000000178 ) ) ;
#6268 = VECTOR ( 'NONE', #4435, 1000.000000000000000 ) ;
#6269 = LINE ( 'NONE', #1448, #5171 ) ;
#6270 = CARTESIAN_POINT ( 'NONE',  ( 9.192388155425144092, -7.071067811865403563, -13.29999999999998117 ) ) ;
#6271 = CARTESIAN_POINT ( 'NONE',  ( 4.829212496709405222, -10.43691013647484311, -12.99630200012999381 ) ) ;
#6272 = CLOSED_SHELL ( 'NONE', ( #34, #2439, #1504 ) ) ;
#6273 = ORIENTED_EDGE ( 'NONE', *, *, #8068, .F. ) ;
#6274 = CARTESIAN_POINT ( 'NONE',  ( -1.005584667363598195, -3.395512396590449899, 7.700000000000000178 ) ) ;
#6275 = CARTESIAN_POINT ( 'NONE',  ( -4.191266730398124807, 9.299279270581925161, -10.96751006398100792 ) ) ;
#6276 = AXIS2_PLACEMENT_3D ( 'NONE', #1628, #4944, #8192 ) ;
#6277 = CARTESIAN_POINT ( 'NONE',  ( 0.3843583103501372333, 2.202786573698127803, -12.35857864376269077 ) ) ;
#6278 = ORIENTED_EDGE ( 'NONE', *, *, #3468, .F. ) ;
#6279 = CARTESIAN_POINT ( 'NONE',  ( -1.850000000000000089, -10.77567667446463950, 4.866675785184370717 ) ) ;
#6280 = DIRECTION ( 'NONE',  ( 1.000000000000000000, 0.000000000000000000, 0.000000000000000000 ) ) ;
#6281 = CARTESIAN_POINT ( 'NONE',  ( 0.000000000000000000, 0.000000000000000000, 7.299999999999999822 ) ) ;
#6282 = CARTESIAN_POINT ( 'NONE',  ( 4.883472669562635815, 10.41162660277297292, -11.71904713184498625 ) ) ;
#6283 = CIRCLE ( 'NONE', #2666, 2.000000000000000000 ) ;
#6284 = ORIENTED_EDGE ( 'NONE', *, *, #6908, .F. ) ;
#6285 = CARTESIAN_POINT ( 'NONE',  ( 3.181980515339486004, -3.181980515339441595, -27.29999999999999716 ) ) ;
#6286 = CARTESIAN_POINT ( 'NONE',  ( -10.84331591350174051, 1.849999999999960121, 4.799999999999999822 ) ) ;
#6287 = ORIENTED_EDGE ( 'NONE', *, *, #9261, .T. ) ;
#6288 = CARTESIAN_POINT ( 'NONE',  ( -8.911871283231985075, -4.961876225946463492, -12.70121659404502346 ) ) ;
#6289 = VECTOR ( 'NONE', #6625, 1000.000000000000000 ) ;
#6290 = ORIENTED_EDGE ( 'NONE', *, *, #45, .T. ) ;
#6291 = DIRECTION ( 'NONE',  ( 2.569777054234141349E-15, 2.586500705120672244E-16, -1.000000000000000000 ) ) ;
#6292 = ADVANCED_FACE ( 'NONE', ( #3858, #7041 ), #6893, .F. ) ;
#6293 = FACE_OUTER_BOUND ( 'NONE', #4796, .T. ) ;
#6294 = DIRECTION ( 'NONE',  ( 0.000000000000000000, 0.000000000000000000, 1.000000000000000000 ) ) ;
#6295 = AXIS2_PLACEMENT_3D ( 'NONE', #3775, #2924, #7242 ) ;
#6296 = ORIENTED_EDGE ( 'NONE', *, *, #8246, .T. ) ;
#6297 = ORIENTED_EDGE ( 'NONE', *, *, #7667, .T. ) ;
#6298 = ORIENTED_EDGE ( 'NONE', *, *, #4195, .T. ) ;
#6299 = ORIENTED_EDGE ( 'NONE', *, *, #774, .F. ) ;
#6300 = CARTESIAN_POINT ( 'NONE',  ( 4.242257122733685826, 9.276216409870020385, -13.60550803222698946 ) ) ;
#6301 = AXIS2_PLACEMENT_3D ( 'NONE', #2255, #5569, #9707 ) ;
#6302 = DIRECTION ( 'NONE',  ( -1.000000000000000000, 0.000000000000000000, 0.000000000000000000 ) ) ;
#6303 = CARTESIAN_POINT ( 'NONE',  ( -2.071867419369926491E-15, -1.679663816105752115E-15, -23.89363341178100342 ) ) ;
#6304 = CARTESIAN_POINT ( 'NONE',  ( -0.7071067811866000863, 0.7071067811865242581, -6.600000000000003197 ) ) ;
#6305 = CARTESIAN_POINT ( 'NONE',  ( 4.851528696805502250, -4.767137703045728259, -27.12588195420699222 ) ) ;
#6306 = AXIS2_PLACEMENT_3D ( 'NONE', #4707, #4216, #597 ) ;
#6307 = CARTESIAN_POINT ( 'NONE',  ( -4.586086937588514787E-14, -1.630795882603632919E-14, -6.400000000000003020 ) ) ;
#6308 = EDGE_CURVE ( 'NONE', #5650, #4509, #9744, .T. ) ;
#6309 = ORIENTED_EDGE ( 'NONE', *, *, #3854, .F. ) ;
#6310 = CARTESIAN_POINT ( 'NONE',  ( 13.01076477383256780, -15.27350647362932179, -12.29999999999997762 ) ) ;
#6311 = DIRECTION ( 'NONE',  ( 0.000000000000000000, 0.000000000000000000, 1.000000000000000000 ) ) ;
#6312 = FACE_OUTER_BOUND ( 'NONE', #4606, .T. ) ;
#6313 = AXIS2_PLACEMENT_3D ( 'NONE', #4657, #3691, #2765 ) ;
#6314 = EDGE_CURVE ( 'NONE', #3829, #2677, #842, .T. ) ;
#6315 = CARTESIAN_POINT ( 'NONE',  ( 6.459244218052359663E-15, -1.850000000000000089, 5.000000000000000000 ) ) ;
#6316 = CARTESIAN_POINT ( 'NONE',  ( -0.7071067811865651143, 0.7071067811865399122, -22.40000000000000213 ) ) ;
#6317 = EDGE_CURVE ( 'NONE', #9554, #9554, #577, .T. ) ;
#6318 = DIRECTION ( 'NONE',  ( -0.7071067811865415775, -0.7071067811865535679, -1.927470528863118950E-15 ) ) ;
#6319 = PLANE ( 'NONE',  #9910 ) ;
#6320 = ORIENTED_EDGE ( 'NONE', *, *, #7799, .F. ) ;
#6321 = ADVANCED_FACE ( 'NONE', ( #9000, #6616 ), #9068, .F. ) ;
#6322 = DIRECTION ( 'NONE',  ( -1.000000000000000000, 0.000000000000000000, 0.000000000000000000 ) ) ;
#6323 = CARTESIAN_POINT ( 'NONE',  ( -4.384818667895232558, 9.209545823984894852, -11.08747651403300516 ) ) ;
#6324 = EDGE_LOOP ( 'NONE', ( #4253, #10350, #2688, #2493 ) ) ;
#6325 = AXIS2_PLACEMENT_3D ( 'NONE', #5734, #8005, #3935 ) ;
#6326 = VECTOR ( 'NONE', #5583, 1000.000000000000000 ) ;
#6327 = VERTEX_POINT ( 'NONE', #9054 ) ;
#6328 = CARTESIAN_POINT ( 'NONE',  ( -4.972196530949293702, -4.684030689613392084, -27.10889616804601587 ) ) ;
#6329 = EDGE_LOOP ( 'NONE', ( #9487, #4566, #8732, #4828 ) ) ;
#6330 = CARTESIAN_POINT ( 'NONE',  ( -2.788373029032428409E-15, -5.343354954612831246E-15, -14.40000000000000213 ) ) ;
#6331 = DIRECTION ( 'NONE',  ( 1.000000000000000000, 0.000000000000000000, 0.000000000000000000 ) ) ;
#6332 = CARTESIAN_POINT ( 'NONE',  ( 4.337734361967911845, 10.65081432662663019, -13.54708027406898729 ) ) ;
#6333 = VECTOR ( 'NONE', #10314, 1000.000000000000000 ) ;
#6334 = VECTOR ( 'NONE', #2055, 1000.000000000000000 ) ;
#6335 = DIRECTION ( 'NONE',  ( 0.000000000000000000, 0.000000000000000000, -1.000000000000000000 ) ) ;
#6336 = ORIENTED_EDGE ( 'NONE', *, *, #3176, .F. ) ;
#6337 = DIRECTION ( 'NONE',  ( -0.7071067811865415775, -0.7071067811865536790, -3.469446951953614189E-15 ) ) ;
#6338 = VERTEX_POINT ( 'NONE', #6664 ) ;
#6339 = CARTESIAN_POINT ( 'NONE',  ( -10.64037123412525965, 1.849999999999965228, 5.000000000000000000 ) ) ;
#6340 = CARTESIAN_POINT ( 'NONE',  ( 9.231280351169376175, -4.339082334305185640, -11.05459733344697781 ) ) ;
#6341 = ORIENTED_EDGE ( 'NONE', *, *, #8140, .F. ) ;
#6342 = VERTEX_POINT ( 'NONE', #3177 ) ;
#6343 = ORIENTED_EDGE ( 'NONE', *, *, #7587, .T. ) ;
#6344 = VECTOR ( 'NONE', #5098, 1000.000000000000000 ) ;
#6345 = DIRECTION ( 'NONE',  ( 1.000000000000000000, 0.000000000000000000, 0.000000000000000000 ) ) ;
#6346 = CARTESIAN_POINT ( 'NONE',  ( 10.95445115009783166, 3.499999999994548805, -10.79999999999997229 ) ) ;
#6347 = CARTESIAN_POINT ( 'NONE',  ( -1.139282179206400178E-14, -2.254830370489016622E-14, -13.80000000000000071 ) ) ;
#6348 = VERTEX_POINT ( 'NONE', #5661 ) ;
#6349 = ORIENTED_EDGE ( 'NONE', *, *, #4300, .T. ) ;
#6350 = DIRECTION ( 'NONE',  ( 0.000000000000000000, 0.000000000000000000, -1.000000000000000000 ) ) ;
#6351 = DIRECTION ( 'NONE',  ( 0.000000000000000000, 0.000000000000000000, 1.000000000000000000 ) ) ;
#6352 = ORIENTED_EDGE ( 'NONE', *, *, #7422, .F. ) ;
#6353 = AXIS2_PLACEMENT_3D ( 'NONE', #10095, #8417, #1044 ) ;
#6354 = CARTESIAN_POINT ( 'NONE',  ( -6.086011853008566952, 9.757584728047898892, -24.41324865405201194 ) ) ;
#6355 = CARTESIAN_POINT ( 'NONE',  ( -9.000000000000000000, -3.142335024998445122E-14, 3.000000000000000000 ) ) ;
#6356 = VERTEX_POINT ( 'NONE', #4842 ) ;
#6357 = CYLINDRICAL_SURFACE ( 'NONE', #4517, 1.499999999999999556 ) ;
#6358 = FACE_OUTER_BOUND ( 'NONE', #1702, .T. ) ;
#6359 = CARTESIAN_POINT ( 'NONE',  ( 1.322875655532296024, 1.500000000000000000, 10.00000000000000000 ) ) ;
#6360 = VECTOR ( 'NONE', #8450, 1000.000000000000000 ) ;
#6361 = CARTESIAN_POINT ( 'NONE',  ( 2.262741699796967154, -2.262741699796940953, -8.400000000000000355 ) ) ;
#6363 = EDGE_CURVE ( 'NONE', #10439, #2151, #8993, .T. ) ;
#6362 = CARTESIAN_POINT ( 'NONE',  ( 4.684030689613391196, -4.972196530949292814, -27.10889616804599100 ) ) ;
#6364 = CARTESIAN_POINT ( 'NONE',  ( -7.014059722449601963, 5.953399550669652207, -20.80000000000001492 ) ) ;
#6365 = LINE ( 'NONE', #9660, #7024 ) ;
#6366 = ORIENTED_EDGE ( 'NONE', *, *, #3828, .T. ) ;
#6367 = EDGE_LOOP ( 'NONE', ( #5781, #4077 ) ) ;
#6368 = AXIS2_PLACEMENT_3D ( 'NONE', #10320, #3022, #3077 ) ;
#6369 = LINE ( 'NONE', #9611, #6326 ) ;
#6370 = DIRECTION ( 'NONE',  ( -0.7071067811865535679, 0.7071067811865415775, 3.401418580346680326E-16 ) ) ;
#6371 = EDGE_CURVE ( 'NONE', #8492, #9014, #7915, .T. ) ;
#6372 = DIRECTION ( 'NONE',  ( 1.000000000000000000, 0.000000000000000000, 0.000000000000000000 ) ) ;
#6373 = CARTESIAN_POINT ( 'NONE',  ( 0.1499999999999999944, -3.396295565269215277, 7.700000000000000178 ) ) ;
#6374 = FACE_OUTER_BOUND ( 'NONE', #10315, .T. ) ;
#6375 = CARTESIAN_POINT ( 'NONE',  ( 0.7071067811865413555, -0.7071067811865439090, -22.39999999999999858 ) ) ;
#6376 = CARTESIAN_POINT ( 'NONE',  ( 3.181980515339430937, 3.181980515339490001, -24.79999999999999361 ) ) ;
#6377 = AXIS2_PLACEMENT_3D ( 'NONE', #1373, #6294, #2194 ) ;
#6378 = ORIENTED_EDGE ( 'NONE', *, *, #2597, .T. ) ;
#6379 = DIRECTION ( 'NONE',  ( 0.000000000000000000, 0.000000000000000000, -1.000000000000000000 ) ) ;
#6380 = DIRECTION ( 'NONE',  ( 0.000000000000000000, 0.000000000000000000, 1.000000000000000000 ) ) ;
#6381 = ORIENTED_EDGE ( 'NONE', *, *, #9293, .T. ) ;
#6382 = CARTESIAN_POINT ( 'NONE',  ( -4.766347284997801914, 5.823495158537608241, -26.70800355651101299 ) ) ;
#6383 = CARTESIAN_POINT ( 'NONE',  ( -4.622132939078999136, -5.567930804152257274, -26.87484793749501577 ) ) ;
#6384 = ORIENTED_EDGE ( 'NONE', *, *, #1661, .T. ) ;
#6385 = CARTESIAN_POINT ( 'NONE',  ( 8.381784971278488428, -5.814156378577901130, -13.25927278530998521 ) ) ;
#6386 = EDGE_CURVE ( 'NONE', #487, #5898, #5605, .T. ) ;
#6387 = VECTOR ( 'NONE', #2758, 1000.000000000000000 ) ;
#6388 = ADVANCED_FACE ( 'NONE', ( #7174 ), #7303, .F. ) ;
#6389 = CARTESIAN_POINT ( 'NONE',  ( 7.949999999999328715, -2.557954394748249714E-13, 0.9999999999999991118 ) ) ;
#6390 = CARTESIAN_POINT ( 'NONE',  ( 4.634769000770345926, 10.52478109835670139, -11.31693756749298529 ) ) ;
#6391 = CARTESIAN_POINT ( 'NONE',  ( 4.829422743739669066, 4.787229480397379611, -27.12679491924298603 ) ) ;
#6392 = AXIS2_PLACEMENT_3D ( 'NONE', #3945, #1667, #7478 ) ;
#6393 = DIRECTION ( 'NONE',  ( 0.000000000000000000, 0.000000000000000000, -1.000000000000000000 ) ) ;
#6394 = CARTESIAN_POINT ( 'NONE',  ( 2.000000000000000000, 2.449293598294704935E-16, 7.000000000000000000 ) ) ;
#6395 = ORIENTED_EDGE ( 'NONE', *, *, #7366, .F. ) ;
#6396 = DIRECTION ( 'NONE',  ( 5.293476782032602645E-16, 5.737389004477524518E-16, -1.000000000000000000 ) ) ;
#6397 = VERTEX_POINT ( 'NONE', #8032 ) ;
#6398 = CARTESIAN_POINT ( 'NONE',  ( 8.890520551393212401, -4.999864555443627623, -12.26763379047198299 ) ) ;
#6399 = CARTESIAN_POINT ( 'NONE',  ( -9.172606243505143198, 4.461459410936079450, -13.45210233311402170 ) ) ;
#6400 = EDGE_LOOP ( 'NONE', ( #2558, #6133, #9630, #7141 ) ) ;
#6401 = CIRCLE ( 'NONE', #1388, 4.200000000000000178 ) ;
#6402 = CARTESIAN_POINT ( 'NONE',  ( 2.412728902227613492, -1.782901916639094697, -9.499999999999996447 ) ) ;
#6403 = CARTESIAN_POINT ( 'NONE',  ( 0.000000000000000000, 0.000000000000000000, 1.000000000000000000 ) ) ;
#6404 = ADVANCED_FACE ( 'NONE', ( #3959 ), #7228, .F. ) ;
#6405 = DIRECTION ( 'NONE',  ( 0.000000000000000000, 1.000000000000000000, 0.000000000000000000 ) ) ;
#6406 = DIRECTION ( 'NONE',  ( 0.000000000000000000, 1.000000000000000000, 0.000000000000000000 ) ) ;
#6407 = LINE ( 'NONE', #7306, #2381 ) ;
#6408 = CARTESIAN_POINT ( 'NONE',  ( -1.850000000000000089, 10.70802861563070074, 4.933342624449380764 ) ) ;
#6409 = VERTEX_POINT ( 'NONE', #4288 ) ;
#6410 = ORIENTED_EDGE ( 'NONE', *, *, #10076, .F. ) ;
#6411 = FACE_BOUND ( 'NONE', #2150, .T. ) ;
#6412 = EDGE_LOOP ( 'NONE', ( #7332 ) ) ;
#6413 = DIRECTION ( 'NONE',  ( -3.326058939106194214E-15, -4.498912724299929998E-16, 1.000000000000000000 ) ) ;
#6414 = ORIENTED_EDGE ( 'NONE', *, *, #7908, .F. ) ;
#6415 = CIRCLE ( 'NONE', #8793, 2.399999999999999911 ) ;
#6416 = DIRECTION ( 'NONE',  ( -0.7071067811865532349, 0.7071067811865419106, -1.304213562373105704E-15 ) ) ;
#6417 = FACE_OUTER_BOUND ( 'NONE', #9274, .T. ) ;
#6418 = CARTESIAN_POINT ( 'NONE',  ( -10.53885249847080807, -4.602682622565526849, -13.31872593555402595 ) ) ;
#6419 = CARTESIAN_POINT ( 'NONE',  ( -1.697056274847730251, 1.697056274847696500, -19.30000000000000071 ) ) ;
#6420 = CARTESIAN_POINT ( 'NONE',  ( 4.783271731645615255, -5.842946624173986692, -26.69312412033099235 ) ) ;
#6421 = DIRECTION ( 'NONE',  ( 9.222182540694783561E-16, 1.114249275747775692E-15, -1.000000000000000000 ) ) ;
#6422 = AXIS2_PLACEMENT_3D ( 'NONE', #10393, #8821, #9568 ) ;
#6423 = ORIENTED_EDGE ( 'NONE', *, *, #5266, .T. ) ;
#6424 = CARTESIAN_POINT ( 'NONE',  ( -2.121320343559678356, 2.121320343559621957, -19.60000000000000497 ) ) ;
#6425 = LINE ( 'NONE', #1509, #6923 ) ;
#6426 = EDGE_CURVE ( 'NONE', #2278, #4399, #3696, .T. ) ;
#6427 =( BOUNDED_SURFACE ( )  B_SPLINE_SURFACE ( 3, 3, ( 
 ( #3115, #2137, #555, #10412, #2295, #8728, #3852 ),
 ( #6193, #1259, #7180, #1470, #4563, #4779, #8623 ),
 ( #10260, #668, #7239, #2897, #6238, #9427, #7973 ),
 ( #2085, #7823, #1362, #9531, #7040, #9476, #5445 ) ),
 .UNSPECIFIED., .F., .T., .T. ) 
 B_SPLINE_SURFACE_WITH_KNOTS ( ( 4, 4 ),
 ( 4, 3, 4 ),
 ( 0.000000000000000000, 1.000000000000000000 ),
 ( 0.000000000000000000, 0.5000000000000000000, 1.000000000000000000 ),
 .UNSPECIFIED. ) 
 GEOMETRIC_REPRESENTATION_ITEM ( )  RATIONAL_B_SPLINE_SURFACE ( (
 ( 1.000000000000000000, 0.3333333333333335369, 0.3333333333333335369, 1.000000000000000000, 0.3333333333333335369, 0.3333333333333335369, 1.000000000000000000),
 ( 0.8047378541243649375, 0.2682459513747884605, 0.2682459513747884605, 0.8047378541243649375, 0.2682459513747884605, 0.2682459513747884605, 0.8047378541243649375),
 ( 0.8047378541243649375, 0.2682459513747884605, 0.2682459513747884605, 0.8047378541243649375, 0.2682459513747884605, 0.2682459513747884605, 0.8047378541243649375),
 ( 1.000000000000000000, 0.3333333333333335369, 0.3333333333333335369, 1.000000000000000000, 0.3333333333333335369, 0.3333333333333335369, 1.000000000000000000) ) ) 
 REPRESENTATION_ITEM ( '' )  SURFACE ( )  );
#6428 = CARTESIAN_POINT ( 'NONE',  ( -4.672900428229485037, 10.50788871920356726, -11.36290054706300801 ) ) ;
#6429 = CARTESIAN_POINT ( 'NONE',  ( -0.3824753689750550190, -1.494686291009290180, 7.700000000000000178 ) ) ;
#6430 = CARTESIAN_POINT ( 'NONE',  ( 2.209188309203657052, 0.7363961030679064823, -22.49999999999999645 ) ) ;
#6431 = FACE_BOUND ( 'NONE', #2892, .T. ) ;
#6432 = ADVANCED_FACE ( 'NONE', ( #9092 ), #9786, .F. ) ;
#6433 = DIRECTION ( 'NONE',  ( -0.7071067811865475727, -0.7071067811865475727, 0.000000000000000000 ) ) ;
#6434 = DIRECTION ( 'NONE',  ( 0.000000000000000000, 0.000000000000000000, -1.000000000000000000 ) ) ;
#6435 = ORIENTED_EDGE ( 'NONE', *, *, #9686, .F. ) ;
#6436 = CARTESIAN_POINT ( 'NONE',  ( -0.04999999999999939909, -2.049324200890695113, 7.299999999999999822 ) ) ;
#6437 = AXIS2_PLACEMENT_3D ( 'NONE', #1814, #5083, #2527 ) ;
#6438 = ADVANCED_FACE ( 'NONE', ( #9203 ), #9937, .T. ) ;
#6439 = EDGE_LOOP ( 'NONE', ( #4615, #9560, #5407, #8576 ) ) ;
#6440 = CARTESIAN_POINT ( 'NONE',  ( -4.801020569384722769, 5.861680739932671358, -26.67826349827601007 ) ) ;
#6441 = CYLINDRICAL_SURFACE ( 'NONE', #2695, 2.000000000000000000 ) ;
#6442 = VERTEX_POINT ( 'NONE', #4888 ) ;
#6443 = ORIENTED_EDGE ( 'NONE', *, *, #3823, .F. ) ;
#6444 = ORIENTED_EDGE ( 'NONE', *, *, #386, .F. ) ;
#6445 = CARTESIAN_POINT ( 'NONE',  ( -1.790355085252190415E-14, -4.327886347983254289E-15, -19.60000000000000142 ) ) ;
#6446 = DIRECTION ( 'NONE',  ( 0.000000000000000000, 0.000000000000000000, 1.000000000000000000 ) ) ;
#6447 = CIRCLE ( 'NONE', #8985, 10.20000000000000107 ) ;
#6448 = ORIENTED_EDGE ( 'NONE', *, *, #10301, .F. ) ;
#6449 = CARTESIAN_POINT ( 'NONE',  ( -3.941344673033663870, 9.408812943150493879, -13.74016895604800936 ) ) ;
#6450 = VERTEX_POINT ( 'NONE', #7339 ) ;
#6451 = ADVANCED_FACE ( 'NONE', ( #2498, #4996 ), #6602, .T. ) ;
#6452 = CARTESIAN_POINT ( 'NONE',  ( 8.890608443197045574, -4.999708280297582519, -12.34360311759898288 ) ) ;
#6453 = ORIENTED_EDGE ( 'NONE', *, *, #10527, .T. ) ;
#6454 = CARTESIAN_POINT ( 'NONE',  ( -1.401414213562360853E-14, -2.777586863250122244E-14, -13.30000000000000071 ) ) ;
#6455 = CARTESIAN_POINT ( 'NONE',  ( 0.000000000000000000, 0.000000000000000000, 7.000000000000000000 ) ) ;
#6456 = AXIS2_PLACEMENT_3D ( 'NONE', #285, #10083, #4492 ) ;
#6457 = CARTESIAN_POINT ( 'NONE',  ( 10.47522870117522054, 4.745553208467659267, -13.13684203337897394 ) ) ;
#6458 = DIRECTION ( 'NONE',  ( -1.000000000000000000, 0.000000000000000000, 0.000000000000000000 ) ) ;
#6459 = DIRECTION ( 'NONE',  ( 0.000000000000000000, -1.000000000000000000, 0.000000000000000000 ) ) ;
#6460 = EDGE_CURVE ( 'NONE', #7191, #8800, #6628, .T. ) ;
#6461 = EDGE_CURVE ( 'NONE', #9309, #1672, #9672, .T. ) ;
#6462 = DIRECTION ( 'NONE',  ( -0.7071067811865520136, 0.7071067811865430208, 0.000000000000000000 ) ) ;
#6463 = CIRCLE ( 'NONE', #8835, 1.250000000000546008 ) ;
#6464 = ADVANCED_FACE ( 'NONE', ( #3370 ), #2445, .F. ) ;
#6465 = ORIENTED_EDGE ( 'NONE', *, *, #8825, .F. ) ;
#6466 = EDGE_LOOP ( 'NONE', ( #6142, #7221, #9466, #73, #9145 ) ) ;
#6467 = EDGE_LOOP ( 'NONE', ( #8449, #3635, #6654, #10513 ) ) ;
#6468 = AXIS2_PLACEMENT_3D ( 'NONE', #9085, #1169, #8587 ) ;
#6469 = DIRECTION ( 'NONE',  ( -2.221825406948020410E-16, -4.142135623730877906E-16, 1.000000000000000000 ) ) ;
#6470 = DIRECTION ( 'NONE',  ( 0.000000000000000000, 0.000000000000000000, -1.000000000000000000 ) ) ;
#6471 = VERTEX_POINT ( 'NONE', #5085 ) ;
#6472 = CARTESIAN_POINT ( 'NONE',  ( 9.253527280921703735, 4.291545164743618024, -13.57643835430797630 ) ) ;
#6473 = CARTESIAN_POINT ( 'NONE',  ( 4.584794318313502259, -5.345460545615656756, -26.98698722496899194 ) ) ;
#6474 = FACE_OUTER_BOUND ( 'NONE', #8339, .T. ) ;
#6475 = EDGE_LOOP ( 'NONE', ( #2939, #3326, #4206, #7456 ) ) ;
#6476 = AXIS2_PLACEMENT_3D ( 'NONE', #7495, #10041, #5925 ) ;
#6477 = CARTESIAN_POINT ( 'NONE',  ( 2.121320343559645494, -2.121320343559633947, -19.54142135623730780 ) ) ;
#6478 = PLANE ( 'NONE',  #3768 ) ;
#6479 = DIRECTION ( 'NONE',  ( -0.7071067811865535679, 0.7071067811865415775, 0.000000000000000000 ) ) ;
#6480 = DIRECTION ( 'NONE',  ( -1.000000000000000000, 0.000000000000000000, 0.000000000000000000 ) ) ;
#6481 = EDGE_LOOP ( 'NONE', ( #1537 ) ) ;
#6482 = EDGE_CURVE ( 'NONE', #7446, #442, #10341, .T. ) ;
#6483 = CARTESIAN_POINT ( 'NONE',  ( 0.8042429674091825520, -0.5943006388797020811, -12.30000000000000071 ) ) ;
#6484 = ORIENTED_EDGE ( 'NONE', *, *, #1363, .F. ) ;
#6485 = CARTESIAN_POINT ( 'NONE',  ( -3.856859325635242317E-15, -7.414422766478271481E-15, -9.400000000000002132 ) ) ;
#6486 = EDGE_LOOP ( 'NONE', ( #2199, #4240, #813, #10473 ) ) ;
#6487 = ORIENTED_EDGE ( 'NONE', *, *, #5210, .T. ) ;
#6488 = DIRECTION ( 'NONE',  ( -1.070710678118655561E-15, -8.101933598375615524E-16, 1.000000000000000000 ) ) ;
#6489 = CIRCLE ( 'NONE', #294, 10.80000000000000071 ) ;
#6490 = VERTEX_POINT ( 'NONE', #9838 ) ;
#6491 = DIRECTION ( 'NONE',  ( 0.000000000000000000, 0.000000000000000000, -1.000000000000000000 ) ) ;
#6492 = CARTESIAN_POINT ( 'NONE',  ( 4.999999999998833822, 10.35615758860345359, -12.41304029109198481 ) ) ;
#6493 = EDGE_CURVE ( 'NONE', #6609, #108, #2601, .T. ) ;
#6494 = CARTESIAN_POINT ( 'NONE',  ( -1.153074931050553253, -6.608359721094402062, -12.35857864376269966 ) ) ;
#6495 = EDGE_LOOP ( 'NONE', ( #2226, #81, #8578, #5288 ) ) ;
#6496 = EDGE_CURVE ( 'NONE', #5283, #207, #3321, .T. ) ;
#6497 = DIRECTION ( 'NONE',  ( 0.000000000000000000, 0.000000000000000000, -1.000000000000000000 ) ) ;
#6498 = CIRCLE ( 'NONE', #9894, 10.20000000000000107 ) ;
#6499 = CARTESIAN_POINT ( 'NONE',  ( -4.830679341125463822, 8.984552556677321888, -13.02774379547700967 ) ) ;
#6500 = VERTEX_POINT ( 'NONE', #1787 ) ;
#6501 = VECTOR ( 'NONE', #2009, 1000.000000000000000 ) ;
#6502 = B_SPLINE_CURVE_WITH_KNOTS ( 'NONE', 3,
 ( #6339, #2185, #2947, #6286 ),
 .UNSPECIFIED., .F., .F.,
 ( 4, 4 ),
 ( 0.000000000000000000, 0.0002849325233932035084 ),
 .UNSPECIFIED. ) ;
#6503 = CARTESIAN_POINT ( 'NONE',  ( 5.953399550669647766, 7.014059722449585088, -23.89363341178098565 ) ) ;
#6504 = EDGE_CURVE ( 'NONE', #2496, #4330, #770, .T. ) ;
#6505 = ORIENTED_EDGE ( 'NONE', *, *, #614, .F. ) ;
#6506 = CARTESIAN_POINT ( 'NONE',  ( -4.119458171933469307E-15, -7.745793616376744632E-15, -8.599999999999999645 ) ) ;
#6507 = CARTESIAN_POINT ( 'NONE',  ( 3.629958275073798646, 10.91292885333712981, -10.80000001056798808 ) ) ;
#6508 = LINE ( 'NONE', #4192, #5831 ) ;
#6509 = VECTOR ( 'NONE', #6832, 1000.000000000000000 ) ;
#6510 = CARTESIAN_POINT ( 'NONE',  ( 10.51126777100458476, 4.665286445081850530, -13.24641988505897494 ) ) ;
#6511 = AXIS2_PLACEMENT_3D ( 'NONE', #7184, #7827, #9585 ) ;
#6512 = EDGE_CURVE ( 'NONE', #6450, #495, #4219, .T. ) ;
#6513 = DIRECTION ( 'NONE',  ( -0.7071067811703433126, 0.7071067812027518329, -1.514213562327257365E-15 ) ) ;
#6514 = DIRECTION ( 'NONE',  ( 0.7071067811865475727, 0.7071067811865475727, 0.000000000000000000 ) ) ;
#6515 = DIRECTION ( 'NONE',  ( 0.000000000000000000, 0.000000000000000000, 1.000000000000000000 ) ) ;
#6516 = ORIENTED_EDGE ( 'NONE', *, *, #10515, .T. ) ;
#6517 = VERTEX_POINT ( 'NONE', #933 ) ;
#6518 = CARTESIAN_POINT ( 'NONE',  ( 10.38365893413481267, -4.942734678346816679, -11.88064204848697791 ) ) ;
#6519 = DIRECTION ( 'NONE',  ( 1.000000000000000000, 0.000000000000000000, 0.000000000000000000 ) ) ;
#6520 = ORIENTED_EDGE ( 'NONE', *, *, #5353, .T. ) ;
#6521 = DIRECTION ( 'NONE',  ( 0.7071067811865480168, 0.7071067811865470176, 0.000000000000000000 ) ) ;
#6522 = AXIS2_PLACEMENT_3D ( 'NONE', #9344, #1183, #3726 ) ;
#6523 = AXIS2_PLACEMENT_3D ( 'NONE', #6330, #7677, #6040 ) ;
#6524 = EDGE_LOOP ( 'NONE', ( #4709, #5065, #9928, #1574 ) ) ;
#6525 = FACE_OUTER_BOUND ( 'NONE', #1038, .T. ) ;
#6526 = VERTEX_POINT ( 'NONE', #4072 ) ;
#6527 = DIRECTION ( 'NONE',  ( 2.125719726989808752E-15, 7.641725698951858081E-16, -1.000000000000000000 ) ) ;
#6528 = EDGE_CURVE ( 'NONE', #2297, #5714, #10166, .T. ) ;
#6529 = ADVANCED_FACE ( 'NONE', ( #831 ), #4237, .F. ) ;
#6530 = CARTESIAN_POINT ( 'NONE',  ( -10.95445115010356929, -3.500000000000218492, -10.80000000000002913 ) ) ;
#6531 = VERTEX_POINT ( 'NONE', #3298 ) ;
#6532 = AXIS2_PLACEMENT_3D ( 'NONE', #3794, #10402, #7125 ) ;
#6533 = CYLINDRICAL_SURFACE ( 'NONE', #6325, 2.449999999999999734 ) ;
#6534 = ORIENTED_EDGE ( 'NONE', *, *, #1491, .F. ) ;
#6535 = ORIENTED_EDGE ( 'NONE', *, *, #4205, .T. ) ;
#6536 = EDGE_LOOP ( 'NONE', ( #3367 ) ) ;
#6537 = VECTOR ( 'NONE', #2119, 1000.000000000000000 ) ;
#6538 = EDGE_CURVE ( 'NONE', #8210, #7995, #3451, .T. ) ;
#6539 = LINE ( 'NONE', #3201, #664 ) ;
#6540 = DIRECTION ( 'NONE',  ( 0.000000000000000000, 0.000000000000000000, -1.000000000000000000 ) ) ;
#6541 = CARTESIAN_POINT ( 'NONE',  ( 0.000000000000000000, 0.000000000000000000, -2.200000000000000178 ) ) ;
#6542 = DIRECTION ( 'NONE',  ( 0.000000000000000000, -1.000000000000000000, 0.000000000000000000 ) ) ;
#6543 = ORIENTED_EDGE ( 'NONE', *, *, #2344, .F. ) ;
#6544 = CARTESIAN_POINT ( 'NONE',  ( 0.000000000000000000, 0.000000000000000000, 31.69999999999999929 ) ) ;
#6545 = CIRCLE ( 'NONE', #3109, 11.50000000000000178 ) ;
#6546 = CARTESIAN_POINT ( 'NONE',  ( -4.584773705439392444, -5.346093550878742384, -26.98671797492601598 ) ) ;
#6547 = ORIENTED_EDGE ( 'NONE', *, *, #3306, .T. ) ;
#6548 = CARTESIAN_POINT ( 'NONE',  ( 8.321938470552687761, -5.899470213289359499, -13.28628685537898413 ) ) ;
#6549 = CARTESIAN_POINT ( 'NONE',  ( -3.613257764340294997, -9.539334752914054860, -13.79999999129001509 ) ) ;
#6550 = CARTESIAN_POINT ( 'NONE',  ( -2.071867419369926491E-15, -1.679663816105752115E-15, -23.89363341178100342 ) ) ;
#6551 = CLOSED_SHELL ( 'NONE', ( #1956, #3926, #5071 ) ) ;
#6552 = CIRCLE ( 'NONE', #6377, 0.1000000000000000056 ) ;
#6553 = VECTOR ( 'NONE', #7031, 1000.000000000000000 ) ;
#6554 = CARTESIAN_POINT ( 'NONE',  ( -4.942734678348261745, -10.38365893413627106, -11.88064204848701699 ) ) ;
#6555 = CARTESIAN_POINT ( 'NONE',  ( -1.790355085252190415E-14, -4.327886347983254289E-15, -19.60000000000000142 ) ) ;
#6556 = DIRECTION ( 'NONE',  ( -1.000000000000000000, 0.000000000000000000, 0.000000000000000000 ) ) ;
#6557 = ORIENTED_EDGE ( 'NONE', *, *, #6121, .T. ) ;
#6558 = CARTESIAN_POINT ( 'NONE',  ( -10.25000000000044054, 2.548463382054855279E-13, 0.9999999999999991118 ) ) ;
#6559 =( BOUNDED_CURVE ( )  B_SPLINE_CURVE ( 2, ( #809, #2, #1715 ),
 .UNSPECIFIED., .F., .F. ) 
 B_SPLINE_CURVE_WITH_KNOTS ( ( 3, 3 ),
 ( 0.000000000000000000, 1.000000000000000000 ),
 .UNSPECIFIED. ) 
 CURVE ( )  GEOMETRIC_REPRESENTATION_ITEM ( )  RATIONAL_B_SPLINE_CURVE ( ( 1.000000000000000000, 1.004847937625158005, 1.000000000000000000 ) ) 
 REPRESENTATION_ITEM ( '' )  );
#6560 = ORIENTED_EDGE ( 'NONE', *, *, #10359, .T. ) ;
#6561 = CARTESIAN_POINT ( 'NONE',  ( -0.3843583103502132836, -2.202786573698142458, -9.441421356237317042 ) ) ;
#6562 = CYLINDRICAL_SURFACE ( 'NONE', #4470, 3.000000000000000000 ) ;
#6564 = ADVANCED_FACE ( 'NONE', ( #5056 ), #6800, .T. ) ;
#6563 = B_SPLINE_CURVE_WITH_KNOTS ( 'NONE', 3,
 ( #8914, #10483, #9710, #3396 ),
 .UNSPECIFIED., .F., .F.,
 ( 4, 4 ),
 ( 0.000000000000000000, 1.000000000000000000 ),
 .UNSPECIFIED. ) ;
#6565 = CARTESIAN_POINT ( 'NONE',  ( -9.000000000000000000, -3.142335024998445122E-14, 3.000000000000000000 ) ) ;
#6566 = ORIENTED_EDGE ( 'NONE', *, *, #5191, .T. ) ;
#6567 = EDGE_CURVE ( 'NONE', #2824, #3756, #2754, .T. ) ;
#6568 = DIRECTION ( 'NONE',  ( 1.000000000000000000, 8.493206138382439646E-15, 2.221320343559726069E-15 ) ) ;
#6569 = ORIENTED_EDGE ( 'NONE', *, *, #837, .T. ) ;
#6570 = DIRECTION ( 'NONE',  ( 9.222182540694783561E-16, 1.114249275747775692E-15, -1.000000000000000000 ) ) ;
#6571 = CIRCLE ( 'NONE', #8755, 1.250000000000000000 ) ;
#6572 = DIRECTION ( 'NONE',  ( -1.000000000000000000, 0.000000000000000000, 0.000000000000000000 ) ) ;
#6573 = VERTEX_POINT ( 'NONE', #8606 ) ;
#6574 = EDGE_CURVE ( 'NONE', #7468, #7468, #6962, .T. ) ;
#6575 = ORIENTED_EDGE ( 'NONE', *, *, #4716, .F. ) ;
#6576 = LINE ( 'NONE', #5774, #8817 ) ;
#6577 = CARTESIAN_POINT ( 'NONE',  ( 5.563961030679579700, -6.363961030678660258, 5.000000000000000000 ) ) ;
#6578 = CIRCLE ( 'NONE', #8097, 1.050000000000000044 ) ;
#6579 = FACE_OUTER_BOUND ( 'NONE', #8106, .T. ) ;
#6580 = VERTEX_POINT ( 'NONE', #4107 ) ;
#6581 = CARTESIAN_POINT ( 'NONE',  ( 5.346093550878741496, -4.584773705439391556, -26.98671797492599111 ) ) ;
#6582 = CARTESIAN_POINT ( 'NONE',  ( 1.005584667363598195, -3.395512396590449899, 7.700000000000000178 ) ) ;
#6583 = ORIENTED_EDGE ( 'NONE', *, *, #6666, .T. ) ;
#6584 = CIRCLE ( 'NONE', #2653, 11.50000000000000178 ) ;
#6585 = ADVANCED_FACE ( 'NONE', ( #7805 ), #5260, .F. ) ;
#6586 = ORIENTED_EDGE ( 'NONE', *, *, #9821, .T. ) ;
#6587 = CARTESIAN_POINT ( 'NONE',  ( -5.093865147111840539E-13, -9.000000000000000000, -9.400000000000000355 ) ) ;
#6588 = EDGE_LOOP ( 'NONE', ( #927, #1920, #3168, #2737, #9220, #1929, #2748, #9078, #6758, #2227, #8485, #1030, #2392, #10454, #2999, #3761 ) ) ;
#6589 = DIRECTION ( 'NONE',  ( 0.003006114785194516446, 0.9999954816267413449, 0.000000000000000000 ) ) ;
#6590 = CIRCLE ( 'NONE', #1578, 3.350000000000000089 ) ;
#6591 = CARTESIAN_POINT ( 'NONE',  ( 4.702469829164036774, -10.49465159972101347, -11.40198029527299539 ) ) ;
#6592 = CARTESIAN_POINT ( 'NONE',  ( -1.158822509939087499E-14, -1.988225099390910694E-15, -22.50000000000000355 ) ) ;
#6593 = ORIENTED_EDGE ( 'NONE', *, *, #191, .F. ) ;
#6594 = LINE ( 'NONE', #5532, #9691 ) ;
#6595 = EDGE_CURVE ( 'NONE', #6580, #6580, #6784, .T. ) ;
#6596 = ADVANCED_FACE ( 'NONE', ( #6174 ), #10130, .F. ) ;
#6597 = ORIENTED_EDGE ( 'NONE', *, *, #8058, .F. ) ;
#6598 = AXIS2_PLACEMENT_3D ( 'NONE', #4415, #8259, #903 ) ;
#6599 = ORIENTED_EDGE ( 'NONE', *, *, #720, .T. ) ;
#6600 = EDGE_LOOP ( 'NONE', ( #8600, #8626 ) ) ;
#6601 = CARTESIAN_POINT ( 'NONE',  ( 3.500000000000167866, -9.580709785814832458, -13.79999999999999716 ) ) ;
#6602 = PLANE ( 'NONE',  #1439 ) ;
#6603 = CARTESIAN_POINT ( 'NONE',  ( 4.972196530949291926, 4.684030689613392084, -27.10889616804598745 ) ) ;
#6604 = DIRECTION ( 'NONE',  ( 0.000000000000000000, 0.000000000000000000, -1.000000000000000000 ) ) ;
#6605 = CARTESIAN_POINT ( 'NONE',  ( -2.412728902227692540, 1.782901916639081374, -12.35857864376269610 ) ) ;
#6606 = LINE ( 'NONE', #9839, #5748 ) ;
#6607 = CIRCLE ( 'NONE', #8809, 1.250000000000413891 ) ;
#6608 = CARTESIAN_POINT ( 'NONE',  ( 4.405198112628853302, -8.076770987746012764, -23.79999999999999361 ) ) ;
#6609 = VERTEX_POINT ( 'NONE', #1126 ) ;
#6610 = DIRECTION ( 'NONE',  ( 3.270181384842579225E-15, 3.502053348325677999E-16, -1.000000000000000000 ) ) ;
#6611 = DIRECTION ( 'NONE',  ( 1.000000000000000000, 0.000000000000000000, 0.000000000000000000 ) ) ;
#6612 = VERTEX_POINT ( 'NONE', #4444 ) ;
#6613 = DIRECTION ( 'NONE',  ( 0.000000000000000000, 0.000000000000000000, -1.000000000000000000 ) ) ;
#6614 = FACE_OUTER_BOUND ( 'NONE', #605, .T. ) ;
#6615 = ORIENTED_EDGE ( 'NONE', *, *, #9550, .T. ) ;
#6616 = FACE_OUTER_BOUND ( 'NONE', #9685, .T. ) ;
#6617 = CARTESIAN_POINT ( 'NONE',  ( -5.051615548692725888, 4.643819312119815024, -27.09122746266301007 ) ) ;
#6618 = DIRECTION ( 'NONE',  ( -0.7071067811865522357, 0.7071067811865427988, -1.601283208593975810E-15 ) ) ;
#6619 = AXIS2_PLACEMENT_3D ( 'NONE', #1156, #5181, #7563 ) ;
#6620 = DIRECTION ( 'NONE',  ( -1.544472221513646607E-15, -3.364318164425787401E-16, 1.000000000000000000 ) ) ;
#6621 = CARTESIAN_POINT ( 'NONE',  ( -4.587538177669079786, -3.526878005889322765, -24.80000000000001137 ) ) ;
#6622 = ORIENTED_EDGE ( 'NONE', *, *, #114, .F. ) ;
#6623 = ORIENTED_EDGE ( 'NONE', *, *, #572, .F. ) ;
#6624 = CARTESIAN_POINT ( 'NONE',  ( 10.95445115009789205, -3.499999999994376942, -10.79999999999997584 ) ) ;
#6625 = DIRECTION ( 'NONE',  ( 0.7071067811865480168, 0.7071067811865470176, 0.000000000000000000 ) ) ;
#6626 = ORIENTED_EDGE ( 'NONE', *, *, #4460, .T. ) ;
#6627 = ADVANCED_FACE ( 'NONE', ( #2812, #1237 ), #4387, .T. ) ;
#6628 = CIRCLE ( 'NONE', #8484, 9.200000000000001066 ) ;
#6629 = ORIENTED_EDGE ( 'NONE', *, *, #10329, .T. ) ;
#6630 = CARTESIAN_POINT ( 'NONE',  ( -1.322875655532296024, 1.500000000000000000, 31.69999999999999929 ) ) ;
#6631 = EDGE_CURVE ( 'NONE', #9916, #9916, #7802, .T. ) ;
#6632 = AXIS2_PLACEMENT_3D ( 'NONE', #9509, #7899, #538 ) ;
#6633 = VERTEX_POINT ( 'NONE', #8118 ) ;
#6634 = CARTESIAN_POINT ( 'NONE',  ( 7.949999999999328715, -2.557954394748249714E-13, 0.8000000000000003775 ) ) ;
#6635 = LINE ( 'NONE', #6582, #2710 ) ;
#6636 = EDGE_CURVE ( 'NONE', #487, #6356, #4915, .T. ) ;
#6637 = ORIENTED_EDGE ( 'NONE', *, *, #9993, .T. ) ;
#6638 = B_SPLINE_CURVE_WITH_KNOTS ( 'NONE', 3,
 ( #6935, #1414, #4722, #8842 ),
 .UNSPECIFIED., .F., .F.,
 ( 4, 4 ),
 ( 1.939479807224430197E-18, 0.0002849325233932170067 ),
 .UNSPECIFIED. ) ;
#6639 = ADVANCED_FACE ( 'NONE', ( #1998 ), #5155, .T. ) ;
#6640 = ORIENTED_EDGE ( 'NONE', *, *, #9450, .F. ) ;
#6641 = VERTEX_POINT ( 'NONE', #6014 ) ;
#6642 = CYLINDRICAL_SURFACE ( 'NONE', #9128, 0.4999999999999998890 ) ;
#6643 = FACE_OUTER_BOUND ( 'NONE', #2552, .T. ) ;
#6644 = DIRECTION ( 'NONE',  ( 0.7071067811865531239, -0.7071067811865420216, 1.194213562373105888E-15 ) ) ;
#6645 = EDGE_CURVE ( 'NONE', #1129, #995, #8451, .T. ) ;
#6646 = CARTESIAN_POINT ( 'NONE',  ( 4.574074773964376561, -10.55127468166248939, -11.25172247281999383 ) ) ;
#6647 = CARTESIAN_POINT ( 'NONE',  ( 5.368428961658561427, -8.672978570208407234, -11.75060174102599220 ) ) ;
#6648 = CARTESIAN_POINT ( 'NONE',  ( 5.636780747939155845, 6.030481141638881937, 0.9999999999999991118 ) ) ;
#6649 = ORIENTED_EDGE ( 'NONE', *, *, #3308, .F. ) ;
#6650 = VERTEX_POINT ( 'NONE', #1078 ) ;
#6651 = DIRECTION ( 'NONE',  ( -0.7071067811703314332, -0.7071067812027636013, -1.779999999967578736E-15 ) ) ;
#6652 = VERTEX_POINT ( 'NONE', #4391 ) ;
#6653 = AXIS2_PLACEMENT_3D ( 'NONE', #10092, #246, #2766 ) ;
#6654 = ORIENTED_EDGE ( 'NONE', *, *, #7982, .T. ) ;
#6655 = CARTESIAN_POINT ( 'NONE',  ( 4.553502990262069616, -9.127281619482596753, -13.36902696267499380 ) ) ;
#6656 = ADVANCED_FACE ( 'NONE', ( #7648, #7850 ), #7955, .T. ) ;
#6657 = ADVANCED_FACE ( 'NONE', ( #5638 ), #8317, .F. ) ;
#6658 = CARTESIAN_POINT ( 'NONE',  ( -5.093865147111840539E-13, -9.000000000000000000, -9.199999999999999289 ) ) ;
#6659 = VERTEX_POINT ( 'NONE', #4647 ) ;
#6660 = ORIENTED_EDGE ( 'NONE', *, *, #6812, .T. ) ;
#6661 = AXIS2_PLACEMENT_3D ( 'NONE', #10284, #3625, #6172 ) ;
#6662 = CARTESIAN_POINT ( 'NONE',  ( 0.000000000000000000, 0.000000000000000000, 7.000000000000000000 ) ) ;
#6663 = ORIENTED_EDGE ( 'NONE', *, *, #655, .T. ) ;
#6664 = CARTESIAN_POINT ( 'NONE',  ( -5.868986283848305341, -4.808326112068573188, -26.67232776209101885 ) ) ;
#6665 = DIRECTION ( 'NONE',  ( 2.658675614935031037E-15, 7.920054772553355309E-16, -1.000000000000000000 ) ) ;
#6666 = EDGE_CURVE ( 'NONE', #8207, #5683, #4817, .T. ) ;
#6667 = AXIS2_PLACEMENT_3D ( 'NONE', #935, #2657, #10035 ) ;
#6668 = AXIS2_PLACEMENT_3D ( 'NONE', #10181, #9404, #2805 ) ;
#6669 = ORIENTED_EDGE ( 'NONE', *, *, #1623, .F. ) ;
#6670 = CARTESIAN_POINT ( 'NONE',  ( 10.55345073786144461, -4.569041772019999392, -11.24666862133797807 ) ) ;
#6671 = ORIENTED_EDGE ( 'NONE', *, *, #6840, .F. ) ;
#6672 = CARTESIAN_POINT ( 'NONE',  ( -8.942095008310165127, -4.907905048203747178, -12.86824495793302425 ) ) ;
#6673 = AXIS2_PLACEMENT_3D ( 'NONE', #8645, #277, #6062 ) ;
#6674 = ORIENTED_EDGE ( 'NONE', *, *, #5127, .F. ) ;
#6675 = DIRECTION ( 'NONE',  ( -2.491995308303619233E-15, -4.919953083036273601E-16, 1.000000000000000000 ) ) ;
#6676 = AXIS2_PLACEMENT_3D ( 'NONE', #7845, #7895, #3623 ) ;
#6677 = CARTESIAN_POINT ( 'NONE',  ( -6.363961030678928488, -2.121320343559696564, -19.54142135623733267 ) ) ;
#6678 = DIRECTION ( 'NONE',  ( -0.7071067811865533459, 0.7071067811865416886, -2.168404344971008079E-15 ) ) ;
#6679 = DIRECTION ( 'NONE',  ( -2.125719726989809541E-15, -7.641725698951861039E-16, 1.000000000000000000 ) ) ;
#6680 = DIRECTION ( 'NONE',  ( 0.000000000000000000, 0.000000000000000000, -1.000000000000000000 ) ) ;
#6681 = VERTEX_POINT ( 'NONE', #3244 ) ;
#6682 = VECTOR ( 'NONE', #9238, 1000.000000000000000 ) ;
#6683 = VECTOR ( 'NONE', #9365, 1000.000000000000000 ) ;
#6684 = CARTESIAN_POINT ( 'NONE',  ( 5.868986283848383501, -4.808326112068474600, -26.67232776209099043 ) ) ;
#6685 = DIRECTION ( 'NONE',  ( -9.912705577010325352E-15, 1.000000000000000000, 0.000000000000000000 ) ) ;
#6686 = VERTEX_POINT ( 'NONE', #5471 ) ;
#6687 = ORIENTED_EDGE ( 'NONE', *, *, #4096, .F. ) ;
#6688 = AXIS2_PLACEMENT_3D ( 'NONE', #3322, #6604, #2123 ) ;
#6689 = EDGE_CURVE ( 'NONE', #3185, #4632, #5101, .T. ) ;
#6690 = DIRECTION ( 'NONE',  ( 0.000000000000000000, 0.000000000000000000, 1.000000000000000000 ) ) ;
#6691 = EDGE_CURVE ( 'NONE', #5910, #4373, #3706, .T. ) ;
#6692 = DIRECTION ( 'NONE',  ( 1.000000000000004416E-15, 4.142135623730944959E-16, -1.000000000000000000 ) ) ;
#6693 = CARTESIAN_POINT ( 'NONE',  ( 0.000000000000000000, 0.000000000000000000, -9.400000000000000355 ) ) ;
#6694 = ORIENTED_EDGE ( 'NONE', *, *, #704, .F. ) ;
#6695 = ADVANCED_FACE ( 'NONE', ( #6312 ), #3944, .T. ) ;
#6696 = ORIENTED_EDGE ( 'NONE', *, *, #4825, .F. ) ;
#6697 = DIRECTION ( 'NONE',  ( -0.7071067811865522357, 0.7071067811865427988, -1.810146235801885321E-15 ) ) ;
#6698 = CIRCLE ( 'NONE', #4636, 0.8000000000000001554 ) ;
#6699 = EDGE_CURVE ( 'NONE', #7801, #9106, #8658, .T. ) ;
#6700 = ORIENTED_EDGE ( 'NONE', *, *, #8328, .F. ) ;
#6701 = ORIENTED_EDGE ( 'NONE', *, *, #2216, .F. ) ;
#6702 = CARTESIAN_POINT ( 'NONE',  ( 3.835190596569302279, -9.452826169663870459, -13.76958624007699683 ) ) ;
#6703 = CARTESIAN_POINT ( 'NONE',  ( -1.524192641962573264E-15, -1.233523804664961189E-15, -24.80000000000000426 ) ) ;
#6704 = AXIS2_PLACEMENT_3D ( 'NONE', #8489, #7752, #9337 ) ;
#6705 = ORIENTED_EDGE ( 'NONE', *, *, #5421, .T. ) ;
#6706 = ORIENTED_EDGE ( 'NONE', *, *, #5735, .F. ) ;
#6707 = EDGE_CURVE ( 'NONE', #2779, #9731, #5447, .T. ) ;
#6708 = ORIENTED_EDGE ( 'NONE', *, *, #5685, .T. ) ;
#6709 = EDGE_CURVE ( 'NONE', #1331, #2548, #5263, .T. ) ;
#6710 = CARTESIAN_POINT ( 'NONE',  ( -2.377868526379541603, 6.049441401588648404, -27.29999999999999716 ) ) ;
#6711 = VECTOR ( 'NONE', #8438, 1000.000000000000114 ) ;
#6712 = DIRECTION ( 'NONE',  ( 0.7071067811865480168, 0.7071067811865470176, 0.000000000000000000 ) ) ;
#6713 = DIRECTION ( 'NONE',  ( -1.000000000000000000, 0.000000000000000000, 0.000000000000000000 ) ) ;
#6714 = DIRECTION ( 'NONE',  ( 0.7071067811865415775, 0.7071067811865536790, 1.734723475976807094E-15 ) ) ;
#6715 = CARTESIAN_POINT ( 'NONE',  ( -3.231299423149105887E-15, -3.924621202458745377E-15, -23.80000000000000071 ) ) ;
#6716 = VERTEX_POINT ( 'NONE', #10333 ) ;
#6717 = DIRECTION ( 'NONE',  ( -0.7071067811865535679, 0.7071067811865415775, -1.414213562373107097E-15 ) ) ;
#6718 = ORIENTED_EDGE ( 'NONE', *, *, #7213, .T. ) ;
#6719 = AXIS2_PLACEMENT_3D ( 'NONE', #8253, #8049, #7188 ) ;
#6720 = CARTESIAN_POINT ( 'NONE',  ( 6.000000000000000000, 3.605551275463995342, 5.000000000000000000 ) ) ;
#6721 = DIRECTION ( 'NONE',  ( 0.000000000000000000, 0.000000000000000000, 1.000000000000000000 ) ) ;
#6722 = EDGE_CURVE ( 'NONE', #638, #2081, #6463, .T. ) ;
#6723 = VERTEX_POINT ( 'NONE', #7212 ) ;
#6724 = ADVANCED_FACE ( 'NONE', ( #2165 ), #4699, .T. ) ;
#6725 = ORIENTED_EDGE ( 'NONE', *, *, #4275, .T. ) ;
#6726 = DIRECTION ( 'NONE',  ( 0.7071067811865480168, 0.7071067811865470176, 0.000000000000000000 ) ) ;
#6727 = CARTESIAN_POINT ( 'NONE',  ( -10.42268354918552298, 4.859821627672730848, -11.66617900987102274 ) ) ;
#6728 = LINE ( 'NONE', #9283, #4179 ) ;
#6729 = CIRCLE ( 'NONE', #7749, 11.00000000000000000 ) ;
#6730 = DIRECTION ( 'NONE',  ( 0.000000000000000000, 0.000000000000000000, 1.000000000000000000 ) ) ;
#6731 = CARTESIAN_POINT ( 'NONE',  ( 6.404807507358768248, -5.344147335578857572, -24.38943002390659487 ) ) ;
#6732 = AXIS2_PLACEMENT_3D ( 'NONE', #5328, #6188, #2773 ) ;
#6733 = CARTESIAN_POINT ( 'NONE',  ( 0.000000000000000000, 9.000000000000000000, 0.9999999999999991118 ) ) ;
#6734 = ORIENTED_EDGE ( 'NONE', *, *, #9107, .T. ) ;
#6735 = PLANE ( 'NONE',  #6306 ) ;
#6736 = ORIENTED_EDGE ( 'NONE', *, *, #7009, .F. ) ;
#6737 = CIRCLE ( 'NONE', #1738, 2.000000000000000444 ) ;
#6738 = LINE ( 'NONE', #273, #168 ) ;
#6739 = FACE_OUTER_BOUND ( 'NONE', #4224, .T. ) ;
#6740 = CARTESIAN_POINT ( 'NONE',  ( -1.524192641962573264E-15, -1.233523804664961189E-15, -24.80000000000000426 ) ) ;
#6741 = DIRECTION ( 'NONE',  ( -0.7071067811865520136, 0.7071067811865430208, 1.700709290173340163E-16 ) ) ;
#6742 = CONICAL_SURFACE ( 'NONE', #3820, 9.200000000000001066, 1.047197551196999754 ) ;
#6743 = EDGE_LOOP ( 'NONE', ( #6700, #7660, #3733, #6975 ) ) ;
#6744 = EDGE_CURVE ( 'NONE', #746, #9645, #10328, .T. ) ;
#6745 = PLANE ( 'NONE',  #594 ) ;
#6746 = AXIS2_PLACEMENT_3D ( 'NONE', #1429, #4913, #9646 ) ;
#6747 = ADVANCED_FACE ( 'NONE', ( #7067 ), #256, .T. ) ;
#6748 = EDGE_LOOP ( 'NONE', ( #1620, #5193, #1941, #7519, #3329, #1759, #2790, #5947, #5136, #6725, #7599, #5875, #4770, #657, #3955, #3957, #430, #2182, #1878, #7616, #4967, #900, #9529, #5007, #8056, #1566, #5853, #2582, #5882, #822, #9225, #5052 ) ) ;
#6749 = CARTESIAN_POINT ( 'NONE',  ( -4.665286445088254297, 10.51126777101097609, -13.24641988505900692 ) ) ;
#6750 = CARTESIAN_POINT ( 'NONE',  ( 1.355497403577985871, -2.040864225982059743, 7.299999999999999822 ) ) ;
#6751 = CARTESIAN_POINT ( 'NONE',  ( 4.622132939078997360, 5.567930804152257274, -26.87484793749498735 ) ) ;
#6752 = FACE_OUTER_BOUND ( 'NONE', #6241, .T. ) ;
#6753 = EDGE_LOOP ( 'NONE', ( #3637 ) ) ;
#6754 = ORIENTED_EDGE ( 'NONE', *, *, #6954, .F. ) ;
#6755 = AXIS2_PLACEMENT_3D ( 'NONE', #8624, #2186, #5282 ) ;
#6756 = DIRECTION ( 'NONE',  ( 1.000000000000000000, 0.000000000000000000, 0.000000000000000000 ) ) ;
#6757 = CARTESIAN_POINT ( 'NONE',  ( 9.276216409869991963, -4.242257122733724906, -13.60550803222698235 ) ) ;
#6758 = ORIENTED_EDGE ( 'NONE', *, *, #1070, .F. ) ;
#6759 = DIRECTION ( 'NONE',  ( 0.7071067811865533459, -0.7071067811865416886, 1.734723475976807489E-15 ) ) ;
#6760 = CARTESIAN_POINT ( 'NONE',  ( -11.66726188957803956, -7.589415207398530052E-16, -9.400025000000001185 ) ) ;
#6761 = CARTESIAN_POINT ( 'NONE',  ( 9.000000000000000000, 9.020562075079396891E-14, -10.79999999999997584 ) ) ;
#6762 = CARTESIAN_POINT ( 'NONE',  ( 5.228467952032855415, 4.594290784877903988, -27.03440639431298465 ) ) ;
#6763 = AXIS2_PLACEMENT_3D ( 'NONE', #681, #341, #9410 ) ;
#6764 = CARTESIAN_POINT ( 'NONE',  ( 2.000000000000000000, 2.449293598294704935E-16, 7.299999999999999822 ) ) ;
#6765 = EDGE_CURVE ( 'NONE', #3762, #5283, #85, .T. ) ;
#6766 = ORIENTED_EDGE ( 'NONE', *, *, #9932, .F. ) ;
#6767 = EDGE_CURVE ( 'NONE', #6327, #9519, #6283, .T. ) ;
#6768 = CARTESIAN_POINT ( 'NONE',  ( -0.6099076439117319115, -2.299999999999999822, 7.299999999999999822 ) ) ;
#6769 = VERTEX_POINT ( 'NONE', #7274 ) ;
#6770 = CYLINDRICAL_SURFACE ( 'NONE', #4413, 1.050000000000000044 ) ;
#6771 = PLANE ( 'NONE',  #804 ) ;
#6772 = ORIENTED_EDGE ( 'NONE', *, *, #5034, .T. ) ;
#6773 = AXIS2_PLACEMENT_3D ( 'NONE', #3599, #2844, #9382 ) ;
#6774 = ORIENTED_EDGE ( 'NONE', *, *, #10437, .T. ) ;
#6775 = FACE_OUTER_BOUND ( 'NONE', #1648, .T. ) ;
#6776 = CARTESIAN_POINT ( 'NONE',  ( 1.850000000000000089, -10.84331591350174051, 7.000000000000000000 ) ) ;
#6777 = CARTESIAN_POINT ( 'NONE',  ( 0.6888520379748459543, -10.97840985160318006, -9.400000000000000355 ) ) ;
#6778 = LINE ( 'NONE', #1815, #892 ) ;
#6779 = CARTESIAN_POINT ( 'NONE',  ( -0.6099076439117319115, -2.299999999999999822, 7.700000000000000178 ) ) ;
#6780 = EDGE_CURVE ( 'NONE', #5656, #3133, #7289, .T. ) ;
#6781 = EDGE_CURVE ( 'NONE', #4577, #6500, #1277, .T. ) ;
#6782 = APPROVAL_DATE_TIME ( #8377, #5316 ) ;
#6783 = PLANE ( 'NONE',  #7515 ) ;
#6784 = CIRCLE ( 'NONE', #1613, 0.7999999999999998224 ) ;
#6785 = ORIENTED_EDGE ( 'NONE', *, *, #10066, .F. ) ;
#6786 = ORIENTED_EDGE ( 'NONE', *, *, #10301, .T. ) ;
#6787 = ADVANCED_FACE ( 'NONE', ( #6981, #5329, #2888 ), #5654, .F. ) ;
#6788 = LINE ( 'NONE', #9393, #6268 ) ;
#6789 = AXIS2_PLACEMENT_3D ( 'NONE', #4649, #7070, #9512 ) ;
#6790 = PLANE ( 'NONE',  #6704 ) ;
#6791 = VERTEX_POINT ( 'NONE', #8545 ) ;
#6792 = CARTESIAN_POINT ( 'NONE',  ( 5.266355350607367924, -8.735380634253754550, -12.62048515459499320 ) ) ;
#6793 = FACE_OUTER_BOUND ( 'NONE', #7950, .T. ) ;
#6794 = FACE_OUTER_BOUND ( 'NONE', #4267, .T. ) ;
#6795 = ORIENTED_EDGE ( 'NONE', *, *, #5942, .F. ) ;
#6796 = AXIS2_PLACEMENT_3D ( 'NONE', #9565, #7117, #8073 ) ;
#6797 = ORIENTED_EDGE ( 'NONE', *, *, #7422, .T. ) ;
#6798 = ORIENTED_EDGE ( 'NONE', *, *, #3963, .F. ) ;
#6799 = CARTESIAN_POINT ( 'NONE',  ( -4.768311880340418973, 10.46490192072386272, -13.10255079437900783 ) ) ;
#6800 = CYLINDRICAL_SURFACE ( 'NONE', #8649, 3.350000000000000089 ) ;
#6801 = VECTOR ( 'NONE', #8787, 1000.000000000000000 ) ;
#6802 = CARTESIAN_POINT ( 'NONE',  ( -2.071867419369926491E-15, -1.679663816105752115E-15, -23.89363341178100342 ) ) ;
#6803 = CARTESIAN_POINT ( 'NONE',  ( 8.999999999999740652, -2.557954394748249714E-13, 0.9999999999999991118 ) ) ;
#6804 = DIRECTION ( 'NONE',  ( 0.7071067811865415775, 0.7071067811865535679, 1.919999999999998855E-15 ) ) ;
#6805 = EDGE_LOOP ( 'NONE', ( #10504, #1149, #3338 ) ) ;
#6806 = CARTESIAN_POINT ( 'NONE',  ( -4.999864555443807923, 8.890520551393159110, -12.33236620952800955 ) ) ;
#6807 = ORIENTED_EDGE ( 'NONE', *, *, #3828, .F. ) ;
#6808 = ORIENTED_EDGE ( 'NONE', *, *, #6744, .T. ) ;
#6809 = AXIS2_PLACEMENT_3D ( 'NONE', #4250, #5982, #9219 ) ;
#6810 = DIRECTION ( 'NONE',  ( -0.7071067811865522357, 0.7071067811865429098, -1.818814781641097311E-15 ) ) ;
#6811 = CARTESIAN_POINT ( 'NONE',  ( 6.363961030679040398, 6.363961030679200270, 5.000000000000000000 ) ) ;
#6812 = EDGE_CURVE ( 'NONE', #8919, #8919, #10008, .T. ) ;
#6813 = CARTESIAN_POINT ( 'NONE',  ( 4.808326112068573188, -5.868986283848303565, -27.29999999999999361 ) ) ;
#6814 = CARTESIAN_POINT ( 'NONE',  ( -0.1499999999999999944, -2.200000000000000178, 7.700000000000000178 ) ) ;
#6815 = ADVANCED_FACE ( 'NONE', ( #9464 ), #2815, .T. ) ;
#6816 = CIRCLE ( 'NONE', #5286, 0.8000000000000003775 ) ;
#6817 = ORIENTED_EDGE ( 'NONE', *, *, #266, .T. ) ;
#6818 = CARTESIAN_POINT ( 'NONE',  ( 8.890290552217861020, 5.000273327022811465, -12.28171833057697704 ) ) ;
#6819 = DIRECTION ( 'NONE',  ( -0.7071067811865533459, 0.7071067811865416886, -2.168404344971008079E-15 ) ) ;
#6820 = LINE ( 'NONE', #1207, #4751 ) ;
#6821 = FACE_OUTER_BOUND ( 'NONE', #7099, .T. ) ;
#6822 = ORIENTED_EDGE ( 'NONE', *, *, #4481, .F. ) ;
#6823 = VERTEX_POINT ( 'NONE', #2168 ) ;
#6824 = CARTESIAN_POINT ( 'NONE',  ( -0.6099076439117319115, -3.494011637183155106, 7.700000000000000178 ) ) ;
#6825 = CARTESIAN_POINT ( 'NONE',  ( -10.60849982022243587, 4.440069387452457050, -11.12835168632402372 ) ) ;
#6826 = EDGE_CURVE ( 'NONE', #7446, #255, #779, .T. ) ;
#6827 = CIRCLE ( 'NONE', #3055, 1.050000000000547828 ) ;
#6828 = DIRECTION ( 'NONE',  ( -6.182342530834563297E-16, -4.848523255675577670E-16, 1.000000000000000000 ) ) ;
#6829 = DIRECTION ( 'NONE',  ( 0.000000000000000000, 0.000000000000000000, 1.000000000000000000 ) ) ;
#6830 = DATE_TIME_ROLE ( 'classification_date' ) ;
#6831 = DIRECTION ( 'NONE',  ( 0.000000000000000000, 0.000000000000000000, -1.000000000000000000 ) ) ;
#6832 = DIRECTION ( 'NONE',  ( -1.000000000000000000, -3.491483361109385222E-15, 0.000000000000000000 ) ) ;
#6833 = CIRCLE ( 'NONE', #7502, 11.50000000000000178 ) ;
#6834 = AXIS2_PLACEMENT_3D ( 'NONE', #6310, #1709, #702 ) ;
#6835 = EDGE_CURVE ( 'NONE', #4671, #7437, #2701, .T. ) ;
#6836 = CARTESIAN_POINT ( 'NONE',  ( -2.614213562373095870E-14, -9.679893911179657554E-15, -15.30000000000000071 ) ) ;
#6837 = ORIENTED_EDGE ( 'NONE', *, *, #2216, .T. ) ;
#6838 = CARTESIAN_POINT ( 'NONE',  ( 0.000000000000000000, 0.000000000000000000, 0.9999999999999991118 ) ) ;
#6839 = CARTESIAN_POINT ( 'NONE',  ( 9.705020886158866489, -6.169486980226037254, -12.29999999999998117 ) ) ;
#6840 = EDGE_CURVE ( 'NONE', #1522, #7243, #2154, .T. ) ;
#6841 = DIRECTION ( 'NONE',  ( -1.928450851608304620E-16, -4.435510179070592217E-16, 1.000000000000000000 ) ) ;
#6842 = CIRCLE ( 'NONE', #10385, 2.399999999999999911 ) ;
#6843 = CARTESIAN_POINT ( 'NONE',  ( -10.64037123412524011, -1.850000000000040057, 5.000000000000000000 ) ) ;
#6844 = VECTOR ( 'NONE', #797, 1000.000000000000000 ) ;
#6845 = VERTEX_POINT ( 'NONE', #10173 ) ;
#6846 = DIRECTION ( 'NONE',  ( 1.000000000000000000, 0.000000000000000000, 0.000000000000000000 ) ) ;
#6847 = LINE ( 'NONE', #4589, #10378 ) ;
#6848 = VERTEX_POINT ( 'NONE', #2459 ) ;
#6849 = AXIS2_PLACEMENT_3D ( 'NONE', #187, #9043, #937 ) ;
#6850 = CARTESIAN_POINT ( 'NONE',  ( -2.050609665441023743, 2.050609665440967788, -19.50000000000000711 ) ) ;
#6851 = EDGE_CURVE ( 'NONE', #7777, #10343, #8153, .T. ) ;
#6852 = ORIENTED_EDGE ( 'NONE', *, *, #7438, .F. ) ;
#6853 = CARTESIAN_POINT ( 'NONE',  ( 3.500000000000086597, -9.580709785814624624, -10.79999999999999361 ) ) ;
#6854 = CARTESIAN_POINT ( 'NONE',  ( -1.850000000000000089, -0.2000000000000000111, 7.700000000000000178 ) ) ;
#6855 = CARTESIAN_POINT ( 'NONE',  ( 4.637221724552245128, 5.071089385981335518, -27.08545709085598929 ) ) ;
#6856 = ADVANCED_FACE ( 'NONE', ( #2668 ), #5977, .F. ) ;
#6857 = DIRECTION ( 'NONE',  ( 0.000000000000000000, 0.000000000000000000, 1.000000000000000000 ) ) ;
#6858 = DIRECTION ( 'NONE',  ( -1.000000000000000000, 0.000000000000000000, 0.000000000000000000 ) ) ;
#6859 = DIRECTION ( 'NONE',  ( -0.7071067811865415775, -0.7071067811865534569, 0.000000000000000000 ) ) ;
#6860 = ORIENTED_EDGE ( 'NONE', *, *, #8140, .T. ) ;
#6861 = AXIS2_PLACEMENT_3D ( 'NONE', #9003, #1640, #4955 ) ;
#6862 = CARTESIAN_POINT ( 'NONE',  ( 0.4227941413851534769, 2.423065231067937031, -12.39999999999999858 ) ) ;
#6863 = LINE ( 'NONE', #6073, #6993 ) ;
#6864 = ORIENTED_EDGE ( 'NONE', *, *, #8061, .T. ) ;
#6865 = CARTESIAN_POINT ( 'NONE',  ( -2.071867419369926491E-15, -1.679663816105752115E-15, -23.89363341178100342 ) ) ;
#6866 = CARTESIAN_POINT ( 'NONE',  ( -0.6099076439117319115, -3.200000000000000178, 7.700000000000000178 ) ) ;
#6867 = PLANE ( 'NONE',  #8881 ) ;
#6868 = DIRECTION ( 'NONE',  ( 1.000000000000000000, 0.000000000000000000, 0.000000000000000000 ) ) ;
#6869 = CARTESIAN_POINT ( 'NONE',  ( -2.614213562373095870E-14, -9.679893911179657554E-15, -54.92691193458119159 ) ) ;
#6870 = AXIS2_PLACEMENT_3D ( 'NONE', #170, #10171, #2796 ) ;
#6871 = FACE_OUTER_BOUND ( 'NONE', #226, .T. ) ;
#6872 = ORIENTED_EDGE ( 'NONE', *, *, #9433, .T. ) ;
#6873 = CARTESIAN_POINT ( 'NONE',  ( 9.037594106339090771, 4.730792358877875969, -13.17616156917597792 ) ) ;
#6874 = ORIENTED_EDGE ( 'NONE', *, *, #129, .F. ) ;
#6875 = CARTESIAN_POINT ( 'NONE',  ( 10.67351484864332534, -4.281362845578853715, -13.58217164597897586 ) ) ;
#6876 = FACE_OUTER_BOUND ( 'NONE', #6475, .T. ) ;
#6877 = CARTESIAN_POINT ( 'NONE',  ( 2.449999999999999734, 0.000000000000000000, 7.299999999999999822 ) ) ;
#6878 = EDGE_LOOP ( 'NONE', ( #2072, #8894, #372, #1729, #729, #3899, #1387 ) ) ;
#6879 = AXIS2_PLACEMENT_3D ( 'NONE', #5990, #6829, #159 ) ;
#6880 = DIRECTION ( 'NONE',  ( 7.666547622084402378E-16, 8.031222920256935389E-16, -1.000000000000000000 ) ) ;
#6881 = CC_DESIGN_PERSON_AND_ORGANIZATION_ASSIGNMENT ( #319, #2040, ( #194 ) ) ;
#6882 = ADVANCED_FACE ( 'NONE', ( #3280, #9799 ), #5764, .T. ) ;
#6883 = CARTESIAN_POINT ( 'NONE',  ( -10.52175953570475464, 4.641636258042118435, -13.27522473130702529 ) ) ;
#6884 = DIRECTION ( 'NONE',  ( 1.000000000000000000, 8.493206138382439646E-15, 2.221320343559726069E-15 ) ) ;
#6885 = CARTESIAN_POINT ( 'NONE',  ( -4.596194077712590698, 4.596194077712527637, -27.30000000000001847 ) ) ;
#6886 = AXIS2_PLACEMENT_3D ( 'NONE', #5667, #1534, #9801 ) ;
#6887 = VERTEX_POINT ( 'NONE', #3744 ) ;
#6888 = LINE ( 'NONE', #4429, #4204 ) ;
#6889 = DIRECTION ( 'NONE',  ( -1.000000000000000000, 0.000000000000000000, 0.000000000000000000 ) ) ;
#6890 = EDGE_CURVE ( 'NONE', #8572, #355, #1621, .T. ) ;
#6891 = DIRECTION ( 'NONE',  ( 0.000000000000000000, 0.000000000000000000, -1.000000000000000000 ) ) ;
#6892 = ORIENTED_EDGE ( 'NONE', *, *, #9088, .F. ) ;
#6893 =( BOUNDED_SURFACE ( )  B_SPLINE_SURFACE ( 3, 3, ( 
 ( #2902, #2189, #7980, #6991, #3058, #1262, #8675 ),
 ( #6196, #2140, #456, #3807, #10415, #5556, #10264 ),
 ( #5500, #4726, #1316, #8733, #1368, #4674, #8790 ),
 ( #1417, #7927, #3119, #6402, #9636, #9900, #31 ) ),
 .UNSPECIFIED., .F., .T., .F. ) 
 B_SPLINE_SURFACE_WITH_KNOTS ( ( 4, 4 ),
 ( 4, 3, 4 ),
 ( 0.000000000000000000, 1.000000000000000000 ),
 ( 0.000000000000000000, 0.5000000000000000000, 1.000000000000000000 ),
 .UNSPECIFIED. ) 
 GEOMETRIC_REPRESENTATION_ITEM ( )  RATIONAL_B_SPLINE_SURFACE ( (
 ( 1.000000000000000000, 0.3333333333333335369, 0.3333333333333335369, 1.000000000000000000, 0.3333333333333335369, 0.3333333333333335369, 1.000000000000000000),
 ( 0.8047378541243649375, 0.2682459513747884605, 0.2682459513747884605, 0.8047378541243649375, 0.2682459513747884605, 0.2682459513747884605, 0.8047378541243649375),
 ( 0.8047378541243649375, 0.2682459513747884605, 0.2682459513747884605, 0.8047378541243649375, 0.2682459513747884605, 0.2682459513747884605, 0.8047378541243649375),
 ( 1.000000000000000000, 0.3333333333333335369, 0.3333333333333335369, 1.000000000000000000, 0.3333333333333335369, 0.3333333333333335369, 1.000000000000000000) ) ) 
 REPRESENTATION_ITEM ( '' )  SURFACE ( )  );
#6894 = ORIENTED_EDGE ( 'NONE', *, *, #5867, .T. ) ;
#6895 = DIRECTION ( 'NONE',  ( 0.000000000000000000, 0.000000000000000000, 1.000000000000000000 ) ) ;
#6896 = B_SPLINE_CURVE_WITH_KNOTS ( 'NONE', 6,
 ( #10256, #1090, #400, #2943, #1910, #2015, #10096, #1252, #5441, #2719, #4507, #7817, #449, #2130, #3534, #3694, #5228 ),
 .UNSPECIFIED., .F., .F.,
 ( 7, 5, 5, 7 ),
 ( 0.000000000000000000, 0.4622016861189999770, 0.6341693945060000726, 1.000000000000000000 ),
 .UNSPECIFIED. ) ;
#6897 = CIRCLE ( 'NONE', #2951, 0.8000000000000003775 ) ;
#6898 = PLANE ( 'NONE',  #113 ) ;
#6899 = CARTESIAN_POINT ( 'NONE',  ( 8.999999999999740652, -2.557954394748249714E-13, 0.8000000000000003775 ) ) ;
#6900 = EDGE_CURVE ( 'NONE', #6490, #5791, #7634, .T. ) ;
#6901 = LINE ( 'NONE', #328, #9438 ) ;
#6902 = CARTESIAN_POINT ( 'NONE',  ( -9.000000000000000000, 1.049999999999970068, 3.000000000000000000 ) ) ;
#6903 = EDGE_CURVE ( 'NONE', #4082, #7439, #6896, .T. ) ;
#6904 = ORIENTED_EDGE ( 'NONE', *, *, #6121, .F. ) ;
#6905 = VECTOR ( 'NONE', #7931, 1000.000000000000000 ) ;
#6906 = DIRECTION ( 'NONE',  ( 0.000000000000000000, 0.000000000000000000, 1.000000000000000000 ) ) ;
#6907 = DIRECTION ( 'NONE',  ( 0.000000000000000000, 0.000000000000000000, 1.000000000000000000 ) ) ;
#6908 = EDGE_CURVE ( 'NONE', #5609, #495, #4405, .T. ) ;
#6909 = DIRECTION ( 'NONE',  ( 2.180868324581535502E-15, 8.031222920257052732E-16, -1.000000000000000000 ) ) ;
#6910 = CARTESIAN_POINT ( 'NONE',  ( 4.242257122733835928, -9.276216409869961765, -10.99449196777299598 ) ) ;
#6911 = CARTESIAN_POINT ( 'NONE',  ( 14.14213562373103628, -14.14213562373083732, -12.29999999999997407 ) ) ;
#6912 = AXIS2_PLACEMENT_3D ( 'NONE', #2564, #9989, #5870 ) ;
#6913 = ADVANCED_BREP_SHAPE_REPRESENTATION ( 'Repeat Compact 1806', ( #8563, #1557, #1546, #8697, #1529, #4978, #4909, #5195, #5707 ), #9447 ) ;
#6914 = DIRECTION ( 'NONE',  ( 0.000000000000000000, 0.000000000000000000, 1.000000000000000000 ) ) ;
#6915 = DIRECTION ( 'NONE',  ( 1.000000000000000000, 0.000000000000000000, 0.000000000000000000 ) ) ;
#6916 = DIRECTION ( 'NONE',  ( -1.000000000000000000, 0.000000000000000000, 0.000000000000000000 ) ) ;
#6917 = ORIENTED_EDGE ( 'NONE', *, *, #1873, .F. ) ;
#6918 = ADVANCED_FACE ( 'NONE', ( #2771 ), #6079, .T. ) ;
#6919 = ORIENTED_EDGE ( 'NONE', *, *, #9821, .F. ) ;
#6920 = ORIENTED_EDGE ( 'NONE', *, *, #9903, .T. ) ;
#6921 = FACE_OUTER_BOUND ( 'NONE', #9465, .T. ) ;
#6922 = FACE_OUTER_BOUND ( 'NONE', #6439, .T. ) ;
#6923 = VECTOR ( 'NONE', #703, 1000.000000000000000 ) ;
#6924 = ORIENTED_EDGE ( 'NONE', *, *, #8053, .F. ) ;
#6925 = B_SPLINE_CURVE_WITH_KNOTS ( 'NONE', 3,
 ( #8206, #9058, #6408, #2411 ),
 .UNSPECIFIED., .F., .F.,
 ( 4, 4 ),
 ( 0.000000000000000000, 0.0002849325233932035084 ),
 .UNSPECIFIED. ) ;
#6926 = DIRECTION ( 'NONE',  ( 0.000000000000000000, 0.000000000000000000, -1.000000000000000000 ) ) ;
#6927 = DIRECTION ( 'NONE',  ( 0.000000000000000000, 0.000000000000000000, 1.000000000000000000 ) ) ;
#6928 = CARTESIAN_POINT ( 'NONE',  ( -0.6888520379748439559, 10.97840985160318006, -9.400000000000000355 ) ) ;
#6929 = CARTESIAN_POINT ( 'NONE',  ( 1.738233764908631709E-30, 2.982337649086365990E-31, -27.30000000000000071 ) ) ;
#6930 = VERTEX_POINT ( 'NONE', #5274 ) ;
#6931 = CARTESIAN_POINT ( 'NONE',  ( 9.112956821424472054, 4.582026060026972658, -13.33965359689697650 ) ) ;
#6932 = CARTESIAN_POINT ( 'NONE',  ( 0.000000000000000000, 0.000000000000000000, 7.000000000000000000 ) ) ;
#6933 = ORIENTED_EDGE ( 'NONE', *, *, #334, .F. ) ;
#6934 = DIRECTION ( 'NONE',  ( -1.000000000000000000, 0.000000000000000000, 0.000000000000000000 ) ) ;
#6935 = CARTESIAN_POINT ( 'NONE',  ( 10.64037123412525965, -1.849999999999890177, 5.000000000000000000 ) ) ;
#6936 = EDGE_LOOP ( 'NONE', ( #1257, #8999, #9623, #9227, #6663, #6669 ) ) ;
#6937 = DIRECTION ( 'NONE',  ( -0.7071067811865474617, 0.7071067811865474617, 0.000000000000000000 ) ) ;
#6938 = CARTESIAN_POINT ( 'NONE',  ( -10.40651886102015311, 4.894341174472352840, -11.74579602951202340 ) ) ;
#6939 = DIRECTION ( 'NONE',  ( 0.000000000000000000, 0.000000000000000000, 1.000000000000000000 ) ) ;
#6940 = ORIENTED_EDGE ( 'NONE', *, *, #552, .F. ) ;
#6941 = COORDINATED_UNIVERSAL_TIME_OFFSET ( 6, 0, .BEHIND. ) ;
#6942 = EDGE_CURVE ( 'NONE', #3174, #2607, #8515, .T. ) ;
#6943 = CARTESIAN_POINT ( 'NONE',  ( 3.181980515339434490, 3.181980515339493110, -27.09999999999999076 ) ) ;
#6944 = VECTOR ( 'NONE', #8270, 1000.000000000000000 ) ;
#6945 = VERTEX_POINT ( 'NONE', #350 ) ;
#6946 = ORIENTED_EDGE ( 'NONE', *, *, #1561, .T. ) ;
#6947 = DIRECTION ( 'NONE',  ( -0.7071067811703327655, -0.7071067812027623800, -1.999999999967581128E-15 ) ) ;
#6948 = EDGE_CURVE ( 'NONE', #1308, #7347, #10409, .T. ) ;
#6949 = CARTESIAN_POINT ( 'NONE',  ( 10.67351484864324718, 4.281362845579022469, -11.01782835402097582 ) ) ;
#6950 = FACE_BOUND ( 'NONE', #3994, .T. ) ;
#6951 = DIRECTION ( 'NONE',  ( 0.000000000000000000, 0.000000000000000000, -1.000000000000000000 ) ) ;
#6952 = AXIS2_PLACEMENT_3D ( 'NONE', #1054, #960, #6087 ) ;
#6953 = ADVANCED_FACE ( 'NONE', ( #2292 ), #5658, .F. ) ;
#6954 = EDGE_CURVE ( 'NONE', #10365, #1111, #8038, .T. ) ;
#6955 = FACE_OUTER_BOUND ( 'NONE', #9593, .T. ) ;
#6956 = ADVANCED_FACE ( 'NONE', ( #8944, #7392 ), #4020, .T. ) ;
#6957 = DIRECTION ( 'NONE',  ( -3.131717426292753308E-15, -4.886692933823911531E-16, 1.000000000000000000 ) ) ;
#6958 = CARTESIAN_POINT ( 'NONE',  ( -1.850000000000000089, -0.2000000000000000111, 7.299999999999999822 ) ) ;
#6959 = ORIENTED_EDGE ( 'NONE', *, *, #5473, .F. ) ;
#6960 = CARTESIAN_POINT ( 'NONE',  ( 6.030481141639264742, -5.636780747938775704, 0.9999999999999991118 ) ) ;
#6961 = CARTESIAN_POINT ( 'NONE',  ( 6.909178529471811103, -3.237605654302150970, -24.79999999999998650 ) ) ;
#6962 = CIRCLE ( 'NONE', #8310, 2.600000000000000089 ) ;
#6963 = DIRECTION ( 'NONE',  ( 0.000000000000000000, 0.000000000000000000, 1.000000000000000000 ) ) ;
#6964 = EDGE_CURVE ( 'NONE', #3975, #1811, #7127, .T. ) ;
#6965 = DIRECTION ( 'NONE',  ( -0.7071067811865450192, -0.7071067811865499042, -4.336808689942016158E-15 ) ) ;
#6966 = CARTESIAN_POINT ( 'NONE',  ( -4.989777342203507438, 10.36109288751556967, -12.07393291019300818 ) ) ;
#6967 = DIRECTION ( 'NONE',  ( -0.7071067811865535679, 0.7071067811865415775, 0.000000000000000000 ) ) ;
#6968 = CARTESIAN_POINT ( 'NONE',  ( 4.799802978937310449, 5.860463149278968942, -26.67925278763998875 ) ) ;
#6969 = CARTESIAN_POINT ( 'NONE',  ( 6.000000000000000000, -3.471553468719434932, 6.869019423288179382 ) ) ;
#6970 = CARTESIAN_POINT ( 'NONE',  ( 0.000000000000000000, 0.000000000000000000, 7.000000000000000000 ) ) ;
#6971 = CIRCLE ( 'NONE', #3539, 11.00000000000000000 ) ;
#6972 = ORIENTED_EDGE ( 'NONE', *, *, #6574, .T. ) ;
#6973 = CARTESIAN_POINT ( 'NONE',  ( -2.192128669685506015, -1.115603825532621052, -12.40000000000000746 ) ) ;
#6974 = CARTESIAN_POINT ( 'NONE',  ( -5.344147335585305747, -6.404807507365231523, -24.38943002390136172 ) ) ;
#6975 = ORIENTED_EDGE ( 'NONE', *, *, #6976, .T. ) ;
#6976 = EDGE_CURVE ( 'NONE', #9217, #4775, #1446, .T. ) ;
#6977 = EDGE_LOOP ( 'NONE', ( #8247, #506, #3517, #1347 ) ) ;
#6978 = ADVANCED_FACE ( 'NONE', ( #838 ), #4134, .T. ) ;
#6979 = ADVANCED_FACE ( 'NONE', ( #9687, #1576 ), #27, .T. ) ;
#6980 = CARTESIAN_POINT ( 'NONE',  ( 0.8554974035779859820, -2.918570247845604815, 7.299999999999999822 ) ) ;
#6981 = FACE_BOUND ( 'NONE', #5946, .T. ) ;
#6982 = LINE ( 'NONE', #1202, #6226 ) ;
#6983 = EDGE_LOOP ( 'NONE', ( #5267 ) ) ;
#6984 = DIRECTION ( 'NONE',  ( 2.491995308303608188E-15, 1.750645378815682139E-15, -1.000000000000000000 ) ) ;
#6985 = EDGE_LOOP ( 'NONE', ( #8425, #250, #854, #7868, #9165, #3379, #5689 ) ) ;
#6986 = AXIS2_PLACEMENT_3D ( 'NONE', #1004, #9276, #405 ) ;
#6987 = DIRECTION ( 'NONE',  ( 0.000000000000000000, 0.000000000000000000, 1.000000000000000000 ) ) ;
#6988 = CARTESIAN_POINT ( 'NONE',  ( -6.578878888982488959, 6.578878888982390372, -23.80000000000001492 ) ) ;
#6989 = ORIENTED_EDGE ( 'NONE', *, *, #4023, .T. ) ;
#6990 = EDGE_LOOP ( 'NONE', ( #6919, #5178 ) ) ;
#6991 = CARTESIAN_POINT ( 'NONE',  ( 2.332304605486691162, -1.723471852751125022, -9.399999999999996803 ) ) ;
#6992 = EDGE_CURVE ( 'NONE', #7555, #8783, #6971, .T. ) ;
#6993 = VECTOR ( 'NONE', #8507, 1000.000000000000000 ) ;
#6994 = DIRECTION ( 'NONE',  ( 0.000000000000000000, 0.000000000000000000, -1.000000000000000000 ) ) ;
#6995 = CARTESIAN_POINT ( 'NONE',  ( -6.363961030678281006, -6.363961030679200270, 1.000000000000000000 ) ) ;
#6996 = ORIENTED_EDGE ( 'NONE', *, *, #707, .T. ) ;
#6997 = LINE ( 'NONE', #466, #5999 ) ;
#6998 = ORIENTED_EDGE ( 'NONE', *, *, #5779, .F. ) ;
#6999 = ORIENTED_EDGE ( 'NONE', *, *, #9952, .F. ) ;
#7000 = DIRECTION ( 'NONE',  ( -0.7071067811865417996, -0.7071067811865531239, -1.999999999999999761E-15 ) ) ;
#7001 = FACE_BOUND ( 'NONE', #3738, .T. ) ;
#7002 = CARTESIAN_POINT ( 'NONE',  ( -10.45506293285020938, -4.789844294246746514, -13.06766663163602615 ) ) ;
#7003 = DIRECTION ( 'NONE',  ( 0.000000000000000000, 0.000000000000000000, -1.000000000000000000 ) ) ;
#7004 = VECTOR ( 'NONE', #6421, 1000.000000000000000 ) ;
#7005 = AXIS2_PLACEMENT_3D ( 'NONE', #10235, #9608, #8126 ) ;
#7006 = DIRECTION ( 'NONE',  ( 0.7071067811865416886, 0.7071067811865534569, 2.219999999999998997E-15 ) ) ;
#7007 = DIRECTION ( 'NONE',  ( 0.000000000000000000, 0.000000000000000000, 1.000000000000000000 ) ) ;
#7008 = ORIENTED_EDGE ( 'NONE', *, *, #9952, .T. ) ;
#7009 = EDGE_CURVE ( 'NONE', #4417, #5609, #9187, .T. ) ;
#7010 = DIRECTION ( 'NONE',  ( 0.000000000000000000, 0.000000000000000000, 1.000000000000000000 ) ) ;
#7011 = AXIS2_PLACEMENT_3D ( 'NONE', #164, #1605, #6685 ) ;
#7012 = AXIS2_PLACEMENT_3D ( 'NONE', #6169, #432, #10078 ) ;
#7013 = EDGE_CURVE ( 'NONE', #8570, #5813, #3711, .T. ) ;
#7014 = DIRECTION ( 'NONE',  ( 1.000000000000000000, 0.000000000000000000, 0.000000000000000000 ) ) ;
#7015 = FACE_OUTER_BOUND ( 'NONE', #3594, .T. ) ;
#7016 = PLANE ( 'NONE',  #7726 ) ;
#7017 = DIRECTION ( 'NONE',  ( 0.7071067811865533459, -0.7071067811865416886, 0.000000000000000000 ) ) ;
#7018 = CARTESIAN_POINT ( 'NONE',  ( -4.337734361969392438, -10.65081432662805661, -13.54708027406901572 ) ) ;
#7019 = CARTESIAN_POINT ( 'NONE',  ( 1.355497403577985871, -2.040864225982059743, 7.700000000000000178 ) ) ;
#7020 = CARTESIAN_POINT ( 'NONE',  ( -0.04999999999999919786, -3.299999999999999822, 7.299999999999999822 ) ) ;
#7021 = CARTESIAN_POINT ( 'NONE',  ( 0.9052691480050328865, 10.76199274157302277, 0.9999999999999991118 ) ) ;
#7022 = ORIENTED_EDGE ( 'NONE', *, *, #10444, .F. ) ;
#7023 = VECTOR ( 'NONE', #2613, 1000.000000000000000 ) ;
#7024 = VECTOR ( 'NONE', #7985, 1000.000000000000000 ) ;
#7025 = EDGE_CURVE ( 'NONE', #7590, #3756, #4462, .T. ) ;
#7026 = CARTESIAN_POINT ( 'NONE',  ( -0.8042429674092548275, 0.5943006388796896466, -12.35857864376269255 ) ) ;
#7027 = VERTEX_POINT ( 'NONE', #9516 ) ;
#7028 = CARTESIAN_POINT ( 'NONE',  ( -5.833958804467557435, -4.775267418165547006, -26.70006670682401761 ) ) ;
#7029 = ORIENTED_EDGE ( 'NONE', *, *, #7399, .T. ) ;
#7030 = DIRECTION ( 'NONE',  ( -2.414213562373099483E-15, -4.142135623731063781E-16, 1.000000000000000000 ) ) ;
#7031 = DIRECTION ( 'NONE',  ( 4.578627559914759889E-16, -1.000000000000000000, 0.000000000000000000 ) ) ;
#7032 = B_SPLINE_CURVE_WITH_KNOTS ( 'NONE', 3,
 ( #8550, #2060, #2113, #333 ),
 .UNSPECIFIED., .F., .F.,
 ( 4, 4 ),
 ( 4.336808689942019662E-19, 0.0004521856223172759665 ),
 .UNSPECIFIED. ) ;
#7033 = CARTESIAN_POINT ( 'NONE',  ( 5.144591483210172456, 4.613763703059220234, -27.06307265268098661 ) ) ;
#7034 = CARTESIAN_POINT ( 'NONE',  ( 1.850000000000000089, -10.84331591350174051, 4.799999999999999822 ) ) ;
#7035 = CIRCLE ( 'NONE', #3598, 10.20000000000000107 ) ;
#7036 = EDGE_LOOP ( 'NONE', ( #7705, #7962, #7561, #9114, #7279, #6384, #2468 ) ) ;
#7037 = CARTESIAN_POINT ( 'NONE',  ( 9.299279270581894963, 4.191266730398078622, -10.96751006398097950 ) ) ;
#7038 = ORIENTED_EDGE ( 'NONE', *, *, #4096, .T. ) ;
#7039 = EDGE_CURVE ( 'NONE', #7333, #9376, #10557, .T. ) ;
#7040 = CARTESIAN_POINT ( 'NONE',  ( -0.7778174593052004093, -2.333452377915618658, -19.50000000000000711 ) ) ;
#7041 = FACE_OUTER_BOUND ( 'NONE', #6412, .T. ) ;
#7042 = CARTESIAN_POINT ( 'NONE',  ( -7.388493158379959347, -3.716920283231710087, -26.29766626893658454 ) ) ;
#7043 = VECTOR ( 'NONE', #2539, 1000.000000000000000 ) ;
#7044 = CARTESIAN_POINT ( 'NONE',  ( 10.97840985160318006, -0.6888520379748519495, 0.9999999999999991118 ) ) ;
#7045 = EDGE_LOOP ( 'NONE', ( #10135, #4019, #4802, #3894 ) ) ;
#7046 = CARTESIAN_POINT ( 'NONE',  ( 2.449999999999999734, 0.000000000000000000, 7.700000000000000178 ) ) ;
#7047 = ADVANCED_FACE ( 'NONE', ( #5594 ), #8824, .T. ) ;
#7048 = DIRECTION ( 'NONE',  ( -0.7071067811865470176, 0.000000000000000000, -0.7071067811865480168 ) ) ;
#7049 = AXIS2_PLACEMENT_3D ( 'NONE', #263, #5889, #7568 ) ;
#7050 = DIRECTION ( 'NONE',  ( 1.000000000000000000, 0.000000000000000000, 0.000000000000000000 ) ) ;
#7051 = EDGE_CURVE ( 'NONE', #8473, #9674, #7318, .T. ) ;
#7052 =( BOUNDED_CURVE ( )  B_SPLINE_CURVE ( 2, ( #2662, #9359, #5221 ),
 .UNSPECIFIED., .F., .F. ) 
 B_SPLINE_CURVE_WITH_KNOTS ( ( 3, 3 ),
 ( 0.000000000000000000, 1.000000000000000000 ),
 .UNSPECIFIED. ) 
 CURVE ( )  GEOMETRIC_REPRESENTATION_ITEM ( )  RATIONAL_B_SPLINE_CURVE ( ( 1.000000000000000000, 1.045347380079539867, 1.000000000000000000 ) ) 
 REPRESENTATION_ITEM ( '' )  );
#7053 = EDGE_LOOP ( 'NONE', ( #10326, #5099 ) ) ;
#7054 = VERTEX_POINT ( 'NONE', #3315 ) ;
#7055 = CARTESIAN_POINT ( 'NONE',  ( 5.000325411076948612, 8.890261272790098701, -12.29295487513798690 ) ) ;
#7056 = CARTESIAN_POINT ( 'NONE',  ( 9.697160559415609171, -6.181851954265501270, -12.08162571635597970 ) ) ;
#7057 = VECTOR ( 'NONE', #4626, 1000.000000000000000 ) ;
#7058 = CARTESIAN_POINT ( 'NONE',  ( -10.37272415736385156, -4.965625972004702682, -12.63701308647602772 ) ) ;
#7059 = VERTEX_POINT ( 'NONE', #4637 ) ;
#7060 = DIRECTION ( 'NONE',  ( 0.000000000000000000, 0.000000000000000000, 1.000000000000000000 ) ) ;
#7061 = EDGE_LOOP ( 'NONE', ( #1597 ) ) ;
#7062 = CLOSED_SHELL ( 'NONE', ( #2896, #8281, #3704, #10145, #5016, #4890, #7471, #6724, #3402, #8964, #4026, #4235, #3471, #6438, #8909, #7047, #9886, #9505, #1472, #8757, #4385, #4580, #7483, #1750, #5201, #6564, #9181, #8472, #9652, #9814, #6856, #251, #7745, #7768, #10200, #3545, #1879, #7905, #4518 ) ) ;
#7063 = ORGANIZATION ( 'UNSPECIFIED', 'UNSPECIFIED', '' ) ;
#7064 = CARTESIAN_POINT ( 'NONE',  ( -1.850000000000000089, -12.53459616788481945, 3.000000000000000000 ) ) ;
#7065 = DIRECTION ( 'NONE',  ( 2.960024404117014106E-16, 3.403936626561898508E-16, -1.000000000000000000 ) ) ;
#7066 = LINE ( 'NONE', #1291, #2050 ) ;
#7067 = FACE_OUTER_BOUND ( 'NONE', #1047, .T. ) ;
#7068 = APPROVAL_PERSON_ORGANIZATION ( #9330, #9019, #4475 ) ;
#7069 = CARTESIAN_POINT ( 'NONE',  ( 4.440069388306086218, -10.60849981976200063, -13.47164831180199407 ) ) ;
#7070 = DIRECTION ( 'NONE',  ( 0.000000000000000000, 0.000000000000000000, -1.000000000000000000 ) ) ;
#7071 = CARTESIAN_POINT ( 'NONE',  ( 10.84331591350176005, -1.849999999999885070, 4.799999999999999822 ) ) ;
#7072 = CIRCLE ( 'NONE', #6392, 11.50000000000000178 ) ;
#7073 = ORIENTED_EDGE ( 'NONE', *, *, #7970, .T. ) ;
#7074 = CARTESIAN_POINT ( 'NONE',  ( -3.835190777679926111, 9.452826095556945418, -10.83041380021800748 ) ) ;
#7075 = EDGE_CURVE ( 'NONE', #8236, #5793, #6594, .T. ) ;
#7076 = DIRECTION ( 'NONE',  ( -1.388908729652604544E-15, -4.919953083036178938E-16, 1.000000000000000000 ) ) ;
#7077 = DIRECTION ( 'NONE',  ( 0.000000000000000000, 0.000000000000000000, -1.000000000000000000 ) ) ;
#7078 = CARTESIAN_POINT ( 'NONE',  ( 4.994269506992246477, 10.35892425387459959, -12.13073272140998426 ) ) ;
#7079 = DIRECTION ( 'NONE',  ( -0.7071067811865522357, 0.7071067811865427988, -1.810146235801885321E-15 ) ) ;
#7080 = DIRECTION ( 'NONE',  ( 3.681305765304881162E-15, 2.670922029318019148E-16, -1.000000000000000000 ) ) ;
#7081 = VERTEX_POINT ( 'NONE', #7217 ) ;
#7082 = ORIENTED_EDGE ( 'NONE', *, *, #1403, .T. ) ;
#7083 = VECTOR ( 'NONE', #5066, 1000.000000000000000 ) ;
#7084 = CARTESIAN_POINT ( 'NONE',  ( 9.000000000000000000, -1.049999999999906120, 1.000000000000000000 ) ) ;
#7085 = LINE ( 'NONE', #3910, #5965 ) ;
#7086 = CARTESIAN_POINT ( 'NONE',  ( -8.890520551393285231, 4.999864555443614300, -12.26763379047202207 ) ) ;
#7087 = VERTEX_POINT ( 'NONE', #3206 ) ;
#7088 = VERTEX_POINT ( 'NONE', #9727 ) ;
#7089 = DIRECTION ( 'NONE',  ( 0.7071067812027508337, 0.7071067811703442008, 2.670000000032416660E-15 ) ) ;
#7090 = AXIS2_PLACEMENT_3D ( 'NONE', #545, #3047, #3792 ) ;
#7091 = EDGE_CURVE ( 'NONE', #6686, #1052, #5691, .T. ) ;
#7092 = CARTESIAN_POINT ( 'NONE',  ( -0.1499999999999999944, -2.144222209522359979, 7.700000000000000178 ) ) ;
#7093 = DIRECTION ( 'NONE',  ( 0.7071067811865470176, 0.000000000000000000, 0.7071067811865480168 ) ) ;
#7094 = EDGE_LOOP ( 'NONE', ( #5625 ) ) ;
#7095 = CARTESIAN_POINT ( 'NONE',  ( -9.757584728047898892, -6.086011853008559847, -27.30000000000003979 ) ) ;
#7096 = CARTESIAN_POINT ( 'NONE',  ( 1.850000000000000089, 10.77567667446463950, 4.866675785184370717 ) ) ;
#7097 = ORIENTED_EDGE ( 'NONE', *, *, #300, .T. ) ;
#7098 = AXIS2_PLACEMENT_3D ( 'NONE', #9138, #7529, #821 ) ;
#7099 = EDGE_LOOP ( 'NONE', ( #42 ) ) ;
#7100 = CARTESIAN_POINT ( 'NONE',  ( 4.961876225946268981, 8.911871283232025931, -11.89878340595498507 ) ) ;
#7101 = ADVANCED_FACE ( 'NONE', ( #1980, #2593 ), #9035, .F. ) ;
#7102 = EDGE_CURVE ( 'NONE', #7437, #2545, #5909, .T. ) ;
#7103 = CARTESIAN_POINT ( 'NONE',  ( 0.000000000000000000, 0.000000000000000000, 7.299999999999999822 ) ) ;
#7104 = VECTOR ( 'NONE', #4922, 1000.000000000000000 ) ;
#7105 = CARTESIAN_POINT ( 'NONE',  ( 8.434314575050754215, 0.5656854249493226128, -9.399999999999979039 ) ) ;
#7106 =( BOUNDED_SURFACE ( )  B_SPLINE_SURFACE ( 3, 3, ( 
 ( #4397, #6862, #2761, #2879, #596, #6973, #3689 ),
 ( #3099, #4500, #2277, #4549, #4704, #9570, #3734 ),
 ( #7026, #6277, #9517, #10249, #4603, #2172, #1349 ),
 ( #10339, #7906, #7165, #6483, #1562, #4937, #5792 ) ),
 .UNSPECIFIED., .F., .T., .F. ) 
 B_SPLINE_SURFACE_WITH_KNOTS ( ( 4, 4 ),
 ( 4, 3, 4 ),
 ( 0.000000000000000000, 1.000000000000000000 ),
 ( 0.000000000000000000, 0.5000000000000000000, 1.000000000000000000 ),
 .UNSPECIFIED. ) 
 GEOMETRIC_REPRESENTATION_ITEM ( )  RATIONAL_B_SPLINE_SURFACE ( (
 ( 1.000000000000000000, 0.3333333333333335369, 0.3333333333333335369, 1.000000000000000000, 0.3333333333333335369, 0.3333333333333335369, 1.000000000000000000),
 ( 0.8047378541243649375, 0.2682459513747884605, 0.2682459513747884605, 0.8047378541243649375, 0.2682459513747884605, 0.2682459513747884605, 0.8047378541243649375),
 ( 0.8047378541243649375, 0.2682459513747884605, 0.2682459513747884605, 0.8047378541243649375, 0.2682459513747884605, 0.2682459513747884605, 0.8047378541243649375),
 ( 1.000000000000000000, 0.3333333333333335369, 0.3333333333333335369, 1.000000000000000000, 0.3333333333333335369, 0.3333333333333335369, 1.000000000000000000) ) ) 
 REPRESENTATION_ITEM ( '' )  SURFACE ( )  );
#7107 = CARTESIAN_POINT ( 'NONE',  ( 5.657245590747886688, -8.487769952047875321, -13.17072742405299124 ) ) ;
#7108 = CARTESIAN_POINT ( 'NONE',  ( 4.775267418165545230, -5.833958804467555659, -26.70006670682399275 ) ) ;
#7109 = CARTESIAN_POINT ( 'NONE',  ( -3.597178207935918439E-14, -6.171782079359285492E-15, -12.40000000000000213 ) ) ;
#7110 = CARTESIAN_POINT ( 'NONE',  ( -10.95445115010362791, 3.500000000000019096, -10.80000000000002558 ) ) ;
#7111 = DIRECTION ( 'NONE',  ( 1.000000000000000000, 0.000000000000000000, 0.000000000000000000 ) ) ;
#7112 = PLANE ( 'NONE',  #3747 ) ;
#7113 = LINE ( 'NONE', #8702, #909 ) ;
#7114 = VECTOR ( 'NONE', #8539, 1000.000000000000000 ) ;
#7115 = DIRECTION ( 'NONE',  ( 1.503138155671783241E-15, 1.636415952796485298E-15, -1.000000000000000000 ) ) ;
#7116 = CARTESIAN_POINT ( 'NONE',  ( -9.000000000000000000, -3.142335024998445122E-14, 5.000000000000000000 ) ) ;
#7117 = DIRECTION ( 'NONE',  ( 0.000000000000000000, 0.000000000000000000, -1.000000000000000000 ) ) ;
#7118 = CARTESIAN_POINT ( 'NONE',  ( 4.904570347083974546, -10.40169708267875492, -12.82726575090199184 ) ) ;
#7119 = EDGE_LOOP ( 'NONE', ( #10259, #10138, #9474, #4502 ) ) ;
#7120 = AXIS2_PLACEMENT_3D ( 'NONE', #778, #7386, #5861 ) ;
#7121 = DIRECTION ( 'NONE',  ( -1.000000000000000000, -2.405628631302114965E-16, 0.000000000000000000 ) ) ;
#7122 = VERTEX_POINT ( 'NONE', #980 ) ;
#7123 = FACE_OUTER_BOUND ( 'NONE', #3415, .T. ) ;
#7124 = CARTESIAN_POINT ( 'NONE',  ( 1.250000000000035971, -9.000000000000000000, -9.400000000000000355 ) ) ;
#7125 = DIRECTION ( 'NONE',  ( 1.000000000000000000, 0.000000000000000000, 0.000000000000000000 ) ) ;
#7126 = CARTESIAN_POINT ( 'NONE',  ( 4.665286445081640920, 10.51126777100469134, -11.35358011494098918 ) ) ;
#7127 = CIRCLE ( 'NONE', #584, 3.000000000000000000 ) ;
#7128 = CARTESIAN_POINT ( 'NONE',  ( 0.000000000000000000, -0.2000000000000000111, 7.299999999999999822 ) ) ;
#7129 = ORIENTED_EDGE ( 'NONE', *, *, #6190, .T. ) ;
#7130 = ORIENTED_EDGE ( 'NONE', *, *, #9635, .F. ) ;
#7131 = CARTESIAN_POINT ( 'NONE',  ( -3.588230175533715185E-15, -6.834523779155948594E-15, -10.80000000000000071 ) ) ;
#7132 = EDGE_LOOP ( 'NONE', ( #2111, #7543, #1570, #10067 ) ) ;
#7133 = VECTOR ( 'NONE', #10420, 1000.000000000000000 ) ;
#7134 = ORIENTED_EDGE ( 'NONE', *, *, #4928, .F. ) ;
#7135 = DIRECTION ( 'NONE',  ( 0.000000000000000000, 0.000000000000000000, -1.000000000000000000 ) ) ;
#7136 = EDGE_CURVE ( 'NONE', #6517, #4242, #10017, .T. ) ;
#7137 = CARTESIAN_POINT ( 'NONE',  ( 10.58810457441683717, 4.488262884146043241, -13.43017601638397451 ) ) ;
#7138 = ADVANCED_FACE ( 'NONE', ( #2490, #8288 ), #4988, .T. ) ;
#7139 = LINE ( 'NONE', #617, #2749 ) ;
#7140 = EDGE_LOOP ( 'NONE', ( #4065 ) ) ;
#7141 = ORIENTED_EDGE ( 'NONE', *, *, #6363, .T. ) ;
#7142 = CARTESIAN_POINT ( 'NONE',  ( -1.053339110345203004E-15, -2.029646455628129316E-15, -22.40000000000000213 ) ) ;
#7143 = ORIENTED_EDGE ( 'NONE', *, *, #4213, .T. ) ;
#7144 = ORIENTED_EDGE ( 'NONE', *, *, #5059, .F. ) ;
#7145 = EDGE_CURVE ( 'NONE', #10548, #6031, #9304, .T. ) ;
#7146 = ORIENTED_EDGE ( 'NONE', *, *, #3947, .F. ) ;
#7147 = CIRCLE ( 'NONE', #10352, 2.000000000000000000 ) ;
#7148 = FACE_BOUND ( 'NONE', #10421, .T. ) ;
#7149 = FACE_OUTER_BOUND ( 'NONE', #2235, .T. ) ;
#7150 = CARTESIAN_POINT ( 'NONE',  ( -0.5656854249493418196, 9.565685424949224469, -9.400000000000000355 ) ) ;
#7151 = CARTESIAN_POINT ( 'NONE',  ( 4.791450894971266194, -5.851782316809428508, -26.68618552639199493 ) ) ;
#7152 = AXIS2_PLACEMENT_3D ( 'NONE', #483, #2163, #536 ) ;
#7153 = LINE ( 'NONE', #6364, #7004 ) ;
#7154 = VERTEX_POINT ( 'NONE', #6251 ) ;
#7155 = EDGE_CURVE ( 'NONE', #1140, #10511, #1430, .T. ) ;
#7156 = DIRECTION ( 'NONE',  ( -0.7071067811865522357, 0.7071067811865429098, 0.000000000000000000 ) ) ;
#7157 = VECTOR ( 'NONE', #10312, 1000.000000000000000 ) ;
#7158 = CARTESIAN_POINT ( 'NONE',  ( -4.574074773964453833, 10.55127468166247517, -11.25172247282000804 ) ) ;
#7159 = CARTESIAN_POINT ( 'NONE',  ( -9.000000000000248690, 2.546932573555920269E-13, -9.400000000000000355 ) ) ;
#7160 = AXIS2_PLACEMENT_3D ( 'NONE', #1890, #5911, #4123 ) ;
#7161 = CARTESIAN_POINT ( 'NONE',  ( 0.000000000000000000, 0.000000000000000000, 0.9999999999999991118 ) ) ;
#7162 = FACE_BOUND ( 'NONE', #5161, .T. ) ;
#7163 = CARTESIAN_POINT ( 'NONE',  ( 5.814156378556785576, -8.381784971299643061, -11.34072721469999223 ) ) ;
#7164 = EDGE_LOOP ( 'NONE', ( #5173 ) ) ;
#7165 = CARTESIAN_POINT ( 'NONE',  ( 1.992844245168571726, 1.014185295938734299, -12.29999999999999716 ) ) ;
#7166 = EDGE_CURVE ( 'NONE', #7493, #812, #3532, .T. ) ;
#7167 = CIRCLE ( 'NONE', #10050, 3.000000000000000000 ) ;
#7168 = CARTESIAN_POINT ( 'NONE',  ( -4.779841311583135521, 5.839094701443263702, -26.69609951454301111 ) ) ;
#7169 = AXIS2_PLACEMENT_3D ( 'NONE', #7761, #6963, #1122 ) ;
#7170 = CARTESIAN_POINT ( 'NONE',  ( -4.664390452583341506, -5.009927747226537775, -27.10074158624901486 ) ) ;
#7171 = VERTEX_POINT ( 'NONE', #3815 ) ;
#7172 = EDGE_LOOP ( 'NONE', ( #8459, #8412, #3457, #17 ) ) ;
#7173 = LINE ( 'NONE', #6389, #7200 ) ;
#7174 = FACE_OUTER_BOUND ( 'NONE', #8298, .T. ) ;
#7175 = CIRCLE ( 'NONE', #8369, 0.8000000000000003775 ) ;
#7176 = AXIS2_PLACEMENT_3D ( 'NONE', #7494, #4188, #8946 ) ;
#7177 = ORIENTED_EDGE ( 'NONE', *, *, #2608, .F. ) ;
#7178 = CARTESIAN_POINT ( 'NONE',  ( -4.461440563807587800, 9.172615430163498118, -13.45211824519200761 ) ) ;
#7179 = ORIENTED_EDGE ( 'NONE', *, *, #7091, .F. ) ;
#7180 = CARTESIAN_POINT ( 'NONE',  ( 2.121320343559620625, 0.7071067811865612285, -19.54142135623731136 ) ) ;
#7181 = FACE_OUTER_BOUND ( 'NONE', #1891, .T. ) ;
#7182 = ORIENTED_EDGE ( 'NONE', *, *, #6567, .F. ) ;
#7183 = DIRECTION ( 'NONE',  ( 0.7071067812027508337, 0.7071067811703442008, 2.670000000032416660E-15 ) ) ;
#7184 = CARTESIAN_POINT ( 'NONE',  ( 3.181980515339485116, -3.181980515339442039, -27.09999999999999432 ) ) ;
#7185 = CARTESIAN_POINT ( 'NONE',  ( 10.41162660277286101, 4.883472669562844537, -12.88095286815497609 ) ) ;
#7186 = DIRECTION ( 'NONE',  ( 0.000000000000000000, 0.000000000000000000, -1.000000000000000000 ) ) ;
#7187 = PLANE ( 'NONE',  #6010 ) ;
#7188 = DIRECTION ( 'NONE',  ( 1.000000000000000000, 0.000000000000000000, 0.000000000000000000 ) ) ;
#7189 = ORIENTED_EDGE ( 'NONE', *, *, #7261, .F. ) ;
#7190 = ORIENTED_EDGE ( 'NONE', *, *, #9609, .T. ) ;
#7191 = VERTEX_POINT ( 'NONE', #5566 ) ;
#7192 = ORIENTED_EDGE ( 'NONE', *, *, #10514, .T. ) ;
#7193 = ADVANCED_FACE ( 'NONE', ( #9544 ), #7978, .F. ) ;
#7194 = AXIS2_PLACEMENT_3D ( 'NONE', #8618, #9366, #10255 ) ;
#7195 = VERTEX_POINT ( 'NONE', #9592 ) ;
#7196 = CARTESIAN_POINT ( 'NONE',  ( 4.042800561376947321, 9.365189036363474884, -13.70235281212898570 ) ) ;
#7197 = CARTESIAN_POINT ( 'NONE',  ( -4.212570418672477396E-14, -8.397006983967049060E-15, -9.500000000000001776 ) ) ;
#7198 = CARTESIAN_POINT ( 'NONE',  ( 4.664196831989327663, 5.675482695506466335, -26.81148721432698778 ) ) ;
#7199 = DIRECTION ( 'NONE',  ( 0.000000000000000000, 0.000000000000000000, -1.000000000000000000 ) ) ;
#7200 = VECTOR ( 'NONE', #722, 1000.000000000000000 ) ;
#7201 = EDGE_CURVE ( 'NONE', #3516, #2495, #4739, .T. ) ;
#7202 = VERTEX_POINT ( 'NONE', #10377 ) ;
#7203 = CARTESIAN_POINT ( 'NONE',  ( 4.691776878258072436, -5.724914646108454797, -26.77931619017299170 ) ) ;
#7204 = DIRECTION ( 'NONE',  ( 2.180868324581535502E-15, 8.031222920257052732E-16, -1.000000000000000000 ) ) ;
#7205 = ORIENTED_EDGE ( 'NONE', *, *, #6504, .F. ) ;
#7206 = DIRECTION ( 'NONE',  ( 1.000000000000000000, 0.000000000000000000, 0.000000000000000000 ) ) ;
#7207 = DIRECTION ( 'NONE',  ( 0.7071067811865415775, 0.7071067811865535679, 2.219999999999998997E-15 ) ) ;
#7208 = VECTOR ( 'NONE', #5514, 1000.000000000000000 ) ;
#7209 = CARTESIAN_POINT ( 'NONE',  ( 9.757584728041630129, -6.086011853002031735, -23.79999999999997939 ) ) ;
#7210 = ADVANCED_FACE ( 'NONE', ( #3980 ), #9063, .F. ) ;
#7211 = LINE ( 'NONE', #8872, #3605 ) ;
#7212 = CARTESIAN_POINT ( 'NONE',  ( -1.414213562372437671, 5.085786437626810041, -24.80000000000000426 ) ) ;
#7213 = EDGE_CURVE ( 'NONE', #1230, #7450, #4097, .T. ) ;
#7214 = CARTESIAN_POINT ( 'NONE',  ( -2.333452377915610665, -0.7778174593052220587, -22.50000000000000711 ) ) ;
#7215 = CARTESIAN_POINT ( 'NONE',  ( 0.000000000000000000, 0.000000000000000000, 1.000000000000000000 ) ) ;
#7216 = EDGE_LOOP ( 'NONE', ( #8589, #2864, #8829, #3804, #6904, #1374, #5857, #9444, #8684, #462, #9384, #8197 ) ) ;
#7217 = CARTESIAN_POINT ( 'NONE',  ( 2.449293598294710359E-16, -2.000000000000000000, 7.299999999999998934 ) ) ;
#7218 = DIRECTION ( 'NONE',  ( 0.000000000000000000, 0.000000000000000000, -1.000000000000000000 ) ) ;
#7219 = EDGE_CURVE ( 'NONE', #3104, #9912, #2521, .T. ) ;
#7220 = CARTESIAN_POINT ( 'NONE',  ( -4.684030689613308596, -4.972196530949371862, -27.10889616804601587 ) ) ;
#7221 = ORIENTED_EDGE ( 'NONE', *, *, #2736, .T. ) ;
#7222 =( BOUNDED_CURVE ( )  B_SPLINE_CURVE ( 2, ( #3748, #4408, #1305 ),
 .UNSPECIFIED., .F., .T. ) 
 B_SPLINE_CURVE_WITH_KNOTS ( ( 3, 3 ),
 ( 0.000000000000000000, 1.000000000000000000 ),
 .UNSPECIFIED. ) 
 CURVE ( )  GEOMETRIC_REPRESENTATION_ITEM ( )  RATIONAL_B_SPLINE_CURVE ( ( 1.000000000000000000, 1.045347380084231892, 1.000000000000000000 ) ) 
 REPRESENTATION_ITEM ( '' )  );
#7223 = ORIENTED_EDGE ( 'NONE', *, *, #8781, .F. ) ;
#7224 = CARTESIAN_POINT ( 'NONE',  ( 8.760262930798850434, -5.224729024866035410, -12.41065561464998090 ) ) ;
#7225 = AXIS2_PLACEMENT_3D ( 'NONE', #4392, #388, #7594 ) ;
#7226 = ADVANCED_FACE ( 'NONE', ( #9752 ), #8214, .F. ) ;
#7227 = CARTESIAN_POINT ( 'NONE',  ( -4.999864555443657821, -8.890520551393256810, -12.26763379047201852 ) ) ;
#7229 = ADVANCED_FACE ( 'NONE', ( #1703 ), #5021, .T. ) ;
#7228 = CYLINDRICAL_SURFACE ( 'NONE', #4729, 1.050000000000000044 ) ;
#7230 = ADVANCED_FACE ( 'NONE', ( #8470 ), #1153, .T. ) ;
#7231 = CARTESIAN_POINT ( 'NONE',  ( 4.691214343688828059, 4.959808227259510538, -27.11124587704098587 ) ) ;
#7232 = VECTOR ( 'NONE', #10119, 1000.000000000000114 ) ;
#7233 = ADVANCED_FACE ( 'NONE', ( #955, #1806 ), #8366, .F. ) ;
#7234 = CARTESIAN_POINT ( 'NONE',  ( -2.379416067773282073, 1.758285178163983442, -12.40000000000000391 ) ) ;
#7235 = DIRECTION ( 'NONE',  ( 0.7071067811865415775, 0.7071067811865535679, 7.799999999999990666E-16 ) ) ;
#7236 = ORIENTED_EDGE ( 'NONE', *, *, #10514, .F. ) ;
#7237 = CARTESIAN_POINT ( 'NONE',  ( 0.1496993885214814302, -3.496295113431885149, 7.700000000000000178 ) ) ;
#7238 = CARTESIAN_POINT ( 'NONE',  ( 6.363961030679040398, 6.363961030679200270, 5.000000000000000000 ) ) ;
#7239 = CARTESIAN_POINT ( 'NONE',  ( 2.209188309203653944, 0.7363961030679071484, -19.49999999999999645 ) ) ;
#7240 = CYLINDRICAL_SURFACE ( 'NONE', #8166, 3.500000000000000444 ) ;
#7241 = CARTESIAN_POINT ( 'NONE',  ( -8.916240535517863108, 4.954063058880175063, -12.72479970302002172 ) ) ;
#7242 = DIRECTION ( 'NONE',  ( 1.000000000000000000, 0.000000000000000000, -0.000000000000000000 ) ) ;
#7243 = VERTEX_POINT ( 'NONE', #9998 ) ;
#7244 = AXIS2_PLACEMENT_3D ( 'NONE', #7092, #5503, #10266 ) ;
#7245 = CARTESIAN_POINT ( 'NONE',  ( -2.075390556573256440, -1.056194226372473510, -9.400000000000011013 ) ) ;
#7246 = CARTESIAN_POINT ( 'NONE',  ( 10.82572605383264808, 3.883880413703078016, -10.84001363152697195 ) ) ;
#7247 = DIRECTION ( 'NONE',  ( 1.000000000000000000, 0.000000000000000000, 0.000000000000000000 ) ) ;
#7248 = CARTESIAN_POINT ( 'NONE',  ( -10.95445115010356218, -3.500000000000216716, -13.80000000000002913 ) ) ;
#7249 = AXIS2_PLACEMENT_3D ( 'NONE', #2640, #8389, #373 ) ;
#7250 = ORIENTED_EDGE ( 'NONE', *, *, #1503, .F. ) ;
#7251 = ORIENTED_EDGE ( 'NONE', *, *, #2500, .F. ) ;
#7252 = FACE_OUTER_BOUND ( 'NONE', #4537, .T. ) ;
#7253 = ORIENTED_EDGE ( 'NONE', *, *, #8212, .T. ) ;
#7254 = ORIENTED_EDGE ( 'NONE', *, *, #1810, .F. ) ;
#7255 = ORIENTED_EDGE ( 'NONE', *, *, #2166, .F. ) ;
#7256 = CARTESIAN_POINT ( 'NONE',  ( 9.280770596475917955E-14, -9.000000000000010658, -10.80000000000000426 ) ) ;
#7257 = CIRCLE ( 'NONE', #1752, 11.00000000000000000 ) ;
#7258 = PLANE ( 'NONE',  #2131 ) ;
#7259 = CARTESIAN_POINT ( 'NONE',  ( 4.723919738094306986, 5.771994226636864234, -26.74652799504798750 ) ) ;
#7260 = CARTESIAN_POINT ( 'NONE',  ( -10.78157098495245414, -4.003993638786973897, -10.87852819150302786 ) ) ;
#7261 = EDGE_CURVE ( 'NONE', #5033, #5033, #9012, .T. ) ;
#7262 = CARTESIAN_POINT ( 'NONE',  ( 11.49999999999998046, -9.679893911179657554E-15, -15.30000000000000071 ) ) ;
#7263 = DIRECTION ( 'NONE',  ( -1.466690475583121533E-15, -8.950461735799506958E-16, 1.000000000000000000 ) ) ;
#7264 = CARTESIAN_POINT ( 'NONE',  ( 4.620490197275579192, -5.120077358544430801, -27.07101095255299228 ) ) ;
#7265 = DIRECTION ( 'NONE',  ( 1.000000000000000000, 0.000000000000000000, 0.000000000000000000 ) ) ;
#7266 = CIRCLE ( 'NONE', #8620, 2.000000000000000000 ) ;
#7267 = ORIENTED_EDGE ( 'NONE', *, *, #2485, .T. ) ;
#7268 = VERTEX_POINT ( 'NONE', #7615 ) ;
#7269 = PLANE ( 'NONE',  #3736 ) ;
#7270 = EDGE_CURVE ( 'NONE', #153, #5959, #254, .T. ) ;
#7271 = CARTESIAN_POINT ( 'NONE',  ( 2.121320343559568666, 6.363961030678939146, -19.54142135623731136 ) ) ;
#7272 = CYLINDRICAL_SURFACE ( 'NONE', #1405, 1.050000000000000044 ) ;
#7273 = FACE_OUTER_BOUND ( 'NONE', #3390, .T. ) ;
#7274 = CARTESIAN_POINT ( 'NONE',  ( -0.1499999999999999944, -3.200000000000000178, 7.700000000000000178 ) ) ;
#7275 = EDGE_CURVE ( 'NONE', #4125, #5548, #10354, .T. ) ;
#7276 = CARTESIAN_POINT ( 'NONE',  ( 4.694223905502106220, -10.49834089726122599, -13.20887311047199297 ) ) ;
#7277 = CYLINDRICAL_SURFACE ( 'NONE', #6422, 7.000000000000000000 ) ;
#7278 = CARTESIAN_POINT ( 'NONE',  ( -5.833630944789019779, -5.833630944789019779, 0.9999999999999991118 ) ) ;
#7279 = ORIENTED_EDGE ( 'NONE', *, *, #10207, .T. ) ;
#7280 = CIRCLE ( 'NONE', #9491, 2.000000000000000000 ) ;
#7281 = CARTESIAN_POINT ( 'NONE',  ( -4.586644626587652596, -5.287923602955207691, -27.01147046386201467 ) ) ;
#7282 = EDGE_CURVE ( 'NONE', #5275, #7439, #7085, .T. ) ;
#7283 = ORIENTED_EDGE ( 'NONE', *, *, #7998, .T. ) ;
#7284 = EDGE_LOOP ( 'NONE', ( #7236 ) ) ;
#7285 = DIRECTION ( 'NONE',  ( 0.7071067811865474617, -0.7071067811865474617, 0.000000000000000000 ) ) ;
#7286 = ORIENTED_EDGE ( 'NONE', *, *, #3697, .F. ) ;
#7287 = CARTESIAN_POINT ( 'NONE',  ( -3.500000000000000000, -9.580709785814674362, -10.80000000000001137 ) ) ;
#7288 = CARTESIAN_POINT ( 'NONE',  ( 4.281362845578814635, 10.67351484864335376, -13.58217164597898652 ) ) ;
#7289 = B_SPLINE_CURVE_WITH_KNOTS ( 'NONE', 6,
 ( #10496, #9461, #8653, #4596, #1292, #5787, #2435, #9029, #9923, #1616, #65, #2586, #9134, #1665, #9877, #7329, #8928, #4870, #7477, #112, #8130, #8179, #7526, #765, #5848, #1555, #4057, #5046, #817, #4118, #7376, #8230, #8283, #4221, #1828, #9398, #3563, #4485, #2744, #10299, #6130, #2016 ),
 .UNSPECIFIED., .F., .F.,
 ( 7, 5, 5, 5, 5, 5, 5, 5, 7 ),
 ( 0.000000000000000000, 0.1851155250469999902, 0.2713798595649999923, 0.3350015162030000049, 0.4999998259260000077, 0.6643125995439999043, 0.7277723586150000035, 0.8148846230569999349, 1.000000000000000000 ),
 .UNSPECIFIED. ) ;
#7290 = CARTESIAN_POINT ( 'NONE',  ( -3.883880206015780434, -10.82572612942106183, -10.84001357849501446 ) ) ;
#7291 = CARTESIAN_POINT ( 'NONE',  ( 2.412728902227620598, -1.782901916639093809, -12.35857864376268900 ) ) ;
#7292 = DIRECTION ( 'NONE',  ( 2.336431816442579734E-15, 3.364318164425855440E-16, -1.000000000000000000 ) ) ;
#7293 = AXIS2_PLACEMENT_3D ( 'NONE', #3984, #10594, #8313 ) ;
#7294 = ORIENTED_EDGE ( 'NONE', *, *, #6722, .T. ) ;
#7295 = CARTESIAN_POINT ( 'NONE',  ( -4.339082334305367716, 9.231280351169337095, -13.54540266655300940 ) ) ;
#7296 = ORIENTED_EDGE ( 'NONE', *, *, #4133, .F. ) ;
#7297 =( BOUNDED_CURVE ( )  B_SPLINE_CURVE ( 2, ( #6090, #8831, #4365 ),
 .UNSPECIFIED., .F., .F. ) 
 B_SPLINE_CURVE_WITH_KNOTS ( ( 3, 3 ),
 ( 0.000000000000000000, 1.000000000000000000 ),
 .UNSPECIFIED. ) 
 CURVE ( )  GEOMETRIC_REPRESENTATION_ITEM ( )  RATIONAL_B_SPLINE_CURVE ( ( 1.000000000000000000, 1.045347380079559851, 1.000000000000000000 ) ) 
 REPRESENTATION_ITEM ( '' )  );
#7298 = CARTESIAN_POINT ( 'NONE',  ( -8.946641378701585268, 4.899622735904621607, -12.88512828556202017 ) ) ;
#7299 = ORIENTED_EDGE ( 'NONE', *, *, #2597, .F. ) ;
#7300 = ADVANCED_FACE ( 'NONE', ( #7181 ), #4514, .T. ) ;
#7301 = CARTESIAN_POINT ( 'NONE',  ( 0.4227941413851468155, 2.423065231067938807, -9.400000000000000355 ) ) ;
#7302 = CARTESIAN_POINT ( 'NONE',  ( -5.848122532028974696, 4.787963607184360981, -26.68909590910601182 ) ) ;
#7303 = CONICAL_SURFACE ( 'NONE', #2658, 1.050000000000409939, 0.7853981633974497223 ) ;
#7304 = CARTESIAN_POINT ( 'NONE',  ( 10.78157098492834010, 4.003993638827974877, -13.72147180842897463 ) ) ;
#7305 = CYLINDRICAL_SURFACE ( 'NONE', #4498, 1.499999999999999556 ) ;
#7306 = CARTESIAN_POINT ( 'NONE',  ( 9.757584728041639011, -6.086011853002030847, -27.29999999999997939 ) ) ;
#7307 = CARTESIAN_POINT ( 'NONE',  ( -1.050000000000000044, -9.000000000000000000, 0.000000000000000000 ) ) ;
#7308 = DIRECTION ( 'NONE',  ( 3.672863632885155051E-15, 2.586500705120765921E-16, -1.000000000000000000 ) ) ;
#7309 = EDGE_LOOP ( 'NONE', ( #7747, #7585, #2752, #8680 ) ) ;
#7310 = CARTESIAN_POINT ( 'NONE',  ( -9.000000000000000000, -1.050000000000032019, 1.000000000000000000 ) ) ;
#7311 = EDGE_LOOP ( 'NONE', ( #9857, #4439 ) ) ;
#7312 = DIRECTION ( 'NONE',  ( 0.000000000000000000, 0.000000000000000000, 1.000000000000000000 ) ) ;
#7313 = AXIS2_PLACEMENT_3D ( 'NONE', #6373, #9614, #1449 ) ;
#7314 = CARTESIAN_POINT ( 'NONE',  ( 0.000000000000000000, 0.000000000000000000, 0.9999999999999991118 ) ) ;
#7315 = ORIENTED_EDGE ( 'NONE', *, *, #10146, .F. ) ;
#7316 = ADVANCED_FACE ( 'NONE', ( #1260 ), #509, .T. ) ;
#7317 = ORIENTED_EDGE ( 'NONE', *, *, #10243, .T. ) ;
#7318 = CIRCLE ( 'NONE', #9343, 2.000000000000000000 ) ;
#7319 = CARTESIAN_POINT ( 'NONE',  ( -10.60727770931988800, -4.443000087303982326, -11.13063113053702757 ) ) ;
#7320 = CARTESIAN_POINT ( 'NONE',  ( -1.838477631085042585, 1.838477631085001951, -12.40000000000000213 ) ) ;
#7321 = CARTESIAN_POINT ( 'NONE',  ( -2.926167029855665788E-15, -2.362991693419707544E-15, -22.50000000000000355 ) ) ;
#7322 = FACE_BOUND ( 'NONE', #2198, .T. ) ;
#7323 = ORIENTED_EDGE ( 'NONE', *, *, #5492, .T. ) ;
#7324 = AXIS2_PLACEMENT_3D ( 'NONE', #6932, #2894, #8782 ) ;
#7325 = ORIENTED_EDGE ( 'NONE', *, *, #805, .T. ) ;
#7326 = ORIENTED_EDGE ( 'NONE', *, *, #7632, .T. ) ;
#7327 = DIRECTION ( 'NONE',  ( 0.000000000000000000, 0.000000000000000000, 1.000000000000000000 ) ) ;
#7328 = FACE_OUTER_BOUND ( 'NONE', #7937, .T. ) ;
#7329 = CARTESIAN_POINT ( 'NONE',  ( 6.279207507742964545, -9.634405768455208019, -11.81034020581999044 ) ) ;
#7330 = AXIS2_PLACEMENT_3D ( 'NONE', #1917, #9278, #4252 ) ;
#7331 = CARTESIAN_POINT ( 'NONE',  ( 3.883880413703045154, -10.82572605383269426, -10.84001363152699682 ) ) ;
#7332 = ORIENTED_EDGE ( 'NONE', *, *, #767, .F. ) ;
#7333 = VERTEX_POINT ( 'NONE', #2948 ) ;
#7334 = EDGE_CURVE ( 'NONE', #4113, #3189, #6239, .T. ) ;
#7335 = CARTESIAN_POINT ( 'NONE',  ( -4.783271731645518443, -5.842946624174067516, -26.69312412033101367 ) ) ;
#7336 = VERTEX_POINT ( 'NONE', #556 ) ;
#7337 = DIRECTION ( 'NONE',  ( 9.222182540694783561E-16, 1.114249275747775692E-15, -1.000000000000000000 ) ) ;
#7338 = CARTESIAN_POINT ( 'NONE',  ( 4.042800561328316000, -9.365189036385336507, -13.70235281215099477 ) ) ;
#7339 = CARTESIAN_POINT ( 'NONE',  ( -11.00000000000000000, 0.000000000000000000, 3.000000000000000000 ) ) ;
#7340 = CARTESIAN_POINT ( 'NONE',  ( 1.050000000000000044, 9.000000000000000000, 0.9999999999999991118 ) ) ;
#7341 = VERTEX_POINT ( 'NONE', #3853 ) ;
#7342 = ADVANCED_FACE ( 'NONE', ( #1471, #670 ), #7240, .T. ) ;
#7343 = AXIS2_PLACEMENT_3D ( 'NONE', #6307, #7204, #757 ) ;
#7344 = CARTESIAN_POINT ( 'NONE',  ( -4.042800561336867382, 9.365189036381083909, -13.70235281214800693 ) ) ;
#7345 = VECTOR ( 'NONE', #7089, 1000.000000000000114 ) ;
#7346 = CARTESIAN_POINT ( 'NONE',  ( 9.142016692789400878, -4.523888436608034525, -11.20240610521597979 ) ) ;
#7347 = VERTEX_POINT ( 'NONE', #1107 ) ;
#7348 = CARTESIAN_POINT ( 'NONE',  ( -7.163961030678819952, 6.363961030678660258, 5.000000000000000000 ) ) ;
#7349 = DIRECTION ( 'NONE',  ( 1.000000000000000000, 1.047445008332813989E-14, 0.000000000000000000 ) ) ;
#7350 = CARTESIAN_POINT ( 'NONE',  ( -5.409901542369489391, 4.590845559896499672, -26.95634371657001083 ) ) ;
#7351 = FACE_OUTER_BOUND ( 'NONE', #9084, .T. ) ;
#7352 = VECTOR ( 'NONE', #5871, 1000.000000000000000 ) ;
#7353 = PLANE ( 'NONE',  #1720 ) ;
#7354 = ORIENTED_EDGE ( 'NONE', *, *, #6900, .F. ) ;
#7355 = EDGE_CURVE ( 'NONE', #6659, #6442, #7815, .T. ) ;
#7356 = ORIENTED_EDGE ( 'NONE', *, *, #9830, .T. ) ;
#7357 = LINE ( 'NONE', #9807, #2549 ) ;
#7358 = DIRECTION ( 'NONE',  ( 0.000000000000000000, 0.000000000000000000, -1.000000000000000000 ) ) ;
#7359 = AXIS2_PLACEMENT_3D ( 'NONE', #3134, #6413, #9650 ) ;
#7360 = AXIS2_PLACEMENT_3D ( 'NONE', #4030, #10471, #6458 ) ;
#7361 = VERTEX_POINT ( 'NONE', #2684 ) ;
#7362 = ORIENTED_EDGE ( 'NONE', *, *, #10381, .T. ) ;
#7363 = DIRECTION ( 'NONE',  ( 1.031457201932155548E-14, -1.000000000000000000, 0.000000000000000000 ) ) ;
#7364 = CARTESIAN_POINT ( 'NONE',  ( -4.405198112628869289, 8.076770987746009212, -23.80000000000000782 ) ) ;
#7365 = CARTESIAN_POINT ( 'NONE',  ( 0.000000000000000000, 0.000000000000000000, 7.299999999999999822 ) ) ;
#7366 = EDGE_CURVE ( 'NONE', #914, #914, #1803, .T. ) ;
#7367 = VERTEX_POINT ( 'NONE', #9862 ) ;
#7368 = EDGE_CURVE ( 'NONE', #4632, #120, #1874, .T. ) ;
#7369 = CARTESIAN_POINT ( 'NONE',  ( 5.402752016213032249, -4.588097685996551434, -26.96055140843398945 ) ) ;
#7370 = AXIS2_PLACEMENT_3D ( 'NONE', #5873, #8155, #2566 ) ;
#7371 = CARTESIAN_POINT ( 'NONE',  ( 1.050000000000000044, -9.000000000000000000, 0.000000000000000000 ) ) ;
#7372 = ORIENTED_EDGE ( 'NONE', *, *, #5290, .F. ) ;
#7373 = ORIENTED_EDGE ( 'NONE', *, *, #8850, .F. ) ;
#7374 = AXIS2_PLACEMENT_3D ( 'NONE', #5604, #6491, #3843 ) ;
#7375 = DIRECTION ( 'NONE',  ( 1.000000000000000000, 0.000000000000000000, 0.000000000000000000 ) ) ;
#7376 = CARTESIAN_POINT ( 'NONE',  ( 6.337331614827661497, -9.596283020905302052, -12.89493337569099118 ) ) ;
#7377 = CARTESIAN_POINT ( 'NONE',  ( -1.053339110345203004E-15, -2.029646455628129316E-15, -22.40000000000000213 ) ) ;
#7378 = CARTESIAN_POINT ( 'NONE',  ( 6.000000000000000000, 3.200000000000000178, 7.000000000000000000 ) ) ;
#7379 = FACE_BOUND ( 'NONE', #9641, .T. ) ;
#7380 = CIRCLE ( 'NONE', #2578, 1.050000000000409939 ) ;
#7381 = CYLINDRICAL_SURFACE ( 'NONE', #2533, 1.850000000000000089 ) ;
#7382 = DIRECTION ( 'NONE',  ( 0.000000000000000000, 0.000000000000000000, 1.000000000000000000 ) ) ;
#7383 = ORIENTED_EDGE ( 'NONE', *, *, #4544, .T. ) ;
#7384 = ORIENTED_EDGE ( 'NONE', *, *, #7550, .F. ) ;
#7385 = FACE_OUTER_BOUND ( 'NONE', #8789, .T. ) ;
#7386 = DIRECTION ( 'NONE',  ( 0.000000000000000000, 0.000000000000000000, 1.000000000000000000 ) ) ;
#7387 = CONICAL_SURFACE ( 'NONE', #5878, 1.050000000000200107, 0.7853981633974490562 ) ;
#7388 = CARTESIAN_POINT ( 'NONE',  ( -4.829212496712131042, -10.43691013647775279, -11.60369799986901640 ) ) ;
#7389 = FACE_OUTER_BOUND ( 'NONE', #1402, .T. ) ;
#7390 = VERTEX_POINT ( 'NONE', #7570 ) ;
#7391 = CARTESIAN_POINT ( 'NONE',  ( 9.539334684965934841, 3.613257950337076974, -10.80000000870997745 ) ) ;
#7392 = FACE_BOUND ( 'NONE', #10191, .T. ) ;
#7393 = EDGE_LOOP ( 'NONE', ( #2281, #67, #9140, #6687 ) ) ;
#7394 = PLANE ( 'NONE',  #3577 ) ;
#7395 = CARTESIAN_POINT ( 'NONE',  ( -9.157129687445767274, 4.493210294610714861, -13.42529421492102237 ) ) ;
#7396 = ORIENTED_EDGE ( 'NONE', *, *, #9566, .F. ) ;
#7397 = AXIS2_PLACEMENT_3D ( 'NONE', #235, #7652, #2874 ) ;
#7398 = CARTESIAN_POINT ( 'NONE',  ( -0.8042429674092623770, 0.5943006388796879813, -9.441421356237313489 ) ) ;
#7399 = EDGE_CURVE ( 'NONE', #9642, #6194, #7681, .T. ) ;
#7400 = LINE ( 'NONE', #3279, #5511 ) ;
#7401 = EDGE_CURVE ( 'NONE', #2387, #9794, #3065, .T. ) ;
#7402 = CARTESIAN_POINT ( 'NONE',  ( 0.000000000000000000, -9.000000000000000000, 3.000000000000000000 ) ) ;
#7403 = CYLINDRICAL_SURFACE ( 'NONE', #2239, 0.7999999999999999334 ) ;
#7404 = ORIENTED_EDGE ( 'NONE', *, *, #3950, .F. ) ;
#7405 = EDGE_LOOP ( 'NONE', ( #6754, #3286, #2238, #7610 ) ) ;
#7406 = CARTESIAN_POINT ( 'NONE',  ( -1.059907643911732089, -2.750000000000000444, 7.700000000000000178 ) ) ;
#7407 = CARTESIAN_POINT ( 'NONE',  ( -2.125112707673969759, -5.796685582895939604, -24.80000000000000782 ) ) ;
#7408 = AXIS2_PLACEMENT_3D ( 'NONE', #2798, #223, #8158 ) ;
#7409 = ORIENTED_EDGE ( 'NONE', *, *, #846, .T. ) ;
#7410 = DIRECTION ( 'NONE',  ( -1.000000000000000000, 0.000000000000000000, 0.000000000000000000 ) ) ;
#7411 = ORIENTED_EDGE ( 'NONE', *, *, #6266, .F. ) ;
#7412 = EDGE_LOOP ( 'NONE', ( #10370, #3409, #7315, #3075 ) ) ;
#7413 = DIRECTION ( 'NONE',  ( 0.000000000000000000, 0.000000000000000000, 1.000000000000000000 ) ) ;
#7414 = DIRECTION ( 'NONE',  ( 0.000000000000000000, 0.000000000000000000, -1.000000000000000000 ) ) ;
#7415 = EDGE_CURVE ( 'NONE', #9777, #5438, #10313, .T. ) ;
#7416 = AXIS2_PLACEMENT_3D ( 'NONE', #4116, #1662, #4167 ) ;
#7417 = CARTESIAN_POINT ( 'NONE',  ( -10.55127468166252314, -4.574074773964422747, -11.25172247282002758 ) ) ;
#7418 = VERTEX_POINT ( 'NONE', #5892 ) ;
#7419 = CARTESIAN_POINT ( 'NONE',  ( -4.234089883065451789E-14, -8.470242795433640434E-15, -9.400000000000002132 ) ) ;
#7420 = ORIENTED_EDGE ( 'NONE', *, *, #4933, .F. ) ;
#7421 = AXIS2_PLACEMENT_3D ( 'NONE', #1826, #8390, #1935 ) ;
#7422 = EDGE_CURVE ( 'NONE', #9217, #9106, #5403, .T. ) ;
#7423 = DIRECTION ( 'NONE',  ( 0.000000000000000000, 0.000000000000000000, -1.000000000000000000 ) ) ;
#7424 = VERTEX_POINT ( 'NONE', #5343 ) ;
#7425 = EDGE_CURVE ( 'NONE', #6166, #4203, #9855, .T. ) ;
#7426 = CARTESIAN_POINT ( 'NONE',  ( 9.000000000000000000, 1.050000000000093747, 3.000000000000000000 ) ) ;
#7427 = ADVANCED_FACE ( 'NONE', ( #464 ), #2961, .T. ) ;
#7428 = EDGE_LOOP ( 'NONE', ( #4352, #4295, #599, #2516 ) ) ;
#7429 = DIRECTION ( 'NONE',  ( 0.7071067811865411334, 0.7071067811865539010, 1.810146235801885715E-15 ) ) ;
#7430 = DIRECTION ( 'NONE',  ( -6.110912703474027111E-16, -4.919953083036113857E-16, 1.000000000000000000 ) ) ;
#7431 = LINE ( 'NONE', #4987, #2880 ) ;
#7432 = ORIENTED_EDGE ( 'NONE', *, *, #8660, .T. ) ;
#7433 = FACE_OUTER_BOUND ( 'NONE', #9844, .T. ) ;
#7434 = VERTEX_POINT ( 'NONE', #7310 ) ;
#7435 = LINE ( 'NONE', #3366, #3908 ) ;
#7436 = AXIS2_PLACEMENT_3D ( 'NONE', #9358, #1085, #395 ) ;
#7437 = VERTEX_POINT ( 'NONE', #3234 ) ;
#7438 = EDGE_CURVE ( 'NONE', #5466, #2310, #3976, .T. ) ;
#7439 = VERTEX_POINT ( 'NONE', #8904 ) ;
#7440 = CARTESIAN_POINT ( 'NONE',  ( -4.954063058880216808, -8.916240535517834687, -12.72479970302001817 ) ) ;
#7441 = DIRECTION ( 'NONE',  ( 9.912705577010325352E-15, -1.000000000000000000, 0.000000000000000000 ) ) ;
#7442 = CARTESIAN_POINT ( 'NONE',  ( 4.647279604265357023, 5.046756922887674079, -27.09186954811298520 ) ) ;
#7443 = CARTESIAN_POINT ( 'NONE',  ( -4.994269506994440277, -10.35892425387673477, -12.13073272141001802 ) ) ;
#7444 = CARTESIAN_POINT ( 'NONE',  ( -8.153200337090993344E-14, 8.611541618386116426, -23.79999999999999716 ) ) ;
#7445 = VECTOR ( 'NONE', #3283, 1000.000000000000000 ) ;
#7446 = VERTEX_POINT ( 'NONE', #1481 ) ;
#7447 = VERTEX_POINT ( 'NONE', #39 ) ;
#7448 = CARTESIAN_POINT ( 'NONE',  ( -5.551115123125782702E-14, 6.500000000000625278, -27.30000000000000071 ) ) ;
#7449 = CARTESIAN_POINT ( 'NONE',  ( -9.000000000000000000, -3.142335024998445122E-14, 1.000000000000000000 ) ) ;
#7450 = VERTEX_POINT ( 'NONE', #1589 ) ;
#7451 = DIRECTION ( 'NONE',  ( -0.7071067811865535679, 0.7071067811865414665, 1.508455196501571429E-16 ) ) ;
#7452 = CARTESIAN_POINT ( 'NONE',  ( -5.090756487813062670, 4.629014302878590392, -27.08030239421601237 ) ) ;
#7453 = CARTESIAN_POINT ( 'NONE',  ( 3.181980515339437154, 3.181980515339490889, -27.29999999999999005 ) ) ;
#7454 = CIRCLE ( 'NONE', #5945, 0.1000000000000000194 ) ;
#7455 = FACE_OUTER_BOUND ( 'NONE', #1900, .T. ) ;
#7456 = ORIENTED_EDGE ( 'NONE', *, *, #4886, .T. ) ;
#7457 = DIRECTION ( 'NONE',  ( 0.7071067811865415775, 0.7071067811865535679, 2.219999999999999786E-15 ) ) ;
#7458 = CARTESIAN_POINT ( 'NONE',  ( 10.46490192071895997, -4.768311880335263098, -11.49744920562097761 ) ) ;
#7459 = ORIENTED_EDGE ( 'NONE', *, *, #10581, .F. ) ;
#7460 = ADVANCED_FACE ( 'NONE', ( #4035 ), #679, .T. ) ;
#7461 = ORIENTED_EDGE ( 'NONE', *, *, #3341, .F. ) ;
#7462 = DIRECTION ( 'NONE',  ( 1.318198051533960105E-15, -6.818019484660514888E-16, -1.000000000000000000 ) ) ;
#7463 = EDGE_CURVE ( 'NONE', #983, #6526, #9701, .T. ) ;
#7464 = CYLINDRICAL_SURFACE ( 'NONE', #6834, 0.7999999999999998224 ) ;
#7465 = DIRECTION ( 'NONE',  ( 0.8042429674092189673, -0.5943006388796951978, 1.255446894611551564E-15 ) ) ;
#7466 = EDGE_CURVE ( 'NONE', #7424, #7027, #1536, .T. ) ;
#7467 = PLANE ( 'NONE',  #1017 ) ;
#7468 = VERTEX_POINT ( 'NONE', #7320 ) ;
#7469 = CARTESIAN_POINT ( 'NONE',  ( -2.125112707674067458, 5.796685582895901412, -24.80000000000000426 ) ) ;
#7470 = DIRECTION ( 'NONE',  ( -0.7071067811865474617, 0.7071067811865474617, 0.000000000000000000 ) ) ;
#7471 = ADVANCED_FACE ( 'NONE', ( #9804 ), #2464, .T. ) ;
#7472 = EDGE_LOOP ( 'NONE', ( #6920, #4342, #3632, #4051 ) ) ;
#7473 = ORIENTED_EDGE ( 'NONE', *, *, #7102, .T. ) ;
#7474 = AXIS2_PLACEMENT_3D ( 'NONE', #6988, #9532, #4618 ) ;
#7475 = DIRECTION ( 'NONE',  ( -1.000000000000000000, 0.000000000000000000, 0.000000000000000000 ) ) ;
#7476 = FACE_OUTER_BOUND ( 'NONE', #5118, .T. ) ;
#7477 = CARTESIAN_POINT ( 'NONE',  ( 6.188959743624629972, -9.692642019260070185, -12.06333003276299287 ) ) ;
#7478 = DIRECTION ( 'NONE',  ( -0.7071067811865520136, 0.7071067811865429098, 1.508455196501571183E-16 ) ) ;
#7479 = FACE_OUTER_BOUND ( 'NONE', #5519, .T. ) ;
#7480 = VECTOR ( 'NONE', #204, 1000.000000000000000 ) ;
#7481 = DIRECTION ( 'NONE',  ( -0.7071067811865421326, -0.7071067811865529018, -2.168404344971009262E-15 ) ) ;
#7482 = ORIENTED_EDGE ( 'NONE', *, *, #9932, .T. ) ;
#7483 = ADVANCED_FACE ( 'NONE', ( #4303 ), #5174, .F. ) ;
#7484 = EDGE_LOOP ( 'NONE', ( #8217 ) ) ;
#7485 = ORIENTED_EDGE ( 'NONE', *, *, #3622, .T. ) ;
#7486 = CARTESIAN_POINT ( 'NONE',  ( -3.500000000000053291, -11.49999999999961631, -13.80000000000001315 ) ) ;
#7487 = CONICAL_SURFACE ( 'NONE', #9709, 0.8000000000000001554, 0.7853981633970007481 ) ;
#7488 = ORIENTED_EDGE ( 'NONE', *, *, #103, .F. ) ;
#7489 = CARTESIAN_POINT ( 'NONE',  ( -4.191266730397961382, -9.299279270582008650, -13.63248993601901482 ) ) ;
#7490 = DIRECTION ( 'NONE',  ( 0.000000000000000000, 0.000000000000000000, -1.000000000000000000 ) ) ;
#7491 = DIRECTION ( 'NONE',  ( -0.7071067812027510557, -0.7071067811703439787, -2.440000000032417655E-15 ) ) ;
#7492 = EDGE_LOOP ( 'NONE', ( #2517, #9678, #6718, #8334 ) ) ;
#7493 = VERTEX_POINT ( 'NONE', #5276 ) ;
#7494 = CARTESIAN_POINT ( 'NONE',  ( 0.000000000000000000, 0.000000000000000000, 0.9999999999999991118 ) ) ;
#7495 = CARTESIAN_POINT ( 'NONE',  ( 7.584086097662892989, -8.644746269442578068, -27.29999999999999005 ) ) ;
#7496 = CARTESIAN_POINT ( 'NONE',  ( 9.127278213359169001, -4.553509772130164279, -13.36901997670597986 ) ) ;
#7497 = VERTEX_POINT ( 'NONE', #7554 ) ;
#7498 = DIRECTION ( 'NONE',  ( -0.7071067811865535679, 0.7071067811865415775, -1.414213562373107097E-15 ) ) ;
#7499 = CYLINDRICAL_SURFACE ( 'NONE', #374, 11.00000000000000000 ) ;
#7500 = DIRECTION ( 'NONE',  ( 2.503619816187394892E-15, 1.762269886699468646E-15, -1.000000000000000000 ) ) ;
#7501 = DIRECTION ( 'NONE',  ( 1.000000000000000000, 0.000000000000000000, 0.000000000000000000 ) ) ;
#7502 = AXIS2_PLACEMENT_3D ( 'NONE', #9659, #2211, #4640 ) ;
#7503 = ORIENTED_EDGE ( 'NONE', *, *, #2731, .F. ) ;
#7504 = CARTESIAN_POINT ( 'NONE',  ( 8.933825901280556536E-14, -9.000000000000010658, -9.400000000000005684 ) ) ;
#7505 = CARTESIAN_POINT ( 'NONE',  ( -1.355497403577985871, -2.432350908723610150, 7.700000000000000178 ) ) ;
#7506 = CARTESIAN_POINT ( 'NONE',  ( -5.953399550669781881, 7.014059722449484724, -23.89363341178101408 ) ) ;
#7507 = EDGE_LOOP ( 'NONE', ( #8753, #1219, #4562, #176 ) ) ;
#7508 = AXIS2_PLACEMENT_3D ( 'NONE', #1768, #5087, #968 ) ;
#7509 = CARTESIAN_POINT ( 'NONE',  ( 5.833630944789019779, -5.833630944789019779, 0.9999999999999991118 ) ) ;
#7510 = CIRCLE ( 'NONE', #8372, 1.050000000000000044 ) ;
#7511 = CARTESIAN_POINT ( 'NONE',  ( -10.44572755166653266, 4.810145786916322663, -11.56776443762902495 ) ) ;
#7512 = ADVANCED_FACE ( 'NONE', ( #3590 ), #5073, .F. ) ;
#7513 = FACE_OUTER_BOUND ( 'NONE', #3841, .T. ) ;
#7514 = APPROVAL_STATUS ( 'not_yet_approved' ) ;
#7515 = AXIS2_PLACEMENT_3D ( 'NONE', #10010, #4263, #8973 ) ;
#7516 = VECTOR ( 'NONE', #8959, 1000.000000000000000 ) ;
#7517 = DIRECTION ( 'NONE',  ( -0.7071067811865525687, 0.7071067811865426878, -3.469446951953614189E-15 ) ) ;
#7518 = FACE_OUTER_BOUND ( 'NONE', #1887, .T. ) ;
#7519 = ORIENTED_EDGE ( 'NONE', *, *, #5353, .F. ) ;
#7520 = DIRECTION ( 'NONE',  ( 1.000000000000000000, 0.000000000000000000, 0.000000000000000000 ) ) ;
#7521 = CARTESIAN_POINT ( 'NONE',  ( -2.050609665440953133, -6.151828996322979748, -22.50000000000001421 ) ) ;
#7522 = VERTEX_POINT ( 'NONE', #6768 ) ;
#7523 = AXIS2_PLACEMENT_3D ( 'NONE', #8397, #5790, #977 ) ;
#7524 = EDGE_CURVE ( 'NONE', #7154, #2625, #793, .T. ) ;
#7525 = DIRECTION ( 'NONE',  ( 0.000000000000000000, 0.000000000000000000, 1.000000000000000000 ) ) ;
#7526 = CARTESIAN_POINT ( 'NONE',  ( 6.175923620011826820, -9.700929115060745289, -12.45753467975299067 ) ) ;
#7527 = CIRCLE ( 'NONE', #9073, 1.000000000000000000 ) ;
#7528 = FACE_OUTER_BOUND ( 'NONE', #5932, .T. ) ;
#7529 = DIRECTION ( 'NONE',  ( 0.000000000000000000, 0.000000000000000000, 1.000000000000000000 ) ) ;
#7530 = ORIENTED_EDGE ( 'NONE', *, *, #3854, .T. ) ;
#7531 = CARTESIAN_POINT ( 'NONE',  ( 10.97840985160318006, -0.6888520379748519495, -9.400000000000000355 ) ) ;
#7532 = VECTOR ( 'NONE', #2484, 1000.000000000000000 ) ;
#7533 = EDGE_CURVE ( 'NONE', #966, #966, #4069, .T. ) ;
#7534 = CARTESIAN_POINT ( 'NONE',  ( -7.584086097669119120, -8.644746269449072429, -23.80000000000002203 ) ) ;
#7535 = LINE ( 'NONE', #181, #379 ) ;
#7536 = EDGE_CURVE ( 'NONE', #3429, #2581, #1293, .T. ) ;
#7537 = ORIENTED_EDGE ( 'NONE', *, *, #2368, .F. ) ;
#7538 = CARTESIAN_POINT ( 'NONE',  ( 3.499999999994336974, 10.95445115009792580, -13.79999999999998828 ) ) ;
#7539 = CARTESIAN_POINT ( 'NONE',  ( -2.670958644856774183E-15, -2.156463157219616118E-15, -22.91324865405200129 ) ) ;
#7540 = CARTESIAN_POINT ( 'NONE',  ( -4.810145786916367072, -10.44572755166650069, -11.56776443762901785 ) ) ;
#7541 = AXIS2_PLACEMENT_3D ( 'NONE', #10485, #3191, #4157 ) ;
#7542 = DIRECTION ( 'NONE',  ( 2.258650070512058801E-15, 4.142135623731050469E-16, -1.000000000000000000 ) ) ;
#7543 = ORIENTED_EDGE ( 'NONE', *, *, #10596, .F. ) ;
#7544 = CARTESIAN_POINT ( 'NONE',  ( -4.726508297589585794, 9.039764345786441169, -11.41913030894200709 ) ) ;
#7545 = ORIENTED_EDGE ( 'NONE', *, *, #4767, .T. ) ;
#7546 = CYLINDRICAL_SURFACE ( 'NONE', #3717, 2.449999999999999734 ) ;
#7547 = DIRECTION ( 'NONE',  ( 0.000000000000000000, -1.000000000000000000, 0.000000000000000000 ) ) ;
#7548 = EDGE_CURVE ( 'NONE', #4972, #4972, #10024, .T. ) ;
#7549 = AXIS2_PLACEMENT_3D ( 'NONE', #8582, #10160, #7830 ) ;
#7550 = EDGE_CURVE ( 'NONE', #4920, #4920, #1635, .T. ) ;
#7551 = DIRECTION ( 'NONE',  ( -0.7071067811865531239, 0.7071067811865419106, -2.168404344971010051E-15 ) ) ;
#7552 = CARTESIAN_POINT ( 'NONE',  ( 5.456632533263106488, 4.596011983108331478, -26.93381371779398492 ) ) ;
#7553 = ORIENTED_EDGE ( 'NONE', *, *, #5459, .T. ) ;
#7554 = CARTESIAN_POINT ( 'NONE',  ( -8.644746269449077758, 7.584086097669108462, -23.80000000000001847 ) ) ;
#7555 = VERTEX_POINT ( 'NONE', #8571 ) ;
#7556 = CIRCLE ( 'NONE', #7397, 0.7999999999999996003 ) ;
#7557 = DIRECTION ( 'NONE',  ( 0.000000000000000000, 0.000000000000000000, -1.000000000000000000 ) ) ;
#7558 = CARTESIAN_POINT ( 'NONE',  ( 11.49999999999385913, 3.499999999994552802, -12.29999999999997229 ) ) ;
#7559 = DIRECTION ( 'NONE',  ( 1.148492424049175310E-15, 8.879751057680824851E-16, -1.000000000000000000 ) ) ;
#7560 = DIRECTION ( 'NONE',  ( -2.221825406948020410E-16, -4.142135623730877906E-16, 1.000000000000000000 ) ) ;
#7561 = ORIENTED_EDGE ( 'NONE', *, *, #3421, .T. ) ;
#7562 = EDGE_LOOP ( 'NONE', ( #8123, #2046 ) ) ;
#7563 = DIRECTION ( 'NONE',  ( -3.491483361109384827E-15, 1.000000000000000000, 0.000000000000000000 ) ) ;
#7564 = CARTESIAN_POINT ( 'NONE',  ( -10.45334966346689320, 4.793568885027005955, -13.06113627712802661 ) ) ;
#7565 = DIRECTION ( 'NONE',  ( -0.7071067811865522357, 0.7071067811865429098, 0.000000000000000000 ) ) ;
#7566 = CARTESIAN_POINT ( 'NONE',  ( 11.00000000000000000, 1.347111479062087813E-15, 1.199999999999999956 ) ) ;
#7567 = DIRECTION ( 'NONE',  ( 2.405628631302114965E-16, 1.000000000000000000, 0.000000000000000000 ) ) ;
#7568 = DIRECTION ( 'NONE',  ( 1.000000000000000000, 0.000000000000000000, 0.000000000000000000 ) ) ;
#7569 = CIRCLE ( 'NONE', #4331, 11.50000000000000178 ) ;
#7570 = CARTESIAN_POINT ( 'NONE',  ( 10.25000000000014033, -2.556423586249315210E-13, -9.400000000000000355 ) ) ;
#7571 = CARTESIAN_POINT ( 'NONE',  ( -0.04999999999999939909, -2.200000000000000178, 7.700000000000000178 ) ) ;
#7572 = ORIENTED_EDGE ( 'NONE', *, *, #5607, .F. ) ;
#7573 = DIRECTION ( 'NONE',  ( -8.109594466771330204E-17, 1.000000000000000000, 0.000000000000000000 ) ) ;
#7574 = CARTESIAN_POINT ( 'NONE',  ( -4.653877483486988709, 5.652392928803680050, -26.82557077917901012 ) ) ;
#7575 = ORIENTED_EDGE ( 'NONE', *, *, #6314, .T. ) ;
#7576 = DIRECTION ( 'NONE',  ( 1.000000000000000000, 0.000000000000000000, 0.000000000000000000 ) ) ;
#7577 = DIRECTION ( 'NONE',  ( 0.000000000000000000, 0.000000000000000000, -1.000000000000000000 ) ) ;
#7578 = VECTOR ( 'NONE', #3425, 1000.000000000000000 ) ;
#7579 = DIRECTION ( 'NONE',  ( 0.000000000000000000, 0.000000000000000000, 1.000000000000000000 ) ) ;
#7580 = CARTESIAN_POINT ( 'NONE',  ( 4.808326112068566971, -5.868986283848305341, -24.79999999999999361 ) ) ;
#7581 = CARTESIAN_POINT ( 'NONE',  ( 5.245547734832828546, -8.747846417409883557, -12.54171826418399327 ) ) ;
#7582 = DIRECTION ( 'NONE',  ( 1.771424856300449639E-16, 4.592536174378443254E-16, -1.000000000000000000 ) ) ;
#7583 = LINE ( 'NONE', #16, #6344 ) ;
#7584 = VECTOR ( 'NONE', #3546, 1000.000000000000000 ) ;
#7585 = ORIENTED_EDGE ( 'NONE', *, *, #2102, .F. ) ;
#7586 = ORIENTED_EDGE ( 'NONE', *, *, #9903, .F. ) ;
#7587 = EDGE_CURVE ( 'NONE', #1377, #355, #8252, .T. ) ;
#7588 = ORIENTED_EDGE ( 'NONE', *, *, #3997, .F. ) ;
#7589 = DIRECTION ( 'NONE',  ( -0.7071067811865417996, -0.7071067811865533459, -4.625929269271486900E-15 ) ) ;
#7590 = VERTEX_POINT ( 'NONE', #5497 ) ;
#7591 = ADVANCED_FACE ( 'NONE', ( #1359 ), #553, .F. ) ;
#7592 = VECTOR ( 'NONE', #7337, 1000.000000000000000 ) ;
#7593 = CARTESIAN_POINT ( 'NONE',  ( -4.694223905505711336, 10.49834089726475028, -13.20887311047200718 ) ) ;
#7594 = DIRECTION ( 'NONE',  ( -1.000000000000000000, 0.000000000000000000, 0.000000000000000000 ) ) ;
#7595 = CARTESIAN_POINT ( 'NONE',  ( -0.04999999999999919786, -3.299999999999999822, 7.700000000000000178 ) ) ;
#7596 = FACE_OUTER_BOUND ( 'NONE', #9489, .T. ) ;
#7597 = EDGE_LOOP ( 'NONE', ( #5431 ) ) ;
#7598 = LINE ( 'NONE', #10585, #7445 ) ;
#7599 = ORIENTED_EDGE ( 'NONE', *, *, #5354, .T. ) ;
#7600 = B_SPLINE_CURVE_WITH_KNOTS ( 'NONE', 3,
 ( #2590, #1670, #5906, #3515 ),
 .UNSPECIFIED., .F., .F.,
 ( 4, 4 ),
 ( 2.453269466693399854E-18, 0.0002849325233932105015 ),
 .UNSPECIFIED. ) ;
#7601 = CIRCLE ( 'NONE', #8974, 6.450000000000000178 ) ;
#7602 = ADVANCED_FACE ( 'NONE', ( #9856 ), #148, .T. ) ;
#7603 = CARTESIAN_POINT ( 'NONE',  ( 9.408812918886871657, -3.941344716135877224, -13.74016890136297953 ) ) ;
#7604 = ORIENTED_EDGE ( 'NONE', *, *, #10319, .T. ) ;
#7605 = CARTESIAN_POINT ( 'NONE',  ( 4.838856925422207134, -5.899517097201945504, -24.79999999999999361 ) ) ;
#7606 = LINE ( 'NONE', #247, #2915 ) ;
#7607 = DIRECTION ( 'NONE',  ( 1.000000000000000000, 8.029753876452300089E-16, 0.000000000000000000 ) ) ;
#7608 = CONICAL_SURFACE ( 'NONE', #2988, 6.500000000000000000, 1.047197551196999754 ) ;
#7609 = FACE_OUTER_BOUND ( 'NONE', #3388, .T. ) ;
#7610 = ORIENTED_EDGE ( 'NONE', *, *, #2639, .F. ) ;
#7611 = ORIENTED_EDGE ( 'NONE', *, *, #7632, .F. ) ;
#7612 = EDGE_CURVE ( 'NONE', #391, #6348, #2681, .T. ) ;
#7613 = CARTESIAN_POINT ( 'NONE',  ( -7.163961030678270170, -6.363961030679200270, 1.000000000000000000 ) ) ;
#7614 = DIRECTION ( 'NONE',  ( -1.000000000000000000, 0.000000000000000000, 0.000000000000000000 ) ) ;
#7615 = CARTESIAN_POINT ( 'NONE',  ( -1.850000000000000089, 10.64037123412525965, 5.000000000000000000 ) ) ;
#7616 = ORIENTED_EDGE ( 'NONE', *, *, #9293, .F. ) ;
#7617 = ORIENTED_EDGE ( 'NONE', *, *, #4716, .T. ) ;
#7618 = FACE_OUTER_BOUND ( 'NONE', #8531, .T. ) ;
#7619 = CARTESIAN_POINT ( 'NONE',  ( -10.38566075881562689, 4.938698365012752944, -12.74850674668102357 ) ) ;
#7620 = LINE ( 'NONE', #5184, #7584 ) ;
#7621 = PLANE ( 'NONE',  #9762 ) ;
#7622 = PERSON_AND_ORGANIZATION ( #1116, #7063 ) ;
#7623 = CYLINDRICAL_SURFACE ( 'NONE', #9144, 0.1000000000000000194 ) ;
#7624 = FACE_BOUND ( 'NONE', #8537, .T. ) ;
#7625 = VECTOR ( 'NONE', #3902, 1000.000000000000000 ) ;
#7626 = EDGE_CURVE ( 'NONE', #1522, #9535, #4851, .T. ) ;
#7627 = ORIENTED_EDGE ( 'NONE', *, *, #55, .T. ) ;
#7628 =( BOUNDED_SURFACE ( )  B_SPLINE_SURFACE ( 3, 3, ( 
 ( #3904, #2944, #9526, #2180, #8724, #4663, #3846 ),
 ( #6605, #2286, #8034, #7291, #6494, #781, #2398 ),
 ( #663, #5803, #2342, #8889, #4075, #10568, #7234 ),
 ( #3268, #2446, #1680, #4997, #886, #5158, #2605 ) ),
 .UNSPECIFIED., .F., .T., .F. ) 
 B_SPLINE_SURFACE_WITH_KNOTS ( ( 4, 4 ),
 ( 4, 3, 4 ),
 ( 0.000000000000000000, 1.000000000000000000 ),
 ( 0.000000000000000000, 0.5000000000000000000, 1.000000000000000000 ),
 .UNSPECIFIED. ) 
 GEOMETRIC_REPRESENTATION_ITEM ( )  RATIONAL_B_SPLINE_SURFACE ( (
 ( 1.000000000000000000, 0.3333333333333335369, 0.3333333333333335369, 1.000000000000000000, 0.3333333333333335369, 0.3333333333333335369, 1.000000000000000000),
 ( 0.8047378541243649375, 0.2682459513747884605, 0.2682459513747884605, 0.8047378541243649375, 0.2682459513747884605, 0.2682459513747884605, 0.8047378541243649375),
 ( 0.8047378541243649375, 0.2682459513747884605, 0.2682459513747884605, 0.8047378541243649375, 0.2682459513747884605, 0.2682459513747884605, 0.8047378541243649375),
 ( 1.000000000000000000, 0.3333333333333335369, 0.3333333333333335369, 1.000000000000000000, 0.3333333333333335369, 0.3333333333333335369, 1.000000000000000000) ) ) 
 REPRESENTATION_ITEM ( '' )  SURFACE ( )  );
#7629 = VERTEX_POINT ( 'NONE', #2519 ) ;
#7630 = CARTESIAN_POINT ( 'NONE',  ( 4.339082334305139455, 9.231280351169408149, -11.05459733344698137 ) ) ;
#7631 = DIRECTION ( 'NONE',  ( 0.000000000000000000, 0.000000000000000000, 1.000000000000000000 ) ) ;
#7632 = EDGE_CURVE ( 'NONE', #5840, #6716, #7988, .T. ) ;
#7633 = LINE ( 'NONE', #167, #5554 ) ;
#7634 = CIRCLE ( 'NONE', #3868, 1.050000000000000044 ) ;
#7635 = DIRECTION ( 'NONE',  ( -0.7071067811865480168, -0.7071067811865470176, 0.000000000000000000 ) ) ;
#7636 = DIRECTION ( 'NONE',  ( -3.121320343559646425E-15, -4.990663761154980360E-16, 1.000000000000000000 ) ) ;
#7637 = CARTESIAN_POINT ( 'NONE',  ( -1.850000000000000089, -10.84331591350174051, 7.000000000000000000 ) ) ;
#7638 = CARTESIAN_POINT ( 'NONE',  ( -3.889087296526027693, 2.474873734152887916, -27.30000000000000782 ) ) ;
#7639 = CARTESIAN_POINT ( 'NONE',  ( -4.139407176017797947E-14, -1.533003422660706307E-14, -8.300000000000002487 ) ) ;
#7640 = CARTESIAN_POINT ( 'NONE',  ( -1.850000000000000089, -12.53459616788481945, 5.000000000000000000 ) ) ;
#7641 = VECTOR ( 'NONE', #3659, 1000.000000000000000 ) ;
#7642 = CARTESIAN_POINT ( 'NONE',  ( 2.449293598294710359E-16, -2.000000000000000000, 6.999999999999999112 ) ) ;
#7643 = ORIENTED_EDGE ( 'NONE', *, *, #8646, .F. ) ;
#7644 = EDGE_LOOP ( 'NONE', ( #8292 ) ) ;
#7645 = CARTESIAN_POINT ( 'NONE',  ( -7.584086097669266557, 8.644746269448939202, -23.80000000000001492 ) ) ;
#7646 = ORIENTED_EDGE ( 'NONE', *, *, #7612, .F. ) ;
#7647 = CARTESIAN_POINT ( 'NONE',  ( 4.726508297589509411, -9.039764345786453603, -11.41913030894199288 ) ) ;
#7648 = FACE_OUTER_BOUND ( 'NONE', #9089, .T. ) ;
#7649 = CARTESIAN_POINT ( 'NONE',  ( 4.664390452583339730, 5.009927747226537775, -27.10074158624898644 ) ) ;
#7650 = CIRCLE ( 'NONE', #436, 1.050000000000000044 ) ;
#7651 = CARTESIAN_POINT ( 'NONE',  ( -4.281362845582416199, -10.67351484864690114, -13.58217164597901316 ) ) ;
#7652 = DIRECTION ( 'NONE',  ( 1.318198051533960105E-15, -6.818019484660514888E-16, -1.000000000000000000 ) ) ;
#7653 = DIRECTION ( 'NONE',  ( 1.000000000000000000, 0.000000000000000000, 0.000000000000000000 ) ) ;
#7654 = CARTESIAN_POINT ( 'NONE',  ( -2.788373029032428409E-15, -5.343354954612831246E-15, -14.40000000000000213 ) ) ;
#7655 = CARTESIAN_POINT ( 'NONE',  ( -1.524192641962573264E-15, -1.233523804664961189E-15, -24.80000000000000426 ) ) ;
#7656 = ORIENTED_EDGE ( 'NONE', *, *, #1717, .F. ) ;
#7657 = EDGE_CURVE ( 'NONE', #2625, #10556, #2622, .T. ) ;
#7658 = CARTESIAN_POINT ( 'NONE',  ( -2.121320343559599308, -6.363961030678946251, -22.40000000000001634 ) ) ;
#7659 = CLOSED_SHELL ( 'NONE', ( #5941, #7934, #2141, #6321, #4394, #6292, #9495, #9647, #10392, #3658, #8924, #7806, #8008, #7693, #1132, #1514, #5818, #2290, #1214, #5717, #4535, #10248, #1943, #8785, #2826, #4325, #2305, #5338, #8900, #1911, #3162, #8695, #3492, #4426, #3352, #9448, #3007, #3049, #5000, #9314, #7676, #1366, #9188, #4513, #5615, #6787, #724, #4168, #1835, #7342, #6956, #4742, #6234 ) ) ;
#7660 = ORIENTED_EDGE ( 'NONE', *, *, #5745, .T. ) ;
#7661 = FACE_OUTER_BOUND ( 'NONE', #470, .T. ) ;
#7662 = CARTESIAN_POINT ( 'NONE',  ( -5.338656197958473903, 5.338656197958393967, -27.30000000000001492 ) ) ;
#7663 = AXIS2_PLACEMENT_3D ( 'NONE', #1756, #1807, #3494 ) ;
#7664 = DIRECTION ( 'NONE',  ( 2.515591529716047585E-16, 3.848369500962857141E-16, -1.000000000000000000 ) ) ;
#7665 = DIRECTION ( 'NONE',  ( -6.182342530834563297E-16, -4.848523255675577670E-16, 1.000000000000000000 ) ) ;
#7666 = CARTESIAN_POINT ( 'NONE',  ( 7.584086097662884107, -8.644746269442578068, -23.79999999999998650 ) ) ;
#7667 = EDGE_CURVE ( 'NONE', #991, #6191, #4202, .T. ) ;
#7668 = CIRCLE ( 'NONE', #3044, 11.50000000000000178 ) ;
#7669 = ORIENTED_EDGE ( 'NONE', *, *, #9149, .T. ) ;
#7670 = CARTESIAN_POINT ( 'NONE',  ( 10.58663180925087843, -4.491741413303627084, -13.42717370112497832 ) ) ;
#7671 = CARTESIAN_POINT ( 'NONE',  ( -3.500000000000053291, -11.49999999999961631, -13.80000000000001315 ) ) ;
#7672 = DIRECTION ( 'NONE',  ( 0.000000000000000000, 0.000000000000000000, 1.000000000000000000 ) ) ;
#7673 = ORIENTED_EDGE ( 'NONE', *, *, #1276, .T. ) ;
#7674 = CARTESIAN_POINT ( 'NONE',  ( -4.808326112068574965, 5.868986283848303565, -26.67232776209101175 ) ) ;
#7675 = CARTESIAN_POINT ( 'NONE',  ( 0.000000000000000000, 0.000000000000000000, 7.000000000000000000 ) ) ;
#7676 = ADVANCED_FACE ( 'NONE', ( #253 ), #9222, .F. ) ;
#7677 = DIRECTION ( 'NONE',  ( -2.221825406948020410E-16, -4.142135623730877906E-16, 1.000000000000000000 ) ) ;
#7678 = EDGE_CURVE ( 'NONE', #3975, #4388, #6820, .T. ) ;
#7679 = DIRECTION ( 'NONE',  ( 0.7071067811865529018, -0.7071067811865422437, 7.442135623731051830E-16 ) ) ;
#7680 = SECURITY_CLASSIFICATION_LEVEL ( 'unclassified' ) ;
#7681 = LINE ( 'NONE', #3502, #7133 ) ;
#7683 = LINE ( 'NONE', #9965, #10479 ) ;
#7682 = B_SPLINE_CURVE_WITH_KNOTS ( 'NONE', 3,
 ( #3136, #3019, #2205, #2970 ),
 .UNSPECIFIED., .F., .F.,
 ( 4, 4 ),
 ( 0.000000000000000000, 0.0002849325233932175488 ),
 .UNSPECIFIED. ) ;
#7684 = DIRECTION ( 'NONE',  ( 0.000000000000000000, 0.000000000000000000, -1.000000000000000000 ) ) ;
#7685 = CARTESIAN_POINT ( 'NONE',  ( 0.000000000000000000, 0.000000000000000000, 1.000000000000000000 ) ) ;
#7686 = VECTOR ( 'NONE', #7842, 1000.000000000000000 ) ;
#7687 = VECTOR ( 'NONE', #5080, 1000.000000000000000 ) ;
#7688 = ORIENTED_EDGE ( 'NONE', *, *, #1276, .F. ) ;
#7689 = DIRECTION ( 'NONE',  ( 1.000000000000000000, 0.000000000000000000, 0.000000000000000000 ) ) ;
#7690 = CARTESIAN_POINT ( 'NONE',  ( 5.868986283848303565, 4.808326112068573188, -27.29999999999998650 ) ) ;
#7691 = VERTEX_POINT ( 'NONE', #4305 ) ;
#7692 = DIRECTION ( 'NONE',  ( -0.7071067812027623800, 0.7071067811703327655, -1.974213562418952762E-15 ) ) ;
#7693 = ADVANCED_FACE ( 'NONE', ( #5332, #3593 ), #1985, .F. ) ;
#7694 = ADVANCED_FACE ( 'NONE', ( #354 ), #10205, .T. ) ;
#7695 = CARTESIAN_POINT ( 'NONE',  ( -5.953399550669782769, 7.014059722449484724, -23.80000000000001137 ) ) ;
#7696 = EDGE_CURVE ( 'NONE', #1850, #7781, #4941, .T. ) ;
#7697 = AXIS2_PLACEMENT_3D ( 'NONE', #4705, #7218, #2389 ) ;
#7698 = CYLINDRICAL_SURFACE ( 'NONE', #3614, 0.4499999999999999001 ) ;
#7699 = AXIS2_PLACEMENT_3D ( 'NONE', #5439, #1250, #5542 ) ;
#7700 = DIRECTION ( 'NONE',  ( -2.569777054234141349E-15, -2.586500705120672244E-16, 1.000000000000000000 ) ) ;
#7701 = VERTEX_POINT ( 'NONE', #3721 ) ;
#7702 = CARTESIAN_POINT ( 'NONE',  ( -6.158268339717665185E-14, 6.500000000000624389, -24.80000000000000071 ) ) ;
#7703 = DIRECTION ( 'NONE',  ( -1.000000000000000000, 0.000000000000000000, 0.000000000000000000 ) ) ;
#7704 = FACE_OUTER_BOUND ( 'NONE', #8216, .T. ) ;
#7705 = ORIENTED_EDGE ( 'NONE', *, *, #6482, .F. ) ;
#7706 = AXIS2_PLACEMENT_3D ( 'NONE', #1322, #520, #4185 ) ;
#7707 = DIRECTION ( 'NONE',  ( 1.000000000000000000, 0.000000000000000000, 0.000000000000000000 ) ) ;
#7708 = DIRECTION ( 'NONE',  ( 0.000000000000000000, 0.000000000000000000, -1.000000000000000000 ) ) ;
#7709 = DIRECTION ( 'NONE',  ( -1.000000000000000000, 0.000000000000000000, 0.000000000000000000 ) ) ;
#7710 = DIRECTION ( 'NONE',  ( 3.304235192336775117E-15, -1.000000000000000000, 0.000000000000000000 ) ) ;
#7711 = CARTESIAN_POINT ( 'NONE',  ( -4.280525541257770961, 10.67384538299639196, -13.58263195792700806 ) ) ;
#7712 = CARTESIAN_POINT ( 'NONE',  ( 7.584086097662884107, -8.644746269442578068, -23.79999999999998650 ) ) ;
#7713 = FACE_OUTER_BOUND ( 'NONE', #8771, .T. ) ;
#7714 = DIRECTION ( 'NONE',  ( 0.000000000000000000, 0.000000000000000000, -1.000000000000000000 ) ) ;
#7715 = ORIENTED_EDGE ( 'NONE', *, *, #6689, .T. ) ;
#7716 = AXIS2_PLACEMENT_3D ( 'NONE', #2245, #936, #4033 ) ;
#7717 = CARTESIAN_POINT ( 'NONE',  ( -4.838856925422120092, -5.899517097202026328, -24.80000000000001492 ) ) ;
#7718 = CARTESIAN_POINT ( 'NONE',  ( 2.092031021678301350, -2.092031021678281366, -22.50000000000000355 ) ) ;
#7719 = ORIENTED_EDGE ( 'NONE', *, *, #2563, .F. ) ;
#7720 = CARTESIAN_POINT ( 'NONE',  ( 6.086011853002188943, -9.757584728041535982, -23.79999999999999005 ) ) ;
#7721 = FACE_OUTER_BOUND ( 'NONE', #4499, .T. ) ;
#7722 = ORIENTED_EDGE ( 'NONE', *, *, #7219, .T. ) ;
#7723 = FACE_BOUND ( 'NONE', #2128, .T. ) ;
#7724 = CARTESIAN_POINT ( 'NONE',  ( -5.085786437626834022, 1.414213562372345301, -27.30000000000001847 ) ) ;
#7725 = EDGE_CURVE ( 'NONE', #6194, #5091, #5232, .T. ) ;
#7726 = AXIS2_PLACEMENT_3D ( 'NONE', #6221, #4646, #1392 ) ;
#7727 = FACE_OUTER_BOUND ( 'NONE', #2554, .T. ) ;
#7728 = ORIENTED_EDGE ( 'NONE', *, *, #4583, .T. ) ;
#7729 = CARTESIAN_POINT ( 'NONE',  ( 10.86979444866936717, -3.758580805408489933, -13.78648884252297790 ) ) ;
#7730 = CARTESIAN_POINT ( 'NONE',  ( -7.750000000000000000, 2.548463382054855279E-13, -9.400000000000000355 ) ) ;
#7731 = ORIENTED_EDGE ( 'NONE', *, *, #7155, .F. ) ;
#7732 = AXIS2_PLACEMENT_3D ( 'NONE', #5084, #7738, #1057 ) ;
#7733 = ORIENTED_EDGE ( 'NONE', *, *, #9149, .F. ) ;
#7734 = DIRECTION ( 'NONE',  ( -0.7071067811865414665, -0.7071067811865537900, -1.734723475976806700E-15 ) ) ;
#7735 = CARTESIAN_POINT ( 'NONE',  ( -10.53623297009372450, 4.608689155521891401, -13.31231315156002637 ) ) ;
#7736 = EDGE_CURVE ( 'NONE', #5773, #3427, #6032, .T. ) ;
#7737 = EDGE_CURVE ( 'NONE', #5731, #5731, #5279, .T. ) ;
#7738 = DIRECTION ( 'NONE',  ( 0.000000000000000000, 0.000000000000000000, -1.000000000000000000 ) ) ;
#7739 = CIRCLE ( 'NONE', #4148, 3.000000000000000000 ) ;
#7740 = ORIENTED_EDGE ( 'NONE', *, *, #8337, .F. ) ;
#7741 = CARTESIAN_POINT ( 'NONE',  ( 0.1499999999999999944, -3.396295565269215277, 7.299999999999999822 ) ) ;
#7742 = LINE ( 'NONE', #1108, #7785 ) ;
#7743 = DIRECTION ( 'NONE',  ( -0.7071067811865535679, 0.7071067811865415775, 0.000000000000000000 ) ) ;
#7744 = ORIENTED_EDGE ( 'NONE', *, *, #393, .T. ) ;
#7745 = ADVANCED_FACE ( 'NONE', ( #6876 ), #6136, .F. ) ;
#7746 = PLANE ( 'NONE',  #1820 ) ;
#7747 = ORIENTED_EDGE ( 'NONE', *, *, #8602, .F. ) ;
#7748 = CARTESIAN_POINT ( 'NONE',  ( -5.953399550669664642, -7.014059722449588641, -23.80000000000001847 ) ) ;
#7749 = AXIS2_PLACEMENT_3D ( 'NONE', #5143, #2860, #1119 ) ;
#7750 = DIRECTION ( 'NONE',  ( -1.784888527117070713E-15, -5.768481220460070372E-16, 1.000000000000000000 ) ) ;
#7751 = CARTESIAN_POINT ( 'NONE',  ( 0.000000000000000000, 0.000000000000000000, 7.299999999999998934 ) ) ;
#7752 = DIRECTION ( 'NONE',  ( -2.180868324581535896E-15, -8.031222920257056676E-16, 1.000000000000000000 ) ) ;
#7753 = DIRECTION ( 'NONE',  ( -0.7071067811865412445, -0.7071067811865537900, -4.336808689942016947E-15 ) ) ;
#7754 = DIRECTION ( 'NONE',  ( 0.000000000000000000, -1.000000000000000000, 0.000000000000000000 ) ) ;
#7755 = EDGE_CURVE ( 'NONE', #396, #4738, #8468, .T. ) ;
#7756 = DIRECTION ( 'NONE',  ( 0.000000000000000000, 0.000000000000000000, -1.000000000000000000 ) ) ;
#7757 = EDGE_CURVE ( 'NONE', #4671, #2452, #2509, .T. ) ;
#7758 = VERTEX_POINT ( 'NONE', #3703 ) ;
#7759 = VECTOR ( 'NONE', #9719, 1000.000000000000000 ) ;
#7760 = ADVANCED_FACE ( 'NONE', ( #5984 ), #6770, .F. ) ;
#7761 = CARTESIAN_POINT ( 'NONE',  ( 0.000000000000000000, 0.000000000000000000, 0.9999999999999991118 ) ) ;
#7762 = CARTESIAN_POINT ( 'NONE',  ( -4.999999999999789502, 10.35615758860407709, -12.18695970890801128 ) ) ;
#7763 = DIRECTION ( 'NONE',  ( 0.000000000000000000, 0.000000000000000000, -1.000000000000000000 ) ) ;
#7764 = VECTOR ( 'NONE', #9158, 1000.000000000000000 ) ;
#7765 = CYLINDRICAL_SURFACE ( 'NONE', #7225, 1.050000000000000044 ) ;
#7766 = CARTESIAN_POINT ( 'NONE',  ( -1.401414213562360853E-14, -2.777586863250122244E-14, -13.30000000000000071 ) ) ;
#7767 = ORIENTED_EDGE ( 'NONE', *, *, #9095, .F. ) ;
#7768 = ADVANCED_FACE ( 'NONE', ( #10100 ), #2673, .F. ) ;
#7769 = ORIENTED_EDGE ( 'NONE', *, *, #8154, .F. ) ;
#7770 = PLANE ( 'NONE',  #6313 ) ;
#7771 = CIRCLE ( 'NONE', #6746, 3.000000000000000000 ) ;
#7772 = EDGE_LOOP ( 'NONE', ( #9307, #2433, #8125, #7255, #4049 ) ) ;
#7773 = LINE ( 'NONE', #2886, #5149 ) ;
#7774 = LINE ( 'NONE', #3533, #10070 ) ;
#7775 = DIRECTION ( 'NONE',  ( 0.000000000000000000, 0.000000000000000000, -1.000000000000000000 ) ) ;
#7776 = AXIS2_PLACEMENT_3D ( 'NONE', #4564, #2778, #9372 ) ;
#7777 = VERTEX_POINT ( 'NONE', #7613 ) ;
#7778 = ORIENTED_EDGE ( 'NONE', *, *, #2112, .T. ) ;
#7779 = CARTESIAN_POINT ( 'NONE',  ( 10.53623297009012205, -4.608689155518367109, -13.31231315155997663 ) ) ;
#7780 = DIRECTION ( 'NONE',  ( -2.312964634635743450E-15, -8.673617379884038430E-16, 1.000000000000000000 ) ) ;
#7781 = VERTEX_POINT ( 'NONE', #8522 ) ;
#7782 = ORIENTED_EDGE ( 'NONE', *, *, #958, .F. ) ;
#7783 = DIRECTION ( 'NONE',  ( 0.000000000000000000, 0.000000000000000000, 1.000000000000000000 ) ) ;
#7784 = CARTESIAN_POINT ( 'NONE',  ( 5.899517097201937510, 4.838856925422212463, -24.79999999999998650 ) ) ;
#7785 = VECTOR ( 'NONE', #10164, 1000.000000000000000 ) ;
#7786 = DIRECTION ( 'NONE',  ( 2.491995308303608188E-15, 1.750645378815682139E-15, -1.000000000000000000 ) ) ;
#7787 = CARTESIAN_POINT ( 'NONE',  ( 0.000000000000000000, 0.000000000000000000, 0.9999999999999991118 ) ) ;
#7788 = VERTEX_POINT ( 'NONE', #3647 ) ;
#7789 = PLANE ( 'NONE',  #8203 ) ;
#7790 = CIRCLE ( 'NONE', #3179, 0.8000000000000003775 ) ;
#7791 = EDGE_CURVE ( 'NONE', #7191, #8498, #856, .T. ) ;
#7792 = CARTESIAN_POINT ( 'NONE',  ( -3.181980515339488669, 3.181980515339438931, -27.30000000000000782 ) ) ;
#7793 = EDGE_CURVE ( 'NONE', #7087, #5147, #6638, .T. ) ;
#7794 = CARTESIAN_POINT ( 'NONE',  ( -4.635156249557105923, 5.606483169852526594, -26.85290306894700763 ) ) ;
#7795 = ORIENTED_EDGE ( 'NONE', *, *, #10329, .F. ) ;
#7796 = CARTESIAN_POINT ( 'NONE',  ( 0.3686723107219799789, -3.496953374145139737, 7.700000000000000178 ) ) ;
#7797 = DIRECTION ( 'NONE',  ( 1.000000000000000000, 0.000000000000000000, 0.000000000000000000 ) ) ;
#7798 = AXIS2_PLACEMENT_3D ( 'NONE', #4256, #8371, #2031 ) ;
#7799 = EDGE_CURVE ( 'NONE', #3378, #4927, #6502, .T. ) ;
#7800 = CARTESIAN_POINT ( 'NONE',  ( 5.338656197958469463, -5.338656197958393079, -24.79999999999999005 ) ) ;
#7801 = VERTEX_POINT ( 'NONE', #7730 ) ;
#7802 = CIRCLE ( 'NONE', #3519, 3.500000000000000444 ) ;
#7803 = DIRECTION ( 'NONE',  ( 0.000000000000000000, 0.000000000000000000, -1.000000000000000000 ) ) ;
#7804 = CARTESIAN_POINT ( 'NONE',  ( -3.758580805415066006, 10.86979444867428057, -13.78648884252300633 ) ) ;
#7805 = FACE_OUTER_BOUND ( 'NONE', #2714, .T. ) ;
#7806 = ADVANCED_FACE ( 'NONE', ( #3965, #8039 ), #6427, .F. ) ;
#7807 = CARTESIAN_POINT ( 'NONE',  ( -4.491741413305067709, -10.58663180925233149, -13.42717370112501563 ) ) ;
#7808 = FACE_OUTER_BOUND ( 'NONE', #4979, .T. ) ;
#7809 = AXIS2_PLACEMENT_3D ( 'NONE', #587, #10389, #3090 ) ;
#7810 = EDGE_LOOP ( 'NONE', ( #10257, #7843, #9883, #2696 ) ) ;
#7811 = EDGE_LOOP ( 'NONE', ( #6444 ) ) ;
#7812 = CYLINDRICAL_SURFACE ( 'NONE', #6653, 1.050000000000547828 ) ;
#7813 = ORIENTED_EDGE ( 'NONE', *, *, #9345, .F. ) ;
#7814 = DIRECTION ( 'NONE',  ( -1.000000000000000000, -8.029753876452289242E-16, 0.000000000000000000 ) ) ;
#7815 = CIRCLE ( 'NONE', #4929, 11.50000000000000178 ) ;
#7816 = FACE_OUTER_BOUND ( 'NONE', #293, .T. ) ;
#7818 = ADVANCED_FACE ( 'NONE', ( #8671, #1311 ), #608, .T. ) ;
#7817 = CARTESIAN_POINT ( 'NONE',  ( 8.487769952034492249, -5.657245590761218246, -11.42927257593598434 ) ) ;
#7819 = EDGE_CURVE ( 'NONE', #7522, #6084, #508, .T. ) ;
#7820 = VERTEX_POINT ( 'NONE', #10305 ) ;
#7821 = VERTEX_POINT ( 'NONE', #7084 ) ;
#7822 = AXIS2_PLACEMENT_3D ( 'NONE', #9062, #1701, #5020 ) ;
#7823 = CARTESIAN_POINT ( 'NONE',  ( 0.7778174593051651042, 2.333452377915609777, -19.50000000000000355 ) ) ;
#7824 = CARTESIAN_POINT ( 'NONE',  ( 9.408812918886862775, -3.941344716135879001, -10.85983109863698104 ) ) ;
#7825 = DIRECTION ( 'NONE',  ( 0.000000000000000000, -1.000000000000000000, 0.000000000000000000 ) ) ;
#7826 = CARTESIAN_POINT ( 'NONE',  ( -8.890261272790057845, -5.000325411077143123, -12.30704512486202518 ) ) ;
#7827 = DIRECTION ( 'NONE',  ( 2.503619816187392131E-15, 1.762269886699465885E-15, -1.000000000000000000 ) ) ;
#7828 = CONICAL_SURFACE ( 'NONE', #3386, 10.80000000000000071, 0.7853981633974399523 ) ;
#7829 = DIRECTION ( 'NONE',  ( 1.622253967444163201E-15, 7.394826817189115914E-16, -1.000000000000000000 ) ) ;
#7830 = DIRECTION ( 'NONE',  ( -1.000000000000000000, 0.000000000000000000, 0.000000000000000000 ) ) ;
#7831 = ORIENTED_EDGE ( 'NONE', *, *, #1075, .T. ) ;
#7832 = CARTESIAN_POINT ( 'NONE',  ( -5.093865147111840539E-13, -9.000000000000000000, 0.9999999999999991118 ) ) ;
#7833 = ORIENTED_EDGE ( 'NONE', *, *, #1170, .F. ) ;
#7834 = AXIS2_PLACEMENT_3D ( 'NONE', #826, #7121, #3043 ) ;
#7835 = DIRECTION ( 'NONE',  ( 5.515513431922667745E-16, 8.484475987562882567E-17, -1.000000000000000000 ) ) ;
#7836 = CARTESIAN_POINT ( 'NONE',  ( -10.35615758860411795, -4.999999999999758415, -12.18695970519302918 ) ) ;
#7837 = EDGE_CURVE ( 'NONE', #2147, #839, #10346, .T. ) ;
#7838 = CARTESIAN_POINT ( 'NONE',  ( -0.7778174593052268326, 0.7778174593051916386, -19.50000000000000355 ) ) ;
#7839 = PLANE ( 'NONE',  #884 ) ;
#7840 = VECTOR ( 'NONE', #4814, 1000.000000000000227 ) ;
#7841 = CARTESIAN_POINT ( 'NONE',  ( 6.909178529471811103, -3.237605654302150970, -24.79999999999998650 ) ) ;
#7842 = DIRECTION ( 'NONE',  ( 0.000000000000000000, 0.000000000000000000, 1.000000000000000000 ) ) ;
#7843 = ORIENTED_EDGE ( 'NONE', *, *, #4731, .T. ) ;
#7844 = DIRECTION ( 'NONE',  ( 1.000000000000000000, 0.000000000000000000, 0.000000000000000000 ) ) ;
#7845 = CARTESIAN_POINT ( 'NONE',  ( -3.231299423149105887E-15, -3.924621202458745377E-15, -23.80000000000000071 ) ) ;
#7846 = VECTOR ( 'NONE', #7470, 1000.000000000000114 ) ;
#7847 = VECTOR ( 'NONE', #9117, 1000.000000000000000 ) ;
#7848 = CARTESIAN_POINT ( 'NONE',  ( 2.449999999999999734, 0.000000000000000000, 7.700000000000000178 ) ) ;
#7849 = LINE ( 'NONE', #1511, #6537 ) ;
#7850 = FACE_BOUND ( 'NONE', #122, .T. ) ;
#7851 = CARTESIAN_POINT ( 'NONE',  ( -0.7071067811865430208, -2.121320343559650379, -22.45857864376270285 ) ) ;
#7852 = DIRECTION ( 'NONE',  ( 0.000000000000000000, 0.000000000000000000, 1.000000000000000000 ) ) ;
#7853 = DIRECTION ( 'NONE',  ( 0.000000000000000000, 0.000000000000000000, -1.000000000000000000 ) ) ;
#7854 = ORIENTED_EDGE ( 'NONE', *, *, #3936, .T. ) ;
#7855 = AXIS2_PLACEMENT_3D ( 'NONE', #10180, #2057, #9594 ) ;
#7856 = CARTESIAN_POINT ( 'NONE',  ( 8.999999999999740652, -2.557954394748249714E-13, -9.200000000000002842 ) ) ;
#7857 = VECTOR ( 'NONE', #2716, 1000.000000000000000 ) ;
#7858 = FACE_OUTER_BOUND ( 'NONE', #2274, .T. ) ;
#7859 = CARTESIAN_POINT ( 'NONE',  ( -6.363961030678917830, -2.121320343559697452, -22.40000000000001990 ) ) ;
#7860 = VERTEX_POINT ( 'NONE', #10353 ) ;
#7861 = DIRECTION ( 'NONE',  ( 9.222182540694783561E-16, 1.114249275747775692E-15, -1.000000000000000000 ) ) ;
#7862 = ADVANCED_FACE ( 'NONE', ( #3056 ), #8895, .F. ) ;
#7863 = ADVANCED_FACE ( 'NONE', ( #6614 ), #4241, .T. ) ;
#7864 = CARTESIAN_POINT ( 'NONE',  ( -4.461440563807437698, -9.172615430163586936, -11.14788175480802046 ) ) ;
#7865 = CARTESIAN_POINT ( 'NONE',  ( 4.694223905501924143, 10.49834089726129172, -11.39112688952798713 ) ) ;
#7866 = CIRCLE ( 'NONE', #6861, 3.350000000000000089 ) ;
#7867 = ORIENTED_EDGE ( 'NONE', *, *, #3930, .F. ) ;
#7868 = ORIENTED_EDGE ( 'NONE', *, *, #1841, .T. ) ;
#7869 = EDGE_CURVE ( 'NONE', #7434, #5921, #5112, .T. ) ;
#7870 = EDGE_CURVE ( 'NONE', #993, #7821, #4579, .T. ) ;
#7871 = EDGE_LOOP ( 'NONE', ( #10450 ) ) ;
#7872 = EDGE_CURVE ( 'NONE', #9535, #9287, #601, .T. ) ;
#7873 = ORIENTED_EDGE ( 'NONE', *, *, #3672, .T. ) ;
#7874 = CARTESIAN_POINT ( 'NONE',  ( -5.093865147111840539E-13, -9.000000000000000000, 0.8000000000000003775 ) ) ;
#7875 = DIRECTION ( 'NONE',  ( 0.000000000000000000, -1.000000000000000000, 0.000000000000000000 ) ) ;
#7876 = CIRCLE ( 'NONE', #2734, 2.000000000000000000 ) ;
#7877 = CARTESIAN_POINT ( 'NONE',  ( 0.05000000000000070360, -2.299999999999999822, 7.299999999999999822 ) ) ;
#7878 = CARTESIAN_POINT ( 'NONE',  ( -9.000000000000248690, 2.546932573555920269E-13, 0.9999999999999991118 ) ) ;
#7879 = VERTEX_POINT ( 'NONE', #2454 ) ;
#7880 = CARTESIAN_POINT ( 'NONE',  ( -3.237605654302272207, 6.909178529471760477, -24.80000000000000782 ) ) ;
#7881 = DIRECTION ( 'NONE',  ( 0.7071067811865532349, -0.7071067811865419106, 1.194213562373106283E-15 ) ) ;
#7882 = ORIENTED_EDGE ( 'NONE', *, *, #6308, .F. ) ;
#7883 = AXIS2_PLACEMENT_3D ( 'NONE', #6303, #9600, #10278 ) ;
#7884 = DIRECTION ( 'NONE',  ( 1.000000000000000000, 0.000000000000000000, 0.000000000000000000 ) ) ;
#7885 = ORIENTED_EDGE ( 'NONE', *, *, #2907, .F. ) ;
#7886 = VERTEX_POINT ( 'NONE', #4897 ) ;
#7887 = CARTESIAN_POINT ( 'NONE',  ( 4.726508297589361973, 9.039764345786521105, -13.18086969105798723 ) ) ;
#7888 = AXIS2_PLACEMENT_3D ( 'NONE', #2667, #8204, #33 ) ;
#7889 = CARTESIAN_POINT ( 'NONE',  ( -10.78157098493688970, -4.003993638818085010, -13.72147180844902969 ) ) ;
#7890 = VERTEX_POINT ( 'NONE', #6304 ) ;
#7891 = CARTESIAN_POINT ( 'NONE',  ( 5.071089385981335518, -4.637221724552246904, -27.08545709085598929 ) ) ;
#7892 = CYLINDRICAL_SURFACE ( 'NONE', #3570, 11.00000000000000000 ) ;
#7893 = CARTESIAN_POINT ( 'NONE',  ( -9.000000000000000000, -1.850000000000030065, 3.000000000000000000 ) ) ;
#7894 = CC_DESIGN_APPROVAL ( #1065, ( #2066 ) ) ;
#7895 = DIRECTION ( 'NONE',  ( 2.180904282043627811E-15, 1.114213318285691666E-15, -1.000000000000000000 ) ) ;
#7896 = CARTESIAN_POINT ( 'NONE',  ( -10.64037123412525965, 1.849999999999965228, 5.000000000000000000 ) ) ;
#7897 = CARTESIAN_POINT ( 'NONE',  ( 11.00000000000000000, 1.347111479062087813E-15, 7.000000000000000000 ) ) ;
#7898 = FACE_OUTER_BOUND ( 'NONE', #3475, .T. ) ;
#7899 = DIRECTION ( 'NONE',  ( 2.807977188375906221E-15, 9.679730231602723150E-16, -1.000000000000000000 ) ) ;
#7900 = CARTESIAN_POINT ( 'NONE',  ( -0.7778174593052201713, 0.7778174593051941921, -22.50000000000000355 ) ) ;
#7901 = DIRECTION ( 'NONE',  ( -3.130185029406269949E-15, -4.902016902688744135E-16, 1.000000000000000000 ) ) ;
#7902 = VECTOR ( 'NONE', #6620, 1000.000000000000000 ) ;
#7903 = ORIENTED_EDGE ( 'NONE', *, *, #8249, .F. ) ;
#7904 = CARTESIAN_POINT ( 'NONE',  ( -3.500000000000162537, 9.580709785814601531, -10.80000000000000782 ) ) ;
#7905 = ADVANCED_FACE ( 'NONE', ( #10464 ), #7546, .T. ) ;
#7906 = CARTESIAN_POINT ( 'NONE',  ( 0.3843583103501366227, 2.202786573698126471, -12.29999999999999893 ) ) ;
#7907 = ORIENTED_EDGE ( 'NONE', *, *, #9712, .T. ) ;
#7908 = EDGE_CURVE ( 'NONE', #5791, #6490, #7650, .T. ) ;
#7909 = CARTESIAN_POINT ( 'NONE',  ( -5.842946624173988468, -4.783271731645617031, -26.69312412033101722 ) ) ;
#7910 = ORIENTED_EDGE ( 'NONE', *, *, #1994, .F. ) ;
#7911 = CYLINDRICAL_SURFACE ( 'NONE', #7090, 9.200000000000001066 ) ;
#7912 = CARTESIAN_POINT ( 'NONE',  ( 11.00000000000000000, 1.347111479062087813E-15, 0.9999999999999991118 ) ) ;
#7913 = CARTESIAN_POINT ( 'NONE',  ( -4.582026060026862524, -9.112956821424589293, -11.26034640310301782 ) ) ;
#7914 = CARTESIAN_POINT ( 'NONE',  ( 4.938698366539367335, 10.38566075809928613, -12.74850674081498525 ) ) ;
#7915 = B_SPLINE_CURVE_WITH_KNOTS ( 'NONE', 6,
 ( #9797, #6507, #4901, #2456, #5762, #5545, #3216, #1409, #1572, #2341, #9735, #10298, #8085, #6390, #7126, #7865, #3107, #662, #498, #9576, #10508, #8722, #3795, #6282, #8885, #1524, #9525, #4015, #2995, #7078, #4662, #6492, #8938, #2396, #7914, #4831, #9682, #2178, #723, #5488, #9627, #5698, #1355, #10403, #547, #3844, #10348, #3051, #2231, #6332, #7288, #8776, #4715, #2284, #5652, #7967, #603 ),
 .UNSPECIFIED., .F., .F.,
 ( 7, 5, 5, 5, 5, 5, 5, 5, 5, 5, 5, 7 ),
 ( 0.000000000000000000, 0.1467757591339999834, 0.2274659356720000192, 0.2897112233430000350, 0.3442859045019999731, 0.3834066650899999873, 0.4999870765139999840, 0.6556921783640000667, 0.7069202886329999380, 0.7713532114319999744, 0.8532153396380000032, 1.000000000000000000 ),
 .UNSPECIFIED. ) ;
#7916 = CARTESIAN_POINT ( 'NONE',  ( -4.634769000772544167, -10.52478109835883657, -11.31693756749301372 ) ) ;
#7917 = ORIENTED_EDGE ( 'NONE', *, *, #3029, .F. ) ;
#7918 = ADVANCED_FACE ( 'NONE', ( #8506 ), #1133, .F. ) ;
#7919 = CARTESIAN_POINT ( 'NONE',  ( 9.127278213359087289, 4.553509772130306388, -11.23098002329397538 ) ) ;
#7920 = VERTEX_POINT ( 'NONE', #5111 ) ;
#7921 = CIRCLE ( 'NONE', #8957, 0.8000000000000002665 ) ;
#7922 = DIRECTION ( 'NONE',  ( -0.7071067811865535679, 0.7071067811865415775, 3.401418580346680326E-16 ) ) ;
#7923 = CARTESIAN_POINT ( 'NONE',  ( 5.563961030679579700, -6.363961030678660258, 5.000000000000000000 ) ) ;
#7924 = EDGE_LOOP ( 'NONE', ( #3323, #2089, #6349, #6872 ) ) ;
#7925 = CARTESIAN_POINT ( 'NONE',  ( -8.890520551393201742, -4.999864555443777725, -12.33236620952802376 ) ) ;
#7926 = ORIENTED_EDGE ( 'NONE', *, *, #5068, .T. ) ;
#7927 = CARTESIAN_POINT ( 'NONE',  ( 1.153074931050470875, 6.608359721094388739, -9.499999999999996447 ) ) ;
#7928 = CARTESIAN_POINT ( 'NONE',  ( 10.55127468166244498, 4.574074773964409424, -11.25172247281997251 ) ) ;
#7929 = VECTOR ( 'NONE', #1892, 1000.000000000000114 ) ;
#7930 = EDGE_CURVE ( 'NONE', #1097, #6517, #2661, .T. ) ;
#7931 = DIRECTION ( 'NONE',  ( 1.000000000000000000, 0.000000000000000000, 0.000000000000000000 ) ) ;
#7932 = DIRECTION ( 'NONE',  ( 0.000000000000000000, 0.000000000000000000, -1.000000000000000000 ) ) ;
#7933 = ORIENTED_EDGE ( 'NONE', *, *, #3306, .F. ) ;
#7934 = ADVANCED_FACE ( 'NONE', ( #1902, #5164 ), #7106, .F. ) ;
#7935 = EDGE_LOOP ( 'NONE', ( #9789 ) ) ;
#7936 = PLANE ( 'NONE',  #9904 ) ;
#7937 = EDGE_LOOP ( 'NONE', ( #10593, #5756, #9540, #583 ) ) ;
#7938 = ORIENTED_EDGE ( 'NONE', *, *, #8530, .T. ) ;
#7939 = CIRCLE ( 'NONE', #3662, 3.000000000000000000 ) ;
#7940 = ORIENTED_EDGE ( 'NONE', *, *, #4226, .F. ) ;
#7941 = CARTESIAN_POINT ( 'NONE',  ( 4.493210294610687328, 9.157129687445726418, -13.42529421492098862 ) ) ;
#7942 = CARTESIAN_POINT ( 'NONE',  ( -6.230030360879741941E-16, -1.281249099744735880E-15, -9.400000000000002132 ) ) ;
#7943 = CARTESIAN_POINT ( 'NONE',  ( -10.52478109835878506, -4.634769000772690717, -13.28306243250702856 ) ) ;
#7944 = VECTOR ( 'NONE', #7048, 1000.000000000000000 ) ;
#7945 = CARTESIAN_POINT ( 'NONE',  ( -0.8042429674092549385, 0.5943006388796894246, -12.30000000000000426 ) ) ;
#7946 = ADVANCED_FACE ( 'NONE', ( #879, #1340 ), #2865, .T. ) ;
#7947 = CARTESIAN_POINT ( 'NONE',  ( 4.594290784877903100, -5.228467952032856303, -27.03440639431299175 ) ) ;
#7948 = FACE_BOUND ( 'NONE', #5320, .T. ) ;
#7949 = CARTESIAN_POINT ( 'NONE',  ( -9.580709785814637058, -3.500000000000125233, -10.80000000000002558 ) ) ;
#7950 = EDGE_LOOP ( 'NONE', ( #7420 ) ) ;
#7951 = DIRECTION ( 'NONE',  ( 0.000000000000000000, 0.000000000000000000, 1.000000000000000000 ) ) ;
#7952 = LINE ( 'NONE', #1507, #7840 ) ;
#7953 = AXIS2_PLACEMENT_3D ( 'NONE', #8060, #5513, #8639 ) ;
#7954 = CARTESIAN_POINT ( 'NONE',  ( 0.000000000000000000, 0.000000000000000000, -20.71370849898476507 ) ) ;
#7955 = PLANE ( 'NONE',  #10000 ) ;
#7956 = CARTESIAN_POINT ( 'NONE',  ( 4.003993638810975142, -10.78157098493120714, -13.72147180845099612 ) ) ;
#7957 = CARTESIAN_POINT ( 'NONE',  ( 9.316575767497885963, -6.743179380478922624, -13.25819710226998183 ) ) ;
#7958 = ORIENTED_EDGE ( 'NONE', *, *, #5867, .F. ) ;
#7959 = VECTOR ( 'NONE', #7490, 1000.000000000000000 ) ;
#7960 = DIRECTION ( 'NONE',  ( 0.000000000000000000, 0.000000000000000000, -1.000000000000000000 ) ) ;
#7961 = CARTESIAN_POINT ( 'NONE',  ( -4.851528696805358365, -4.767137703045874808, -27.12588195420701709 ) ) ;
#7962 = ORIENTED_EDGE ( 'NONE', *, *, #2309, .T. ) ;
#7963 =( BOUNDED_CURVE ( )  B_SPLINE_CURVE ( 2, ( #5126, #4419, #7674 ),
 .UNSPECIFIED., .F., .T. ) 
 B_SPLINE_CURVE_WITH_KNOTS ( ( 3, 3 ),
 ( 0.000000000000000000, 1.000000000000000000 ),
 .UNSPECIFIED. ) 
 CURVE ( )  GEOMETRIC_REPRESENTATION_ITEM ( )  RATIONAL_B_SPLINE_CURVE ( ( 1.000000000000000000, 1.021844029435007961, 1.000000000000000000 ) ) 
 REPRESENTATION_ITEM ( '' )  );
#7964 = EDGE_LOOP ( 'NONE', ( #5901, #3187, #8840, #8173, #9753, #2775, #8907, #7073 ) ) ;
#7965 = CARTESIAN_POINT ( 'NONE',  ( 8.610015382192084843, -5.468928609231138438, -12.99516330975598422 ) ) ;
#7966 = CYLINDRICAL_SURFACE ( 'NONE', #7374, 0.1000000000000000194 ) ;
#7967 = CARTESIAN_POINT ( 'NONE',  ( 3.629958275051178962, 10.91292885334561547, -13.79999998943198669 ) ) ;
#7968 = AXIS2_PLACEMENT_3D ( 'NONE', #6929, #9470, #4556 ) ;
#7969 = B_SPLINE_CURVE_WITH_KNOTS ( 'NONE', 6,
 ( #6839, #2794, #7056, #5198, #3612, #3558, #9335, #1114, #6101, #1984, #5298, #8540, #2855, #9394, #5352, #7996, #3076 ),
 .UNSPECIFIED., .F., .F.,
 ( 7, 5, 5, 7 ),
 ( 0.000000000000000000, 0.4556359085059999980, 0.6298312563769999928, 1.000000000000000000 ),
 .UNSPECIFIED. ) ;
#7970 = EDGE_CURVE ( 'NONE', #255, #2312, #7052, .T. ) ;
#7971 = ORIENTED_EDGE ( 'NONE', *, *, #3798, .F. ) ;
#7972 = CARTESIAN_POINT ( 'NONE',  ( 9.452826169725344840, 3.835190596420127385, -10.83041375988897492 ) ) ;
#7973 = CARTESIAN_POINT ( 'NONE',  ( -0.7363961030679176956, 0.7363961030678830566, -19.50000000000000355 ) ) ;
#7974 = CARTESIAN_POINT ( 'NONE',  ( 9.172615430163540751, -4.461440563807405724, -11.14788175480798138 ) ) ;
#7975 = CARTESIAN_POINT ( 'NONE',  ( -9.276220502677654522, 4.242248073841564882, -10.99448717942902043 ) ) ;
#7976 = EDGE_LOOP ( 'NONE', ( #2196 ) ) ;
#7977 = CARTESIAN_POINT ( 'NONE',  ( -0.1503006114785185032, -3.495393274921485105, 7.299999999999999822 ) ) ;
#7978 = CONICAL_SURFACE ( 'NONE', #3020, 4.000000000000000000, 0.7853981633974476129 ) ;
#7979 = ORIENTED_EDGE ( 'NONE', *, *, #6835, .T. ) ;
#7980 = CARTESIAN_POINT ( 'NONE',  ( 5.779248310988927884, 2.941137358222346343, -9.399999999999986144 ) ) ;
#7981 = CARTESIAN_POINT ( 'NONE',  ( -6.086011853008404415, -9.757584728048003697, -23.80000000000001847 ) ) ;
#7982 = EDGE_CURVE ( 'NONE', #9738, #6650, #6863, .T. ) ;
#7983 = CARTESIAN_POINT ( 'NONE',  ( 10.35615758860333813, 4.999999999999038103, -12.38463617111097292 ) ) ;
#7984 = CARTESIAN_POINT ( 'NONE',  ( -8.644746269449077758, 7.584086097669108462, -23.80000000000001847 ) ) ;
#7985 = DIRECTION ( 'NONE',  ( 0.000000000000000000, 1.000000000000000000, 0.000000000000000000 ) ) ;
#7986 = CARTESIAN_POINT ( 'NONE',  ( 5.085786437626810930, 1.414213562372431454, -27.29999999999998650 ) ) ;
#7987 = DIRECTION ( 'NONE',  ( 0.000000000000000000, 0.000000000000000000, -1.000000000000000000 ) ) ;
#7988 = CIRCLE ( 'NONE', #7822, 9.200000000000001066 ) ;
#7989 = DIRECTION ( 'NONE',  ( -1.000000000000000000, 0.000000000000000000, 0.000000000000000000 ) ) ;
#7990 = ORIENTED_EDGE ( 'NONE', *, *, #860, .F. ) ;
#7991 = EDGE_LOOP ( 'NONE', ( #3705, #1306, #2134, #10074, #2028, #6933, #3715, #6343 ) ) ;
#7992 = DIRECTION ( 'NONE',  ( 1.406287075211185119E-16, 4.957673955467699885E-16, -1.000000000000000000 ) ) ;
#7993 = CARTESIAN_POINT ( 'NONE',  ( 5.833630944789019779, -5.833630944789019779, 0.9999999999999991118 ) ) ;
#7994 = EDGE_LOOP ( 'NONE', ( #2816 ) ) ;
#7995 = VERTEX_POINT ( 'NONE', #1136 ) ;
#7996 = CARTESIAN_POINT ( 'NONE',  ( 9.189418128211602976, -6.914949359555050634, -11.30000001064198223 ) ) ;
#7997 = VECTOR ( 'NONE', #4372, 1000.000000000000000 ) ;
#7998 = EDGE_CURVE ( 'NONE', #6526, #10499, #976, .T. ) ;
#7999 = CARTESIAN_POINT ( 'NONE',  ( -10.82572612942314372, -3.883880206008151870, -13.75998642150702977 ) ) ;
#8000 = CARTESIAN_POINT ( 'NONE',  ( -0.7071067811865555663, 0.7071067811865402453, -22.50000000000000711 ) ) ;
#8001 = CARTESIAN_POINT ( 'NONE',  ( 9.000000000000000000, 9.427005074995329055E-14, 3.000000000000000000 ) ) ;
#8002 = EDGE_CURVE ( 'NONE', #2636, #1266, #276, .T. ) ;
#8003 = DIRECTION ( 'NONE',  ( -2.960024404117000301E-16, -3.403936626561912313E-16, 1.000000000000000000 ) ) ;
#8004 = VECTOR ( 'NONE', #7635, 1000.000000000000000 ) ;
#8005 = DIRECTION ( 'NONE',  ( 0.000000000000000000, 0.000000000000000000, -1.000000000000000000 ) ) ;
#8006 = ORIENTED_EDGE ( 'NONE', *, *, #179, .T. ) ;
#8007 = CARTESIAN_POINT ( 'NONE',  ( 7.071067811865520802, -9.192388155425064156, -13.29999999999998828 ) ) ;
#8008 = ADVANCED_FACE ( 'NONE', ( #1037, #2763 ), #3808, .F. ) ;
#8009 = EDGE_CURVE ( 'NONE', #6397, #4865, #282, .T. ) ;
#8010 = CARTESIAN_POINT ( 'NONE',  ( -3.000000000000000000, 0.000000000000000000, 7.299999999999999822 ) ) ;
#8011 = CIRCLE ( 'NONE', #2005, 10.80000000000000071 ) ;
#8012 = CYLINDRICAL_SURFACE ( 'NONE', #8735, 0.8000000000000003775 ) ;
#8013 = DIRECTION ( 'NONE',  ( 0.000000000000000000, 0.000000000000000000, 1.000000000000000000 ) ) ;
#8014 = VECTOR ( 'NONE', #10383, 1000.000000000000114 ) ;
#8015 = CARTESIAN_POINT ( 'NONE',  ( -0.6099076439117319115, -2.299999999999999822, 7.700000000000000178 ) ) ;
#8016 = CARTESIAN_POINT ( 'NONE',  ( 0.7778174593051969676, -0.7778174593051980779, -22.50000000000000355 ) ) ;
#8017 = PLANE ( 'NONE',  #4115 ) ;
#8018 = CARTESIAN_POINT ( 'NONE',  ( 5.657245590727377760, -8.487769952054240008, -11.42927257595798984 ) ) ;
#8019 = ADVANCED_FACE ( 'NONE', ( #8323 ), #6735, .T. ) ;
#8020 = FACE_OUTER_BOUND ( 'NONE', #4112, .T. ) ;
#8021 = CARTESIAN_POINT ( 'NONE',  ( 9.681253610586571412, -6.206873919244128679, -12.62716439565398119 ) ) ;
#8022 = ORIENTED_EDGE ( 'NONE', *, *, #2537, .T. ) ;
#8023 = DIRECTION ( 'NONE',  ( -9.222182540694834837E-16, -4.919953083036139495E-16, 1.000000000000000000 ) ) ;
#8024 = AXIS2_PLACEMENT_3D ( 'NONE', #118, #3466, #5206 ) ;
#8025 = VECTOR ( 'NONE', #10283, 1000.000000000000000 ) ;
#8026 = DIRECTION ( 'NONE',  ( -0.7071067811865535679, 0.7071067811865415775, 2.689493761204351931E-16 ) ) ;
#8027 = VERTEX_POINT ( 'NONE', #9675 ) ;
#8028 = ORIENTED_EDGE ( 'NONE', *, *, #2670, .F. ) ;
#8029 = CARTESIAN_POINT ( 'NONE',  ( -6.000000000000000000, 3.605551275463990013, 6.799999999999999822 ) ) ;
#8030 = ORIENTED_EDGE ( 'NONE', *, *, #931, .F. ) ;
#8031 = FACE_OUTER_BOUND ( 'NONE', #3263, .T. ) ;
#8032 = CARTESIAN_POINT ( 'NONE',  ( -2.000000000000000000, 0.000000000000000000, 7.000000000000000000 ) ) ;
#8033 = CIRCLE ( 'NONE', #9055, 2.000000000000000444 ) ;
#8034 = CARTESIAN_POINT ( 'NONE',  ( 5.978532735505794449, 3.042555887816220217, -12.35857864376267656 ) ) ;
#8035 = CIRCLE ( 'NONE', #3418, 0.4500000000000000111 ) ;
#8036 = ORIENTED_EDGE ( 'NONE', *, *, #8799, .T. ) ;
#8037 = CARTESIAN_POINT ( 'NONE',  ( 0.6888520379748459543, -10.97840985160318006, 0.9999999999999991118 ) ) ;
#8038 = LINE ( 'NONE', #6558, #3363 ) ;
#8039 = FACE_OUTER_BOUND ( 'NONE', #2254, .T. ) ;
#8040 = VERTEX_POINT ( 'NONE', #9130 ) ;
#8041 = CARTESIAN_POINT ( 'NONE',  ( -9.299279270581971346, -4.191266730398092832, -10.96751006398102213 ) ) ;
#8042 = CARTESIAN_POINT ( 'NONE',  ( -0.8042429674092623770, 0.5943006388796879813, -9.441421356237313489 ) ) ;
#8043 = EDGE_CURVE ( 'NONE', #3250, #9014, #1302, .T. ) ;
#8044 = DIRECTION ( 'NONE',  ( 1.000000000000000000, 0.000000000000000000, 0.000000000000000000 ) ) ;
#8045 = CARTESIAN_POINT ( 'NONE',  ( 10.65081432662652183, 4.337734361968118790, -11.05291972593097682 ) ) ;
#8046 = FACE_OUTER_BOUND ( 'NONE', #7507, .T. ) ;
#8047 = CARTESIAN_POINT ( 'NONE',  ( 0.1499999999999999944, -2.299999999999999822, 7.700000000000000178 ) ) ;
#8048 = CARTESIAN_POINT ( 'NONE',  ( -0.1499999999999999944, -3.200000000000000178, 7.299999999999999822 ) ) ;
#8049 = DIRECTION ( 'NONE',  ( 0.000000000000000000, 0.000000000000000000, 1.000000000000000000 ) ) ;
#8050 = CARTESIAN_POINT ( 'NONE',  ( 0.000000000000000000, 0.000000000000000000, 7.700000000000000178 ) ) ;
#8051 = ORIENTED_EDGE ( 'NONE', *, *, #1539, .T. ) ;
#8052 = ORIENTED_EDGE ( 'NONE', *, *, #6631, .T. ) ;
#8053 = EDGE_CURVE ( 'NONE', #8306, #2838, #848, .T. ) ;
#8054 = ORIENTED_EDGE ( 'NONE', *, *, #6992, .T. ) ;
#8055 = CARTESIAN_POINT ( 'NONE',  ( -0.1423076923076918021, -2.044518506469930053, 7.299999999999999822 ) ) ;
#8056 = ORIENTED_EDGE ( 'NONE', *, *, #3269, .F. ) ;
#8057 = CIRCLE ( 'NONE', #3440, 1.250000000000542233 ) ;
#8058 = EDGE_CURVE ( 'NONE', #4409, #2560, #4433, .T. ) ;
#8059 = EDGE_LOOP ( 'NONE', ( #7744, #9253 ) ) ;
#8060 = CARTESIAN_POINT ( 'NONE',  ( 0.000000000000000000, 0.000000000000000000, -2.200000000000000178 ) ) ;
#8061 = EDGE_CURVE ( 'NONE', #7243, #9287, #6206, .T. ) ;
#8062 = FACE_BOUND ( 'NONE', #9619, .T. ) ;
#8063 = CARTESIAN_POINT ( 'NONE',  ( -1.180843325219259025E-14, -2.065001794687548269E-15, -22.40000000000000213 ) ) ;
#8064 = AXIS2_PLACEMENT_3D ( 'NONE', #7365, #5730, #1601 ) ;
#8065 = CARTESIAN_POINT ( 'NONE',  ( -2.412728902227698757, 1.782901916639078488, -9.500000000000005329 ) ) ;
#8066 = CYLINDRICAL_SURFACE ( 'NONE', #9656, 3.000000000000000000 ) ;
#8067 = DIRECTION ( 'NONE',  ( 2.405628631302114965E-16, -1.000000000000000000, 0.000000000000000000 ) ) ;
#8068 = EDGE_CURVE ( 'NONE', #3992, #8780, #2572, .T. ) ;
#8069 = CYLINDRICAL_SURFACE ( 'NONE', #5639, 2.000000000000000000 ) ;
#8070 = AXIS2_PLACEMENT_3D ( 'NONE', #1587, #7308, #4958 ) ;
#8071 = LINE ( 'NONE', #2576, #7847 ) ;
#8072 = FACE_OUTER_BOUND ( 'NONE', #4063, .T. ) ;
#8073 = DIRECTION ( 'NONE',  ( -1.000000000000000000, 0.000000000000000000, 0.000000000000000000 ) ) ;
#8074 = EDGE_CURVE ( 'NONE', #8780, #7361, #2862, .T. ) ;
#8075 = AXIS2_PLACEMENT_3D ( 'NONE', #9850, #6514, #10472 ) ;
#8076 = ORIENTED_EDGE ( 'NONE', *, *, #9895, .T. ) ;
#8077 = EDGE_CURVE ( 'NONE', #7879, #2310, #3034, .T. ) ;
#8078 = DIRECTION ( 'NONE',  ( -8.109594466771330204E-17, 1.000000000000000000, 0.000000000000000000 ) ) ;
#8079 = ORIENTED_EDGE ( 'NONE', *, *, #3421, .F. ) ;
#8080 = CARTESIAN_POINT ( 'NONE',  ( -4.723919738094310539, -5.771994226636864234, -26.74652799504801592 ) ) ;
#8081 = ORIENTED_EDGE ( 'NONE', *, *, #8009, .T. ) ;
#8082 = CARTESIAN_POINT ( 'NONE',  ( 8.736963067266424687, -5.263795017053448433, -12.63033003667398368 ) ) ;
#8083 = AXIS2_PLACEMENT_3D ( 'NONE', #2647, #3564, #5203 ) ;
#8084 = DIRECTION ( 'NONE',  ( -0.7071067811865534569, 0.7071067811865416886, 0.000000000000000000 ) ) ;
#8085 = CARTESIAN_POINT ( 'NONE',  ( 4.602682622558940118, 10.53885249846448069, -11.28127406444598435 ) ) ;
#8086 = AXIS2_PLACEMENT_3D ( 'NONE', #9008, #3974, #794 ) ;
#8087 = CARTESIAN_POINT ( 'NONE',  ( -3.500000000000066169, -10.95445115010359416, -10.80000000000001492 ) ) ;
#8088 = CARTESIAN_POINT ( 'NONE',  ( -1.524192641962573264E-15, -1.233523804664961189E-15, -24.80000000000000426 ) ) ;
#8089 = DIRECTION ( 'NONE',  ( -0.7071067811865522357, 0.7071067811865429098, -1.818814781641097311E-15 ) ) ;
#8090 = ORIENTED_EDGE ( 'NONE', *, *, #5735, .T. ) ;
#8091 = DIRECTION ( 'NONE',  ( 0.000000000000000000, 0.000000000000000000, -1.000000000000000000 ) ) ;
#8092 = ORIENTED_EDGE ( 'NONE', *, *, #7930, .T. ) ;
#8093 = CARTESIAN_POINT ( 'NONE',  ( 9.112956821424544884, -4.582026060026830550, -11.26034640310297874 ) ) ;
#8094 = CARTESIAN_POINT ( 'NONE',  ( -9.253521240151744820, 4.291558287228984803, -13.57643061476102275 ) ) ;
#8095 = ORIENTED_EDGE ( 'NONE', *, *, #420, .F. ) ;
#8096 = CARTESIAN_POINT ( 'NONE',  ( -9.452826095556993380, -3.835190777679893248, -10.83041380021802347 ) ) ;
#8097 = AXIS2_PLACEMENT_3D ( 'NONE', #7402, #4031, #1692 ) ;
#8098 = ADVANCED_FACE ( 'NONE', ( #1154 ), #2675, .T. ) ;
#8099 = DIRECTION ( 'NONE',  ( 0.000000000000000000, 0.000000000000000000, 1.000000000000000000 ) ) ;
#8100 = CARTESIAN_POINT ( 'NONE',  ( 4.808326112068472824, 5.868986283848385277, -26.67232776209098688 ) ) ;
#8101 = CARTESIAN_POINT ( 'NONE',  ( 10.55345073786137178, 4.569041772020165482, -13.35333137866197717 ) ) ;
#8102 = CARTESIAN_POINT ( 'NONE',  ( -5.868986283848385277, 4.808326112068474600, -27.30000000000001847 ) ) ;
#8103 = CARTESIAN_POINT ( 'NONE',  ( -1.850000000000000089, -0.2000000000000000111, 7.700000000000000178 ) ) ;
#8104 = DIRECTION ( 'NONE',  ( -1.000000000000000000, 0.000000000000000000, 0.000000000000000000 ) ) ;
#8105 = CIRCLE ( 'NONE', #1569, 1.050000000000409939 ) ;
#8106 = EDGE_LOOP ( 'NONE', ( #3406, #6629, #9583, #950 ) ) ;
#8107 = CARTESIAN_POINT ( 'NONE',  ( -5.563961030678819419, 6.363961030678660258, 5.000000000000000000 ) ) ;
#8108 = ORIENTED_EDGE ( 'NONE', *, *, #961, .T. ) ;
#8109 = CC_DESIGN_DATE_AND_TIME_ASSIGNMENT ( #1163, #2848, ( #2066 ) ) ;
#8110 = ORIENTED_EDGE ( 'NONE', *, *, #7201, .F. ) ;
#8111 = DIRECTION ( 'NONE',  ( 0.000000000000000000, 0.000000000000000000, -1.000000000000000000 ) ) ;
#8112 = ORIENTED_EDGE ( 'NONE', *, *, #1399, .T. ) ;
#8113 = DIRECTION ( 'NONE',  ( -0.7071067811865520136, 0.7071067811865430208, 1.700709290173340163E-16 ) ) ;
#8114 = ORIENTED_EDGE ( 'NONE', *, *, #6765, .T. ) ;
#8115 = CIRCLE ( 'NONE', #9815, 1.050000000000000044 ) ;
#8116 = LINE ( 'NONE', #4104, #9462 ) ;
#8117 = FACE_OUTER_BOUND ( 'NONE', #940, .T. ) ;
#8118 = CARTESIAN_POINT ( 'NONE',  ( -2.121320343559658816, 2.121320343559627286, -24.80000000000000782 ) ) ;
#8120 = ADVANCED_FACE ( 'NONE', ( #4358, #8367 ), #6771, .T. ) ;
#8119 = DIRECTION ( 'NONE',  ( -1.000000000000000000, 0.000000000000000000, 0.000000000000000000 ) ) ;
#8121 = FACE_OUTER_BOUND ( 'NONE', #10148, .T. ) ;
#8122 = AXIS2_PLACEMENT_3D ( 'NONE', #8961, #1593, #1484 ) ;
#8123 = ORIENTED_EDGE ( 'NONE', *, *, #10396, .F. ) ;
#8124 = PLANE ( 'NONE',  #4588 ) ;
#8125 = ORIENTED_EDGE ( 'NONE', *, *, #6005, .F. ) ;
#8126 = DIRECTION ( 'NONE',  ( 0.7071067811865415775, 0.7071067811865536790, 1.734723475976807094E-15 ) ) ;
#8127 = CIRCLE ( 'NONE', #1769, 2.000000000000000000 ) ;
#8128 = EDGE_CURVE ( 'NONE', #3189, #8659, #6816, .T. ) ;
#8129 = DIRECTION ( 'NONE',  ( 1.000000000000000000, 0.000000000000000000, 0.000000000000000000 ) ) ;
#8130 = CARTESIAN_POINT ( 'NONE',  ( 6.169486980226158934, -9.705020886158806093, -12.22090667373999118 ) ) ;
#8131 = CARTESIAN_POINT ( 'NONE',  ( 4.965625972004660937, -10.37272415736382136, -12.63701308647599220 ) ) ;
#8132 = ORIENTED_EDGE ( 'NONE', *, *, #6699, .T. ) ;
#8133 = VECTOR ( 'NONE', #616, 1000.000000000000000 ) ;
#8134 = CARTESIAN_POINT ( 'NONE',  ( -5.796685582895907629, -2.125112707674062129, -24.80000000000001492 ) ) ;
#8135 = ORIENTED_EDGE ( 'NONE', *, *, #4855, .F. ) ;
#8136 = CARTESIAN_POINT ( 'NONE',  ( -4.640803459352961902, -5.622976369343537506, -26.84348652119801670 ) ) ;
#8137 = AXIS2_PLACEMENT_3D ( 'NONE', #3393, #6675, #1760 ) ;
#8138 = ADVANCED_FACE ( 'NONE', ( #3817, #9443 ), #7746, .T. ) ;
#8139 = VERTEX_POINT ( 'NONE', #9391 ) ;
#8140 = EDGE_CURVE ( 'NONE', #8258, #2312, #2687, .T. ) ;
#8141 = CARTESIAN_POINT ( 'NONE',  ( 3.613257950183608180, -9.539334685021843896, -13.79999999128999733 ) ) ;
#8142 = CARTESIAN_POINT ( 'NONE',  ( 4.808326112068472824, 5.868986283848385277, -26.67232776209098688 ) ) ;
#8143 = AXIS2_PLACEMENT_3D ( 'NONE', #4127, #4182, #76 ) ;
#8144 = DIRECTION ( 'NONE',  ( 0.000000000000000000, 0.000000000000000000, -1.000000000000000000 ) ) ;
#8145 = ORIENTED_EDGE ( 'NONE', *, *, #3847, .T. ) ;
#8146 = DIRECTION ( 'NONE',  ( -3.750753461571474649E-15, 1.000000000000000000, 0.000000000000000000 ) ) ;
#8147 = ORIENTED_EDGE ( 'NONE', *, *, #4458, .T. ) ;
#8148 = CARTESIAN_POINT ( 'NONE',  ( 8.894794764453266112, -4.992262405482654763, -12.07004942403898262 ) ) ;
#8149 = ORIENTED_EDGE ( 'NONE', *, *, #380, .T. ) ;
#8150 = DIRECTION ( 'NONE',  ( -1.000000000000000000, -1.047445008332813989E-14, 0.000000000000000000 ) ) ;
#8151 = CARTESIAN_POINT ( 'NONE',  ( 1.992844245168569062, 1.014185295938733633, -9.499999999999998224 ) ) ;
#8152 = CARTESIAN_POINT ( 'NONE',  ( -5.609542610481743630, 4.638037506495433782, -26.85046753392201424 ) ) ;
#8153 = CIRCLE ( 'NONE', #5958, 0.8000000000000003775 ) ;
#8154 = EDGE_CURVE ( 'NONE', #61, #2607, #10540, .T. ) ;
#8155 = DIRECTION ( 'NONE',  ( 1.503138155671783241E-15, 1.636415952796485298E-15, -1.000000000000000000 ) ) ;
#8156 = FACE_OUTER_BOUND ( 'NONE', #10224, .T. ) ;
#8157 = FACE_OUTER_BOUND ( 'NONE', #5482, .T. ) ;
#8158 = DIRECTION ( 'NONE',  ( 1.000000000000000000, 0.000000000000000000, 0.000000000000000000 ) ) ;
#8159 = ORIENTED_EDGE ( 'NONE', *, *, #2608, .T. ) ;
#8160 = ORIENTED_EDGE ( 'NONE', *, *, #3697, .T. ) ;
#8161 = CARTESIAN_POINT ( 'NONE',  ( 10.58810457441690822, -4.488262884145876264, -11.16982398361597895 ) ) ;
#8162 = VECTOR ( 'NONE', #8078, 1000.000000000000000 ) ;
#8163 = ORIENTED_EDGE ( 'NONE', *, *, #104, .T. ) ;
#8164 = ORIENTED_EDGE ( 'NONE', *, *, #6461, .T. ) ;
#8165 = CARTESIAN_POINT ( 'NONE',  ( -9.887923813067800438E-14, 8.999999999999991118, -9.399999999999998579 ) ) ;
#8166 = AXIS2_PLACEMENT_3D ( 'NONE', #3171, #1165, #6048 ) ;
#8167 = CARTESIAN_POINT ( 'NONE',  ( 0.1499999999999999944, -3.299999999999999822, 7.299999999999999822 ) ) ;
#8168 = DIRECTION ( 'NONE',  ( -0.7071067811703314332, -0.7071067812027636013, -2.669999999967578999E-15 ) ) ;
#8169 = CARTESIAN_POINT ( 'NONE',  ( -10.62870238457908734, -4.391641713997815444, -11.09059245180802833 ) ) ;
#8170 = CARTESIAN_POINT ( 'NONE',  ( -0.5656854249491535258, -8.434314575050777307, -9.400000000000007461 ) ) ;
#8171 = DIRECTION ( 'NONE',  ( 0.000000000000000000, 0.000000000000000000, 1.000000000000000000 ) ) ;
#8172 = CARTESIAN_POINT ( 'NONE',  ( -7.388493158379989545, 3.716920283231563982, -26.29766626893659875 ) ) ;
#8173 = ORIENTED_EDGE ( 'NONE', *, *, #6948, .F. ) ;
#8174 = AXIS2_PLACEMENT_3D ( 'NONE', #7314, #4963, #798 ) ;
#8175 = VERTEX_POINT ( 'NONE', #10536 ) ;
#8176 = ORIENTED_EDGE ( 'NONE', *, *, #8898, .F. ) ;
#8177 = ADVANCED_FACE ( 'NONE', ( #6525 ), #5723, .F. ) ;
#8178 = CARTESIAN_POINT ( 'NONE',  ( 9.000000000000000000, -1.049999999999906120, 0.000000000000000000 ) ) ;
#8179 = CARTESIAN_POINT ( 'NONE',  ( 6.169486980226158934, -9.705020886158806093, -12.37876470876699209 ) ) ;
#8180 = AXIS2_PLACEMENT_3D ( 'NONE', #9076, #3938, #7206 ) ;
#8181 = CARTESIAN_POINT ( 'NONE',  ( 4.994269506992423224, -10.35892425387452676, -12.46926727858999229 ) ) ;
#8182 = CARTESIAN_POINT ( 'NONE',  ( 5.986585091310614004, -8.259084641097873103, -11.30000001046299296 ) ) ;
#8183 = CARTESIAN_POINT ( 'NONE',  ( 0.05000000000000090483, -3.396295565269215277, 7.700000000000000178 ) ) ;
#8184 = EDGE_LOOP ( 'NONE', ( #828, #1893, #2839, #9893 ) ) ;
#8185 = EDGE_CURVE ( 'NONE', #1809, #7081, #7147, .T. ) ;
#8186 = CARTESIAN_POINT ( 'NONE',  ( -4.808326112068555425, 4.808326112068492364, -27.12679491924301090 ) ) ;
#8187 = ORIENTED_EDGE ( 'NONE', *, *, #655, .F. ) ;
#8188 = CARTESIAN_POINT ( 'NONE',  ( -3.500000000000244249, 10.95445115010352310, -13.80000000000000426 ) ) ;
#8189 = AXIS2_PLACEMENT_3D ( 'NONE', #1934, #2916, #7631 ) ;
#8190 = CARTESIAN_POINT ( 'NONE',  ( 9.757584728041630129, -6.086011853002031735, -23.79999999999997939 ) ) ;
#8191 = CARTESIAN_POINT ( 'NONE',  ( 4.523888436608857866, -9.142016692788661913, -13.39759389478399498 ) ) ;
#8192 = DIRECTION ( 'NONE',  ( 1.000000000000000000, 0.000000000000000000, 0.000000000000000000 ) ) ;
#8193 = ORIENTED_EDGE ( 'NONE', *, *, #5327, .F. ) ;
#8194 =( BOUNDED_CURVE ( )  B_SPLINE_CURVE ( 2, ( #9681, #2340, #10458 ),
 .UNSPECIFIED., .F., .F. ) 
 B_SPLINE_CURVE_WITH_KNOTS ( ( 3, 3 ),
 ( 0.000000000000000000, 1.000000000000000000 ),
 .UNSPECIFIED. ) 
 CURVE ( )  GEOMETRIC_REPRESENTATION_ITEM ( )  RATIONAL_B_SPLINE_CURVE ( ( 1.000000000000000000, 1.021844029440103885, 1.000000000000000000 ) ) 
 REPRESENTATION_ITEM ( '' )  );
#8195 = VECTOR ( 'NONE', #2802, 1000.000000000000000 ) ;
#8196 = CARTESIAN_POINT ( 'NONE',  ( -9.000000000000248690, 2.546932573555920269E-13, -9.200000000000008171 ) ) ;
#8197 = ORIENTED_EDGE ( 'NONE', *, *, #2630, .T. ) ;
#8198 = AXIS2_PLACEMENT_3D ( 'NONE', #457, #8579, #559 ) ;
#8199 = CARTESIAN_POINT ( 'NONE',  ( -3.237605654302155411, -6.909178529471818209, -24.80000000000001137 ) ) ;
#8200 = ADVANCED_FACE ( 'NONE', ( #1139, #7721 ), #7487, .F. ) ;
#8201 = CARTESIAN_POINT ( 'NONE',  ( 9.452826095556279284, -3.835190777679024610, -13.76958619978197973 ) ) ;
#8202 = ORIENTED_EDGE ( 'NONE', *, *, #6903, .T. ) ;
#8203 = AXIS2_PLACEMENT_3D ( 'NONE', #415, #2850, #9441 ) ;
#8204 = DIRECTION ( 'NONE',  ( 0.000000000000000000, 0.000000000000000000, 1.000000000000000000 ) ) ;
#8205 = AXIS2_PLACEMENT_3D ( 'NONE', #7448, #2505, #5922 ) ;
#8206 = CARTESIAN_POINT ( 'NONE',  ( -1.850000000000000089, 10.84331591350174051, 4.799999999999999822 ) ) ;
#8207 = VERTEX_POINT ( 'NONE', #8614 ) ;
#8208 = ADVANCED_FACE ( 'NONE', ( #6922 ), #7812, .F. ) ;
#8209 = DIRECTION ( 'NONE',  ( 0.000000000000000000, 0.000000000000000000, -1.000000000000000000 ) ) ;
#8210 = VERTEX_POINT ( 'NONE', #10140 ) ;
#8211 = CARTESIAN_POINT ( 'NONE',  ( 10.40169708267879400, -4.904570347083840431, -11.77273424909797761 ) ) ;
#8212 = EDGE_CURVE ( 'NONE', #7820, #3204, #716, .T. ) ;
#8213 = DIRECTION ( 'NONE',  ( 0.7071067811865410224, 0.7071067811865540120, 1.810146235801885715E-15 ) ) ;
#8214 = CYLINDRICAL_SURFACE ( 'NONE', #91, 1.050000000000200107 ) ;
#8215 = AXIS2_PLACEMENT_3D ( 'NONE', #9083, #10025, #175 ) ;
#8216 = EDGE_LOOP ( 'NONE', ( #7130, #6290, #71, #6586 ) ) ;
#8217 = ORIENTED_EDGE ( 'NONE', *, *, #7533, .T. ) ;
#8218 = CARTESIAN_POINT ( 'NONE',  ( 0.000000000000000000, 2.000000000000000000, 7.799999999999999822 ) ) ;
#8219 = PLANE ( 'NONE',  #444 ) ;
#8220 = CARTESIAN_POINT ( 'NONE',  ( -10.91292885334489071, -3.629958275069081086, -10.80000001056802894 ) ) ;
#8221 = CARTESIAN_POINT ( 'NONE',  ( -0.5656854249493382669, 9.565685424949224469, -10.79999999999999893 ) ) ;
#8222 = CARTESIAN_POINT ( 'NONE',  ( 8.894794764453182623, 4.992262405482794208, -12.52995057595997963 ) ) ;
#8223 = CARTESIAN_POINT ( 'NONE',  ( 5.833958804466219839, -4.775267418166862399, -26.70006670682398919 ) ) ;
#8224 = CIRCLE ( 'NONE', #4124, 0.4999999999999998890 ) ;
#8225 = LINE ( 'NONE', #8382, #7846 ) ;
#8226 = ORIENTED_EDGE ( 'NONE', *, *, #1341, .T. ) ;
#8227 = ORIENTED_EDGE ( 'NONE', *, *, #6636, .F. ) ;
#8228 = CIRCLE ( 'NONE', #8908, 2.000000000000000000 ) ;
#8229 = CYLINDRICAL_SURFACE ( 'NONE', #489, 1.499999999999999556 ) ;
#8230 = CARTESIAN_POINT ( 'NONE',  ( 6.377851357849954717, -9.569420208840160313, -12.95517841110799040 ) ) ;
#8231 = DIRECTION ( 'NONE',  ( -1.784888527117070713E-15, -5.768481220460070372E-16, 1.000000000000000000 ) ) ;
#8232 = ORIENTED_EDGE ( 'NONE', *, *, #9635, .T. ) ;
#8233 = CIRCLE ( 'NONE', #4833, 0.8000000000000003775 ) ;
#8234 = ORIENTED_EDGE ( 'NONE', *, *, #227, .T. ) ;
#8235 = CARTESIAN_POINT ( 'NONE',  ( 1.414213562372339084, 5.085786437626833134, -24.79999999999999716 ) ) ;
#8236 = VERTEX_POINT ( 'NONE', #8715 ) ;
#8237 = ORIENTED_EDGE ( 'NONE', *, *, #574, .F. ) ;
#8238 = CARTESIAN_POINT ( 'NONE',  ( -4.242257122733752439, -9.276216409870031043, -13.60550803222701610 ) ) ;
#8239 = DIRECTION ( 'NONE',  ( -0.7071067811865522357, 0.7071067811865429098, -1.885568995626963942E-15 ) ) ;
#8240 = VECTOR ( 'NONE', #5766, 1000.000000000000000 ) ;
#8241 = CARTESIAN_POINT ( 'NONE',  ( -4.938698365013501679, -10.38566075881630546, -12.74850674668101647 ) ) ;
#8242 = ORIENTED_EDGE ( 'NONE', *, *, #9435, .T. ) ;
#8243 = EDGE_CURVE ( 'NONE', #7434, #9329, #5437, .T. ) ;
#8244 = VERTEX_POINT ( 'NONE', #4880 ) ;
#8245 = DIRECTION ( 'NONE',  ( -1.466690475583121533E-15, -8.950461735799506958E-16, 1.000000000000000000 ) ) ;
#8246 = EDGE_CURVE ( 'NONE', #4775, #9217, #4080, .T. ) ;
#8247 = ORIENTED_EDGE ( 'NONE', *, *, #6528, .T. ) ;
#8248 = VECTOR ( 'NONE', #8231, 1000.000000000000000 ) ;
#8249 = EDGE_CURVE ( 'NONE', #8276, #108, #1643, .T. ) ;
#8250 = DIRECTION ( 'NONE',  ( -1.000000000000000000, -2.291641169988090159E-16, 0.000000000000000000 ) ) ;
#8251 = EDGE_CURVE ( 'NONE', #1, #1, #971, .T. ) ;
#8252 =( BOUNDED_CURVE ( )  B_SPLINE_CURVE ( 2, ( #4561, #2135, #505 ),
 .UNSPECIFIED., .F., .F. ) 
 B_SPLINE_CURVE_WITH_KNOTS ( ( 3, 3 ),
 ( 0.000000000000000000, 1.000000000000000000 ),
 .UNSPECIFIED. ) 
 CURVE ( )  GEOMETRIC_REPRESENTATION_ITEM ( )  RATIONAL_B_SPLINE_CURVE ( ( 1.000000000000000000, 1.045347380084215905, 1.000000000000000000 ) ) 
 REPRESENTATION_ITEM ( '' )  );
#8253 = CARTESIAN_POINT ( 'NONE',  ( 0.000000000000000000, 0.000000000000000000, 7.700000000000000178 ) ) ;
#8254 = ORIENTED_EDGE ( 'NONE', *, *, #227, .F. ) ;
#8255 = CARTESIAN_POINT ( 'NONE',  ( 10.51126777100465937, -4.665286445081686217, -11.35358011494098207 ) ) ;
#8256 = VECTOR ( 'NONE', #1586, 1000.000000000000000 ) ;
#8257 = CARTESIAN_POINT ( 'NONE',  ( 3.526878005889315659, -4.587538177669075345, -24.79999999999999716 ) ) ;
#8258 = VERTEX_POINT ( 'NONE', #2978 ) ;
#8259 = DIRECTION ( 'NONE',  ( -2.130801843661360134E-15, -7.604171063012753348E-16, 1.000000000000000000 ) ) ;
#8260 = DIRECTION ( 'NONE',  ( 1.791959594928938727E-15, 2.586500705120605190E-16, -1.000000000000000000 ) ) ;
#8261 = ORIENTED_EDGE ( 'NONE', *, *, #8569, .T. ) ;
#8262 = ORIENTED_EDGE ( 'NONE', *, *, #2808, .F. ) ;
#8263 = DIRECTION ( 'NONE',  ( -0.7071067811865412445, -0.7071067811865537900, -2.168404344971008474E-15 ) ) ;
#8264 = CARTESIAN_POINT ( 'NONE',  ( -2.092031021678271152, -6.276093065034914709, -19.50000000000001776 ) ) ;
#8265 = EDGE_CURVE ( 'NONE', #9047, #2610, #10030, .T. ) ;
#8266 = CIRCLE ( 'NONE', #2783, 0.1000000000000000056 ) ;
#8267 = EDGE_CURVE ( 'NONE', #2418, #851, #5462, .T. ) ;
#8268 = CARTESIAN_POINT ( 'NONE',  ( -10.49465159972528738, -4.702469829168324900, -11.40198029527303092 ) ) ;
#8269 = VERTEX_POINT ( 'NONE', #4861 ) ;
#8270 = DIRECTION ( 'NONE',  ( -9.222182540694834837E-16, -4.919953083036139495E-16, 1.000000000000000000 ) ) ;
#8271 = DIRECTION ( 'NONE',  ( -0.7071067811865533459, 0.7071067811865416886, 0.000000000000000000 ) ) ;
#8272 = ORIENTED_EDGE ( 'NONE', *, *, #5492, .F. ) ;
#8273 = AXIS2_PLACEMENT_3D ( 'NONE', #9347, #6219, #8551 ) ;
#8274 = CARTESIAN_POINT ( 'NONE',  ( -4.786777087356307803, 5.846733349589073647, -26.69015043721501002 ) ) ;
#8275 = ORIENTED_EDGE ( 'NONE', *, *, #8404, .F. ) ;
#8276 = VERTEX_POINT ( 'NONE', #479 ) ;
#8277 = ADVANCED_FACE ( 'NONE', ( #2866 ), #7828, .T. ) ;
#8278 = CLOSED_SHELL ( 'NONE', ( #1506, #5952, #2788 ) ) ;
#8279 = CARTESIAN_POINT ( 'NONE',  ( 6.972352915660053441, -5.911692743880128553, -25.77584506147653798 ) ) ;
#8280 = DIRECTION ( 'NONE',  ( -0.7071067811865535679, 0.7071067811865415775, 1.591489427501657896E-16 ) ) ;
#8281 = ADVANCED_FACE ( 'NONE', ( #4977 ), #8069, .T. ) ;
#8282 = CARTESIAN_POINT ( 'NONE',  ( 9.000000000000000000, 1.050000000000093747, 0.000000000000000000 ) ) ;
#8283 = CARTESIAN_POINT ( 'NONE',  ( 6.403034885975110946, -9.552625584283497062, -12.98889004575999095 ) ) ;
#8284 = CIRCLE ( 'NONE', #6755, 6.500000000000000000 ) ;
#8285 = CARTESIAN_POINT ( 'NONE',  ( 4.793568885020786929, -10.45334966346041838, -11.53886372287199436 ) ) ;
#8286 = CARTESIAN_POINT ( 'NONE',  ( 15.27350647362950298, -13.01076477383235108, -12.29999999999997051 ) ) ;
#8287 = EDGE_LOOP ( 'NONE', ( #2030, #4736, #5623, #5721, #4041, #9808 ) ) ;
#8288 = FACE_OUTER_BOUND ( 'NONE', #771, .T. ) ;
#8289 = VERTEX_POINT ( 'NONE', #4867 ) ;
#8290 = DIRECTION ( 'NONE',  ( 0.000000000000000000, 0.000000000000000000, -1.000000000000000000 ) ) ;
#8291 = AXIS2_PLACEMENT_3D ( 'NONE', #3575, #7714, #6916 ) ;
#8292 = ORIENTED_EDGE ( 'NONE', *, *, #1834, .F. ) ;
#8293 = DIRECTION ( 'NONE',  ( 0.7071067811865408004, 0.7071067811865543451, 1.734723475976807292E-15 ) ) ;
#8294 = CARTESIAN_POINT ( 'NONE',  ( -3.500000000000070610, -9.580709785814892854, -13.80000000000001315 ) ) ;
#8295 = DIRECTION ( 'NONE',  ( -6.110912703474028097E-16, -4.919953083036113857E-16, 1.000000000000000000 ) ) ;
#8296 = AXIS2_PLACEMENT_3D ( 'NONE', #4160, #4262, #3349 ) ;
#8297 = ORIENTED_EDGE ( 'NONE', *, *, #8690, .F. ) ;
#8298 = EDGE_LOOP ( 'NONE', ( #5618, #7907, #6484, #8398 ) ) ;
#8299 = CARTESIAN_POINT ( 'NONE',  ( 9.039764345786494459, -4.726508297589401053, -13.18086969105798190 ) ) ;
#8300 = EDGE_LOOP ( 'NONE', ( #4653 ) ) ;
#8301 = CARTESIAN_POINT ( 'NONE',  ( 0.5900923560882680441, -3.200000000000000178, 7.299999999999999822 ) ) ;
#8302 = CARTESIAN_POINT ( 'NONE',  ( -2.071867419369926491E-15, -1.679663816105752115E-15, -23.89363341178100342 ) ) ;
#8303 = DIRECTION ( 'NONE',  ( 1.318198051533960105E-15, -6.818019484660514888E-16, -1.000000000000000000 ) ) ;
#8304 = ADVANCED_FACE ( 'NONE', ( #2377 ), #8124, .F. ) ;
#8305 = AXIS2_PLACEMENT_3D ( 'NONE', #5988, #8426, #9228 ) ;
#8306 = VERTEX_POINT ( 'NONE', #2431 ) ;
#8307 = EDGE_CURVE ( 'NONE', #4976, #5145, #5979, .T. ) ;
#8308 = CARTESIAN_POINT ( 'NONE',  ( 10.44572755166291778, -4.810145786912799259, -11.56776443762898232 ) ) ;
#8309 = ORIENTED_EDGE ( 'NONE', *, *, #2347, .F. ) ;
#8310 = AXIS2_PLACEMENT_3D ( 'NONE', #232, #3731, #6967 ) ;
#8311 = EDGE_CURVE ( 'NONE', #6348, #6327, #8342, .T. ) ;
#8312 = ORIENTED_EDGE ( 'NONE', *, *, #4081, .T. ) ;
#8313 = DIRECTION ( 'NONE',  ( 0.000000000000000000, 1.000000000000000000, 0.000000000000000000 ) ) ;
#8314 = CARTESIAN_POINT ( 'NONE',  ( -2.121320343559678800, 2.121320343559622401, -19.54142135623731846 ) ) ;
#8315 = DIRECTION ( 'NONE',  ( 0.000000000000000000, -1.000000000000000000, 0.000000000000000000 ) ) ;
#8316 = DIRECTION ( 'NONE',  ( 1.000000000000000000, 1.047445008332813989E-14, 0.000000000000000000 ) ) ;
#8317 = CONICAL_SURFACE ( 'NONE', #1796, 1.050000000000547828, 0.7853981633974476129 ) ;
#8318 = CARTESIAN_POINT ( 'NONE',  ( -2.474873734152940763, 2.474873734152888360, -10.79999999999999893 ) ) ;
#8319 = CARTESIAN_POINT ( 'NONE',  ( -5.111257247756434476E-15, 4.632317063247427208E-15, -23.80000000000000071 ) ) ;
#8320 = PLANE ( 'NONE',  #1146 ) ;
#8321 = EDGE_LOOP ( 'NONE', ( #748, #8147, #3309, #8868, #2068, #10195 ) ) ;
#8322 = EDGE_CURVE ( 'NONE', #1364, #9803, #10440, .T. ) ;
#8323 = FACE_OUTER_BOUND ( 'NONE', #5365, .T. ) ;
#8324 = ORIENTED_EDGE ( 'NONE', *, *, #5490, .F. ) ;
#8325 = CARTESIAN_POINT ( 'NONE',  ( 7.001597576517796462, -9.122917920077341591, -13.29999999999998828 ) ) ;
#8326 = VECTOR ( 'NONE', #2248, 1000.000000000000000 ) ;
#8327 = FACE_BOUND ( 'NONE', #6481, .T. ) ;
#8328 = EDGE_CURVE ( 'NONE', #610, #4775, #10013, .T. ) ;
#8329 = CARTESIAN_POINT ( 'NONE',  ( -0.04999999999999939909, -2.144222209522359979, 7.299999999999999822 ) ) ;
#8330 = CARTESIAN_POINT ( 'NONE',  ( 4.752492098730092707, -10.47207762060612524, -11.47370488376399322 ) ) ;
#8331 = CARTESIAN_POINT ( 'NONE',  ( 5.231668080755645711, -8.756124370848086258, -12.46159141982299090 ) ) ;
#8332 = AXIS2_PLACEMENT_3D ( 'NONE', #2236, #5550, #8786 ) ;
#8333 = DIRECTION ( 'NONE',  ( -1.487452289516454419E-15, -1.652101818951813923E-15, 1.000000000000000000 ) ) ;
#8334 = ORIENTED_EDGE ( 'NONE', *, *, #4055, .T. ) ;
#8335 = EDGE_CURVE ( 'NONE', #4209, #4209, #3554, .T. ) ;
#8336 = B_SPLINE_CURVE_WITH_KNOTS ( 'NONE', 6,
 ( #634, #3934, #7151, #6420, #7108, #8694, #10436, #7203, #5580, #8812, #1442, #10281, #695, #6473, #8751, #7947, #2974, #7264, #3880, #532, #10324, #9658, #10379, #2107, #6362, #10487, #6261, #2321, #9502, #1385, #3194, #5418, #6305, #8644, #580, #2157, #5631, #3824, #5461, #9604, #1337, #2261, #7891, #4748, #53, #4047, #5893, #5035, #6581, #7369, #5086, #3300, #3453, #4210, #967, #1549, #9125, #8223, #8972, #9714, #4974, #6684 ),
 .UNSPECIFIED., .F., .F.,
 ( 7, 5, 5, 5, 5, 5, 5, 5, 5, 5, 5, 5, 7 ),
 ( 0.000000000000000000, 0.03417905882662999884, 0.1950144057719999935, 0.3424393302619999635, 0.4031096718300000159, 0.4351151850050000158, 0.4999998129519999668, 0.5648844409000000066, 0.5968899540750000066, 0.6575602956420000256, 0.8055223740200000426, 0.9658209168699999347, 1.000000000000000000 ),
 .UNSPECIFIED. ) ;
#8337 = EDGE_CURVE ( 'NONE', #9106, #7801, #9363, .T. ) ;
#8338 = EDGE_CURVE ( 'NONE', #4036, #5072, #2637, .T. ) ;
#8339 = EDGE_LOOP ( 'NONE', ( #525, #1217, #8508, #2908 ) ) ;
#8340 = CARTESIAN_POINT ( 'NONE',  ( -1.750786205429736800E-15, -1.422005728670131962E-15, -24.41324865405200129 ) ) ;
#8341 = VERTEX_POINT ( 'NONE', #217 ) ;
#8342 = CIRCLE ( 'NONE', #8180, 3.350000000000000089 ) ;
#8343 = EDGE_LOOP ( 'NONE', ( #9811 ) ) ;
#8344 = CARTESIAN_POINT ( 'NONE',  ( 5.899517097202020111, -4.838856925422114763, -24.79999999999999005 ) ) ;
#8345 = CARTESIAN_POINT ( 'NONE',  ( -6.363961030678820130, 6.363961030678660258, 5.000000000000000000 ) ) ;
#8346 = CARTESIAN_POINT ( 'NONE',  ( 4.596157629078182261, 5.457628447280327144, -26.93331975545198631 ) ) ;
#8347 = CARTESIAN_POINT ( 'NONE',  ( -4.812481922792089861, -10.44464704377458020, -13.02782229508501644 ) ) ;
#8348 = CARTESIAN_POINT ( 'NONE',  ( -6.030481141639907783, 5.636780747938132663, 0.9999999999999991118 ) ) ;
#8349 = ORIENTED_EDGE ( 'NONE', *, *, #7334, .F. ) ;
#8350 = CARTESIAN_POINT ( 'NONE',  ( -4.823589429658223793, 8.988313468612062707, -11.56178399554600844 ) ) ;
#8351 = ORIENTED_EDGE ( 'NONE', *, *, #5978, .F. ) ;
#8352 = CARTESIAN_POINT ( 'NONE',  ( 9.209545823984942814, -4.384818667895043376, -13.51252348596698027 ) ) ;
#8353 = ORIENTED_EDGE ( 'NONE', *, *, #9810, .F. ) ;
#8354 = CARTESIAN_POINT ( 'NONE',  ( -1.850000000000000089, -9.000000000000000000, 3.000000000000000000 ) ) ;
#8355 = DIRECTION ( 'NONE',  ( -0.7071067812027628241, 0.7071067811703323214, -1.304213562418953708E-15 ) ) ;
#8356 = DIRECTION ( 'NONE',  ( -2.960024404117000301E-16, -3.403936626561912313E-16, 1.000000000000000000 ) ) ;
#8357 = CARTESIAN_POINT ( 'NONE',  ( 0.000000000000000000, 0.000000000000000000, 6.799999999999999822 ) ) ;
#8358 = B_SPLINE_CURVE_WITH_KNOTS ( 'NONE', 6,
 ( #5624, #4360, #957, #5986, #9959, #2624, #1866, #5937, #10103, #9169, #9280, #9323, #4308, #1919, #5234, #1098, #905, #3391, #6672, #6288, #8731, #7925, #7826, #3856, #2899, #10307, #1365, #2087, #10357, #4567, #2950, #9430, #6240, #356, #10155, #9375, #9480, #2029, #1314, #9795, #8041, #5553, #4841, #8096, #4724, #841, #10518 ),
 .UNSPECIFIED., .F., .F.,
 ( 7, 5, 5, 5, 5, 5, 5, 5, 5, 7 ),
 ( 0.000000000000000000, 0.1289865109199999915, 0.1997480286449999920, 0.2526863934970000058, 0.4869572672960000292, 0.5213667283449999745, 0.7473418766999999630, 0.8002680581640000401, 0.8710279321119999141, 1.000000000000000000 ),
 .UNSPECIFIED. ) ;
#8359 = CARTESIAN_POINT ( 'NONE',  ( -0.6099076439117319115, -2.750000000000000444, 7.700000000000000178 ) ) ;
#8360 = AXIS2_PLACEMENT_3D ( 'NONE', #3991, #1443, #635 ) ;
#8361 = AXIS2_PLACEMENT_3D ( 'NONE', #1660, #9186, #3508 ) ;
#8362 = ORIENTED_EDGE ( 'NONE', *, *, #3362, .F. ) ;
#8363 = EDGE_LOOP ( 'NONE', ( #10012, #5123 ) ) ;
#8364 = CARTESIAN_POINT ( 'NONE',  ( 10.49834089726125974, -4.694223905501969440, -11.39112688952798003 ) ) ;
#8365 = CARTESIAN_POINT ( 'NONE',  ( -0.6099076439117319115, -3.200000000000000178, 7.700000000000000178 ) ) ;
#8366 = PLANE ( 'NONE',  #787 ) ;
#8367 = FACE_OUTER_BOUND ( 'NONE', #6400, .T. ) ;
#8368 = ORIENTED_EDGE ( 'NONE', *, *, #5032, .F. ) ;
#8369 = AXIS2_PLACEMENT_3D ( 'NONE', #3454, #9074, #2580 ) ;
#8370 = EDGE_LOOP ( 'NONE', ( #3184 ) ) ;
#8371 = DIRECTION ( 'NONE',  ( 0.000000000000000000, 0.000000000000000000, -1.000000000000000000 ) ) ;
#8372 = AXIS2_PLACEMENT_3D ( 'NONE', #9159, #3583, #3640 ) ;
#8373 = CARTESIAN_POINT ( 'NONE',  ( -10.41162660277372431, 4.883472669563373003, -11.71904713184502533 ) ) ;
#8374 = DIRECTION ( 'NONE',  ( 7.666547622084402378E-16, 8.031222920256935389E-16, -1.000000000000000000 ) ) ;
#8375 = CARTESIAN_POINT ( 'NONE',  ( 10.05000000000014104, -2.556668515609145134E-13, 0.8000000000000003775 ) ) ;
#8376 = ADVANCED_FACE ( 'NONE', ( #9017 ), #8219, .T. ) ;
#8377 = DATE_AND_TIME ( #161, #9284 ) ;
#8378 = AXIS2_PLACEMENT_3D ( 'NONE', #6865, #9899, #944 ) ;
#8379 = CARTESIAN_POINT ( 'NONE',  ( -3.181980515339434934, -3.181980515339493110, -27.30000000000001492 ) ) ;
#8380 = VECTOR ( 'NONE', #361, 1000.000000000000000 ) ;
#8381 = CARTESIAN_POINT ( 'NONE',  ( -3.618697672328892201E-14, -6.245017890825876077E-15, -12.30000000000000249 ) ) ;
#8382 = CARTESIAN_POINT ( 'NONE',  ( 5.833630944789019779, 5.833630944789019779, 0.9999999999999991118 ) ) ;
#8383 = ADVANCED_FACE ( 'NONE', ( #3031, #7015 ), #4766, .F. ) ;
#8384 = ORIENTED_EDGE ( 'NONE', *, *, #2731, .T. ) ;
#8385 = EDGE_CURVE ( 'NONE', #56, #4396, #10184, .T. ) ;
#8387 =( BOUNDED_CURVE ( )  B_SPLINE_CURVE ( 2, ( #5863, #4945, #4130 ),
 .UNSPECIFIED., .F., .F. ) 
 B_SPLINE_CURVE_WITH_KNOTS ( ( 3, 3 ),
 ( 0.000000000000000000, 1.000000000000000000 ),
 .UNSPECIFIED. ) 
 CURVE ( )  GEOMETRIC_REPRESENTATION_ITEM ( )  RATIONAL_B_SPLINE_CURVE ( ( 1.000000000000000000, 1.021844029397881881, 1.000000000000000000 ) ) 
 REPRESENTATION_ITEM ( '' )  );
#8386 = CARTESIAN_POINT ( 'NONE',  ( -4.728941266441289315, 5.778089638893709967, -26.74196842056700874 ) ) ;
#8388 = EDGE_LOOP ( 'NONE', ( #8923 ) ) ;
#8389 = DIRECTION ( 'NONE',  ( 0.000000000000000000, 0.000000000000000000, -1.000000000000000000 ) ) ;
#8390 = DIRECTION ( 'NONE',  ( 2.414213562373099483E-15, 4.142135623731063781E-16, -1.000000000000000000 ) ) ;
#8391 = CARTESIAN_POINT ( 'NONE',  ( 3.499999999994330313, 10.95445115009792403, -10.79999999999998650 ) ) ;
#8392 = CARTESIAN_POINT ( 'NONE',  ( 1.850000000000000089, 10.84331591350174051, 7.000000000000000000 ) ) ;
#8393 = CONICAL_SURFACE ( 'NONE', #5163, 11.50000000000000178, 0.7853981633970007481 ) ;
#8394 = EDGE_CURVE ( 'NONE', #5921, #7434, #1996, .T. ) ;
#8395 = VERTEX_POINT ( 'NONE', #4378 ) ;
#8396 = DIRECTION ( 'NONE',  ( 1.000000000000000000, 0.000000000000000000, 0.000000000000000000 ) ) ;
#8397 = CARTESIAN_POINT ( 'NONE',  ( 0.000000000000000000, 9.000000000000000000, -9.400000000000000355 ) ) ;
#8398 = ORIENTED_EDGE ( 'NONE', *, *, #1028, .F. ) ;
#8399 = CARTESIAN_POINT ( 'NONE',  ( -1.414213562372431454, 5.085786437626810930, -27.30000000000000071 ) ) ;
#8400 = AXIS2_PLACEMENT_3D ( 'NONE', #6445, #497, #8084 ) ;
#8401 = VERTEX_POINT ( 'NONE', #2927 ) ;
#8402 = CARTESIAN_POINT ( 'NONE',  ( 3.835190777679139629, -9.452826095556252639, -10.83041380021799327 ) ) ;
#8403 = CARTESIAN_POINT ( 'NONE',  ( 6.418476861114186249E-14, -8.611541618386119978, -23.80000000000000426 ) ) ;
#8404 = EDGE_CURVE ( 'NONE', #4616, #5706, #8517, .T. ) ;
#8405 = DIRECTION ( 'NONE',  ( -0.7071067811865535679, 0.7071067811865415775, 2.689493761204351931E-16 ) ) ;
#8406 = CYLINDRICAL_SURFACE ( 'NONE', #2532, 0.8000000000000001554 ) ;
#8407 = DIRECTION ( 'NONE',  ( 0.000000000000000000, 0.000000000000000000, -1.000000000000000000 ) ) ;
#8408 = VECTOR ( 'NONE', #3877, 1000.000000000000000 ) ;
#8409 = ORIENTED_EDGE ( 'NONE', *, *, #3442, .T. ) ;
#8410 = ORIENTED_EDGE ( 'NONE', *, *, #5210, .F. ) ;
#8411 = CARTESIAN_POINT ( 'NONE',  ( 9.365189111253124921, -4.042800392682520005, -13.70235289150997993 ) ) ;
#8412 = ORIENTED_EDGE ( 'NONE', *, *, #6707, .T. ) ;
#8413 = DIRECTION ( 'NONE',  ( 0.000000000000000000, 0.000000000000000000, -1.000000000000000000 ) ) ;
#8414 = CARTESIAN_POINT ( 'NONE',  ( 1.050000000000037792, -9.000000000000000000, -9.199999999999999289 ) ) ;
#8415 = CONICAL_SURFACE ( 'NONE', #4652, 1.250000000000199840, 0.7853981633974490562 ) ;
#8416 = VECTOR ( 'NONE', #198, 1000.000000000000114 ) ;
#8417 = DIRECTION ( 'NONE',  ( 0.000000000000000000, 0.000000000000000000, 1.000000000000000000 ) ) ;
#8418 = EDGE_CURVE ( 'NONE', #6255, #9699, #5809, .T. ) ;
#8419 = ORIENTED_EDGE ( 'NONE', *, *, #573, .F. ) ;
#8420 = ORIENTED_EDGE ( 'NONE', *, *, #8335, .F. ) ;
#8421 = AXIS2_PLACEMENT_3D ( 'NONE', #6802, #2122, #4445 ) ;
#8422 = DIRECTION ( 'NONE',  ( -1.000000000000000000, -8.109594466771330204E-17, 0.000000000000000000 ) ) ;
#8423 = DIRECTION ( 'NONE',  ( -2.491995308303619233E-15, -4.919953083036273601E-16, 1.000000000000000000 ) ) ;
#8424 = ORIENTED_EDGE ( 'NONE', *, *, #1475, .F. ) ;
#8425 = ORIENTED_EDGE ( 'NONE', *, *, #5159, .F. ) ;
#8426 = DIRECTION ( 'NONE',  ( -6.110912703474027111E-16, -4.919953083036113857E-16, 1.000000000000000000 ) ) ;
#8427 = CARTESIAN_POINT ( 'NONE',  ( -10.86979444867367661, 3.758580805414136528, -13.78648884252302587 ) ) ;
#8428 = LOCAL_TIME ( 12, 28, 11.00000000000000000, #5342 ) ;
#8429 = CARTESIAN_POINT ( 'NONE',  ( 5.868986283848301788, 4.808326112068573188, -26.67232776209098688 ) ) ;
#8430 = DIRECTION ( 'NONE',  ( -2.291641169988090159E-16, 1.000000000000000000, 0.000000000000000000 ) ) ;
#8431 = AXIS2_PLACEMENT_3D ( 'NONE', #2646, #2195, #10071 ) ;
#8432 = DATE_AND_TIME ( #4260, #8428 ) ;
#8433 = DIRECTION ( 'NONE',  ( 0.000000000000000000, 0.000000000000000000, 1.000000000000000000 ) ) ;
#8434 = EDGE_LOOP ( 'NONE', ( #8858, #8765, #9320, #2233, #9873, #9853, #6534, #7917 ) ) ;
#8435 = ORIENTED_EDGE ( 'NONE', *, *, #10280, .T. ) ;
#8436 = CARTESIAN_POINT ( 'NONE',  ( 0.3686723107219799789, -3.496953374145139737, 7.700000000000000178 ) ) ;
#8437 = CIRCLE ( 'NONE', #3137, 11.50000000000000000 ) ;
#8438 = DIRECTION ( 'NONE',  ( -0.7071067811865532349, 0.7071067811865416886, -1.304213562373106295E-15 ) ) ;
#8439 = EDGE_CURVE ( 'NONE', #2824, #8492, #7668, .T. ) ;
#8440 = CYLINDRICAL_SURFACE ( 'NONE', #1210, 9.000000000000000000 ) ;
#8441 = VERTEX_POINT ( 'NONE', #6160 ) ;
#8442 = FACE_OUTER_BOUND ( 'NONE', #9425, .T. ) ;
#8443 = ORIENTED_EDGE ( 'NONE', *, *, #9479, .F. ) ;
#8444 = CARTESIAN_POINT ( 'NONE',  ( -6.404807507365954500, -5.344147335586233893, -24.38943002390069026 ) ) ;
#8445 = ORIENTED_EDGE ( 'NONE', *, *, #5895, .F. ) ;
#8446 = ADVANCED_FACE ( 'NONE', ( #9507, #8705 ), #8651, .T. ) ;
#8447 = ORIENTED_EDGE ( 'NONE', *, *, #9115, .F. ) ;
#8448 = PLANE ( 'NONE',  #10126 ) ;
#8449 = ORIENTED_EDGE ( 'NONE', *, *, #8509, .F. ) ;
#8450 = DIRECTION ( 'NONE',  ( 0.000000000000000000, 0.000000000000000000, -1.000000000000000000 ) ) ;
#8451 = LINE ( 'NONE', #6854, #4557 ) ;
#8452 = CARTESIAN_POINT ( 'NONE',  ( -6.030481141639366882, -5.636780747938672675, 0.9999999999999991118 ) ) ;
#8453 = VERTEX_POINT ( 'NONE', #7848 ) ;
#8454 = ORIENTED_EDGE ( 'NONE', *, *, #8457, .F. ) ;
#8455 = EDGE_LOOP ( 'NONE', ( #9571, #2361, #178, #5393 ) ) ;
#8456 = CIRCLE ( 'NONE', #1411, 3.000000000000000000 ) ;
#8457 = EDGE_CURVE ( 'NONE', #4927, #836, #4432, .T. ) ;
#8458 = CARTESIAN_POINT ( 'NONE',  ( 6.363961030678895625, 2.121320343559693899, -22.39999999999998792 ) ) ;
#8459 = ORIENTED_EDGE ( 'NONE', *, *, #503, .F. ) ;
#8460 = EDGE_CURVE ( 'NONE', #1800, #8814, #3832, .T. ) ;
#8461 = DIRECTION ( 'NONE',  ( 0.000000000000000000, 0.000000000000000000, -1.000000000000000000 ) ) ;
#8462 = DIRECTION ( 'NONE',  ( 0.000000000000000000, 0.000000000000000000, -1.000000000000000000 ) ) ;
#8463 = AXIS2_PLACEMENT_3D ( 'NONE', #10338, #9671, #6322 ) ;
#8464 = DIRECTION ( 'NONE',  ( -3.110185550058225992E-15, -5.102011696169179760E-16, 1.000000000000000000 ) ) ;
#8465 = ORIENTED_EDGE ( 'NONE', *, *, #8385, .F. ) ;
#8466 = CARTESIAN_POINT ( 'NONE',  ( 9.172615430163469696, 4.461440563807547832, -13.45211824519197741 ) ) ;
#8467 = ORIENTED_EDGE ( 'NONE', *, *, #7366, .T. ) ;
#8468 = LINE ( 'NONE', #7671, #3380 ) ;
#8469 = DIRECTION ( 'NONE',  ( -0.7071067811865522357, 0.7071067811865427988, 0.000000000000000000 ) ) ;
#8470 = FACE_OUTER_BOUND ( 'NONE', #7924, .T. ) ;
#8471 = CARTESIAN_POINT ( 'NONE',  ( 0.000000000000000000, 0.000000000000000000, 7.000000000000000000 ) ) ;
#8472 = ADVANCED_FACE ( 'NONE', ( #6643 ), #9875, .F. ) ;
#8473 = VERTEX_POINT ( 'NONE', #5951 ) ;
#8474 = ADVANCED_FACE ( 'NONE', ( #9189 ), #5998, .F. ) ;
#8475 = EDGE_CURVE ( 'NONE', #6681, #6681, #2526, .T. ) ;
#8476 = ORIENTED_EDGE ( 'NONE', *, *, #2955, .T. ) ;
#8477 = CARTESIAN_POINT ( 'NONE',  ( -10.55345073786434895, 4.569041772022814918, -11.24666862133802070 ) ) ;
#8478 = CIRCLE ( 'NONE', #2479, 11.00000000000000000 ) ;
#8479 = CARTESIAN_POINT ( 'NONE',  ( 5.860463149281007311, 4.799802978935290731, -26.67925278763998520 ) ) ;
#8480 = DIRECTION ( 'NONE',  ( 1.503138155671783241E-15, 1.636415952796485298E-15, -1.000000000000000000 ) ) ;
#8481 = EDGE_CURVE ( 'NONE', #1714, #1714, #3395, .T. ) ;
#8482 = DIRECTION ( 'NONE',  ( -1.000000000000000000, 0.000000000000000000, 0.000000000000000000 ) ) ;
#8483 = CYLINDRICAL_SURFACE ( 'NONE', #8541, 11.00000000000000000 ) ;
#8484 = AXIS2_PLACEMENT_3D ( 'NONE', #6550, #9979, #8239 ) ;
#8485 = ORIENTED_EDGE ( 'NONE', *, *, #447, .F. ) ;
#8486 = DIRECTION ( 'NONE',  ( 0.000000000000000000, 0.000000000000000000, 1.000000000000000000 ) ) ;
#8487 = ORIENTED_EDGE ( 'NONE', *, *, #4023, .F. ) ;
#8488 = CARTESIAN_POINT ( 'NONE',  ( -9.000000000000000000, 1.049999999999970068, 1.000000000000000000 ) ) ;
#8489 = CARTESIAN_POINT ( 'NONE',  ( -1.812375900532361625E-14, -4.404663043279892259E-15, -19.50000000000000355 ) ) ;
#8490 = DIRECTION ( 'NONE',  ( -1.000000000000000000, 0.000000000000000000, 0.000000000000000000 ) ) ;
#8491 = DIRECTION ( 'NONE',  ( 0.000000000000000000, 0.000000000000000000, -1.000000000000000000 ) ) ;
#8492 = VERTEX_POINT ( 'NONE', #8391 ) ;
#8493 = VECTOR ( 'NONE', #3126, 1000.000000000000000 ) ;
#8494 = ADVANCED_FACE ( 'NONE', ( #1223, #2103 ), #6898, .T. ) ;
#8495 = FACE_OUTER_BOUND ( 'NONE', #2343, .T. ) ;
#8496 = VERTEX_POINT ( 'NONE', #2724 ) ;
#8497 = DIRECTION ( 'NONE',  ( -0.7071067811865535679, 0.7071067811865415775, 0.000000000000000000 ) ) ;
#8498 = VERTEX_POINT ( 'NONE', #1696 ) ;
#8499 = CARTESIAN_POINT ( 'NONE',  ( -4.982809172819341548, 10.36445747605905332, -12.55351970368101000 ) ) ;
#8500 = DIRECTION ( 'NONE',  ( -0.7071067811865535679, 0.7071067811865415775, -1.414213562373107097E-15 ) ) ;
#8501 = AXIS2_PLACEMENT_3D ( 'NONE', #7131, #4668, #7922 ) ;
#8502 = CARTESIAN_POINT ( 'NONE',  ( -4.702469829168173021, -10.49465159972533534, -13.19801970472701669 ) ) ;
#8503 = CARTESIAN_POINT ( 'NONE',  ( 6.000000000000000000, -3.605551275463995342, 6.799999999999999822 ) ) ;
#8504 = EDGE_LOOP ( 'NONE', ( #3919, #9831, #4114, #551, #1552, #2020, #8804, #82, #1249, #3870, #3937, #9368, #4101, #9628, #786, #10289, #9822, #2247, #10547, #8092, #9440, #7143, #9521, #1543, #8114, #8006, #2421, #9871, #5536, #9267, #930, #714, #4781, #408, #3054, #10535, #10088 ) ) ;
#8505 = ORIENTED_EDGE ( 'NONE', *, *, #103, .T. ) ;
#8506 = FACE_OUTER_BOUND ( 'NONE', #3580, .T. ) ;
#8507 = DIRECTION ( 'NONE',  ( 0.000000000000000000, 0.000000000000000000, -1.000000000000000000 ) ) ;
#8508 = ORIENTED_EDGE ( 'NONE', *, *, #7463, .F. ) ;
#8509 = EDGE_CURVE ( 'NONE', #3072, #8496, #2291, .T. ) ;
#8510 = DIRECTION ( 'NONE',  ( -1.000000000000000000, 0.000000000000000000, 0.000000000000000000 ) ) ;
#8511 = ORIENTED_EDGE ( 'NONE', *, *, #7401, .F. ) ;
#8512 = CARTESIAN_POINT ( 'NONE',  ( 0.000000000000000000, 0.000000000000000000, 0.9999999999999991118 ) ) ;
#8513 = DIRECTION ( 'NONE',  ( -0.7071067811865470176, 0.7071067811865480168, 0.000000000000000000 ) ) ;
#8514 = DIRECTION ( 'NONE',  ( 0.000000000000000000, 0.000000000000000000, -1.000000000000000000 ) ) ;
#8515 = LINE ( 'NONE', #1144, #4737 ) ;
#8516 = CARTESIAN_POINT ( 'NONE',  ( 5.345460545615655867, 4.584794318313503148, -26.98698722496898483 ) ) ;
#8517 = CIRCLE ( 'NONE', #6661, 11.00000000000000000 ) ;
#8518 = ORIENTED_EDGE ( 'NONE', *, *, #2541, .T. ) ;
#8519 = ADVANCED_FACE ( 'NONE', ( #4871, #766, #1829, #3023, #8544 ), #9498, .T. ) ;
#8520 = CARTESIAN_POINT ( 'NONE',  ( 13.01076477383256780, -15.27350647362932179, -12.29999999999997762 ) ) ;
#8521 = CARTESIAN_POINT ( 'NONE',  ( 10.95445115009789916, -3.499999999994375610, -13.79999999999997762 ) ) ;
#8522 = CARTESIAN_POINT ( 'NONE',  ( -9.757584728048009026, 6.086011853008393757, -24.41324865405202260 ) ) ;
#8523 = DIRECTION ( 'NONE',  ( 0.7071067811865474617, -0.7071067811865474617, 0.000000000000000000 ) ) ;
#8524 = FACE_OUTER_BOUND ( 'NONE', #10270, .T. ) ;
#8525 = CARTESIAN_POINT ( 'NONE',  ( -10.36445747605918299, 4.982809172819123056, -12.04648029631902340 ) ) ;
#8526 = VECTOR ( 'NONE', #7491, 1000.000000000000114 ) ;
#8527 = AXIS2_PLACEMENT_3D ( 'NONE', #5814, #9052, #139 ) ;
#8528 = FACE_OUTER_BOUND ( 'NONE', #6200, .T. ) ;
#8529 = LINE ( 'NONE', #6885, #4483 ) ;
#8530 = EDGE_CURVE ( 'NONE', #2529, #2529, #8901, .T. ) ;
#8531 = EDGE_LOOP ( 'NONE', ( #8726 ) ) ;
#8532 = EDGE_CURVE ( 'NONE', #1129, #445, #845, .T. ) ;
#8533 = CARTESIAN_POINT ( 'NONE',  ( 11.49999999999392131, -3.499999999994368949, -13.79999999999997407 ) ) ;
#8534 = FACE_OUTER_BOUND ( 'NONE', #8958, .T. ) ;
#8535 = VECTOR ( 'NONE', #3675, 1000.000000000000000 ) ;
#8536 = AXIS2_PLACEMENT_3D ( 'NONE', #3059, #1212, #6345 ) ;
#8537 = EDGE_LOOP ( 'NONE', ( #1580 ) ) ;
#8538 = ORIENTED_EDGE ( 'NONE', *, *, #524, .F. ) ;
#8539 = DIRECTION ( 'NONE',  ( -1.544472221513646607E-15, -3.364318164425787401E-16, 1.000000000000000000 ) ) ;
#8540 = CARTESIAN_POINT ( 'NONE',  ( 9.426542296777260077, -6.587638499393829505, -11.43258560528898116 ) ) ;
#8541 = AXIS2_PLACEMENT_3D ( 'NONE', #1109, #7684, #6889 ) ;
#8542 = FACE_OUTER_BOUND ( 'NONE', #3112, .T. ) ;
#8543 = AXIS2_PLACEMENT_3D ( 'NONE', #9740, #137, #2402 ) ;
#8544 = FACE_OUTER_BOUND ( 'NONE', #4011, .T. ) ;
#8545 = CARTESIAN_POINT ( 'NONE',  ( -2.121320343559662369, 2.121320343559621513, -19.50000000000000355 ) ) ;
#8546 = CARTESIAN_POINT ( 'NONE',  ( 5.385779366458691264, -8.662215466797450247, -12.87834211360399372 ) ) ;
#8547 = CARTESIAN_POINT ( 'NONE',  ( -6.909178529471823538, 3.237605654302148306, -24.80000000000001492 ) ) ;
#8548 = ORIENTED_EDGE ( 'NONE', *, *, #5092, .F. ) ;
#8549 = CIRCLE ( 'NONE', #7706, 11.00000000000000000 ) ;
#8550 = CARTESIAN_POINT ( 'NONE',  ( 6.000000000000000000, 3.605551275463995342, 6.799999999999999822 ) ) ;
#8551 = DIRECTION ( 'NONE',  ( 1.000000000000000000, 3.491483361109385222E-15, 0.000000000000000000 ) ) ;
#8552 = CARTESIAN_POINT ( 'NONE',  ( -4.965625972004731992, 10.37272415736380893, -12.63701308647600996 ) ) ;
#8553 = DIRECTION ( 'NONE',  ( 0.000000000000000000, 0.000000000000000000, -1.000000000000000000 ) ) ;
#8554 = CARTESIAN_POINT ( 'NONE',  ( 0.1423076923076930234, -2.044518506469930053, 7.700000000000000178 ) ) ;
#8555 = DIRECTION ( 'NONE',  ( -3.131717426292753308E-15, -4.886692933823911531E-16, 1.000000000000000000 ) ) ;
#8556 = EDGE_LOOP ( 'NONE', ( #3207 ) ) ;
#8557 = FACE_OUTER_BOUND ( 'NONE', #3520, .T. ) ;
#8558 = AXIS2_PLACEMENT_3D ( 'NONE', #2770, #6078, #4404 ) ;
#8559 = CARTESIAN_POINT ( 'NONE',  ( 2.050609665440930041, 6.151828996322974419, -22.49999999999999645 ) ) ;
#8560 = ORIENTED_EDGE ( 'NONE', *, *, #5124, .T. ) ;
#8561 = CARTESIAN_POINT ( 'NONE',  ( -5.345460545615657644, -4.584794318313503148, -26.98698722496901681 ) ) ;
#8562 = ORIENTED_EDGE ( 'NONE', *, *, #6426, .T. ) ;
#8563 = MANIFOLD_SOLID_BREP ( 'NONE', #5577 ) ;
#8564 = PLANE ( 'NONE',  #216 ) ;
#8565 = CARTESIAN_POINT ( 'NONE',  ( -2.678768419472943717E-15, -2.163267795073398132E-15, -22.89999999999999858 ) ) ;
#8566 = DIRECTION ( 'NONE',  ( 0.000000000000000000, 0.000000000000000000, -1.000000000000000000 ) ) ;
#8567 = AXIS2_PLACEMENT_3D ( 'NONE', #3050, #661, #6331 ) ;
#8568 = ADVANCED_FACE ( 'NONE', ( #4379 ), #5664, .F. ) ;
#8569 = EDGE_CURVE ( 'NONE', #6166, #775, #4198, .T. ) ;
#8570 = VERTEX_POINT ( 'NONE', #3180 ) ;
#8571 = CARTESIAN_POINT ( 'NONE',  ( 0.6888520379748519495, 10.97840985160318006, -9.400000000000000355 ) ) ;
#8572 = VERTEX_POINT ( 'NONE', #4844 ) ;
#8573 = CARTESIAN_POINT ( 'NONE',  ( -5.833630944789019779, 5.833630944789019779, 0.9999999999999991118 ) ) ;
#8574 = CARTESIAN_POINT ( 'NONE',  ( 0.05000000000000080075, -3.200000000000000178, 7.299999999999999822 ) ) ;
#8575 = CARTESIAN_POINT ( 'NONE',  ( -8.890608443197118405, 4.999708280297569196, -12.34360311759902018 ) ) ;
#8576 = ORIENTED_EDGE ( 'NONE', *, *, #7982, .F. ) ;
#8577 = AXIS2_PLACEMENT_3D ( 'NONE', #10117, #3510, #2743 ) ;
#8578 = ORIENTED_EDGE ( 'NONE', *, *, #8981, .T. ) ;
#8579 = DIRECTION ( 'NONE',  ( -5.894768317986865273E-16, -5.136097468523273723E-16, 1.000000000000000000 ) ) ;
#8580 = ADVANCED_FACE ( 'NONE', ( #736 ), #9798, .F. ) ;
#8581 = EDGE_CURVE ( 'NONE', #6531, #6531, #9244, .T. ) ;
#8582 = CARTESIAN_POINT ( 'NONE',  ( 0.000000000000000000, 9.000000000000000000, -9.200000000000006395 ) ) ;
#8583 = AXIS2_PLACEMENT_3D ( 'NONE', #3124, #9640, #8851 ) ;
#8584 = EDGE_LOOP ( 'NONE', ( #9275, #9944, #4680, #2249 ) ) ;
#8585 =( LENGTH_UNIT ( ) NAMED_UNIT ( * ) SI_UNIT ( .MILLI., .METRE. ) );
#8586 = CARTESIAN_POINT ( 'NONE',  ( 4.838856925422207134, -5.899517097201945504, -24.79999999999999361 ) ) ;
#8587 = DIRECTION ( 'NONE',  ( 1.000000000000000000, 0.000000000000000000, 0.000000000000000000 ) ) ;
#8588 = ORIENTED_EDGE ( 'NONE', *, *, #2611, .T. ) ;
#8589 = ORIENTED_EDGE ( 'NONE', *, *, #1095, .F. ) ;
#8590 = CARTESIAN_POINT ( 'NONE',  ( 4.191262062583085424, 9.299281342802963479, -10.96750786747398720 ) ) ;
#8591 = AXIS2_PLACEMENT_3D ( 'NONE', #1724, #4059, #9773 ) ;
#8592 = EDGE_CURVE ( 'NONE', #1195, #1792, #2215, .T. ) ;
#8593 = PLANE ( 'NONE',  #3993 ) ;
#8594 = CARTESIAN_POINT ( 'NONE',  ( 10.35615758860333813, 4.999999999999038103, -12.18695970890797398 ) ) ;
#8595 = AXIS2_PLACEMENT_3D ( 'NONE', #6715, #1858, #2019 ) ;
#8596 = CARTESIAN_POINT ( 'NONE',  ( -10.41162660277363727, -4.883472669563562185, -12.88095286815502760 ) ) ;
#8597 = DIRECTION ( 'NONE',  ( -2.174762187610504683E-15, -8.092284289967362891E-16, 1.000000000000000000 ) ) ;
#8598 = CARTESIAN_POINT ( 'NONE',  ( 5.370060828120888807, -8.671967656417848502, -12.85218680422399196 ) ) ;
#8599 = CARTESIAN_POINT ( 'NONE',  ( 3.499999999994330757, 11.49999999999394973, -13.79999999999999005 ) ) ;
#8600 = ORIENTED_EDGE ( 'NONE', *, *, #4969, .F. ) ;
#8601 = AXIS2_PLACEMENT_3D ( 'NONE', #2461, #4957, #5666 ) ;
#8602 = EDGE_CURVE ( 'NONE', #10316, #4070, #2391, .T. ) ;
#8603 = CARTESIAN_POINT ( 'NONE',  ( -0.04999999999999919786, -3.395393726758810349, 7.299999999999999822 ) ) ;
#8604 = ORIENTED_EDGE ( 'NONE', *, *, #6104, .F. ) ;
#8605 = CARTESIAN_POINT ( 'NONE',  ( 4.986595999808111301, -8.897977515215032440, -12.03981011879699281 ) ) ;
#8606 = CARTESIAN_POINT ( 'NONE',  ( 3.500000000000167866, -9.580709785814832458, -13.79999999999999716 ) ) ;
#8607 = CARTESIAN_POINT ( 'NONE',  ( -7.163961030678270170, -6.363961030679200270, 5.000000000000000000 ) ) ;
#8608 = DIRECTION ( 'NONE',  ( -0.7071067811703440897, 0.7071067812027509447, -1.414213562327259881E-15 ) ) ;
#8609 = CARTESIAN_POINT ( 'NONE',  ( 5.868986283848383501, -4.808326112068474600, -26.67232776209099043 ) ) ;
#8610 = ORIENTED_EDGE ( 'NONE', *, *, #9806, .T. ) ;
#8611 = CARTESIAN_POINT ( 'NONE',  ( -6.276093065034876517, -2.092031021678344427, -22.50000000000002132 ) ) ;
#8612 = ORIENTED_EDGE ( 'NONE', *, *, #10280, .F. ) ;
#8613 = CARTESIAN_POINT ( 'NONE',  ( 0.000000000000000000, 0.000000000000000000, 1.000000000000000000 ) ) ;
#8614 = CARTESIAN_POINT ( 'NONE',  ( 9.122917920077421527, -7.001597576517680999, -13.29999999999998117 ) ) ;
#8615 = CIRCLE ( 'NONE', #2270, 3.000000000000000444 ) ;
#8616 = ORIENTED_EDGE ( 'NONE', *, *, #1675, .T. ) ;
#8617 = DIRECTION ( 'NONE',  ( 1.000000000000000000, 0.000000000000000000, 0.000000000000000000 ) ) ;
#8618 = CARTESIAN_POINT ( 'NONE',  ( 8.999999999999998224, 9.627715291671279374E-14, -22.40099999999997848 ) ) ;
#8619 = DIRECTION ( 'NONE',  ( 0.000000000000000000, 0.000000000000000000, 1.000000000000000000 ) ) ;
#8620 = AXIS2_PLACEMENT_3D ( 'NONE', #9082, #5956, #9192 ) ;
#8621 = ORIENTED_EDGE ( 'NONE', *, *, #4855, .T. ) ;
#8622 = EDGE_LOOP ( 'NONE', ( #2188, #4467, #7722, #3849, #6808, #3949 ) ) ;
#8623 = CARTESIAN_POINT ( 'NONE',  ( -0.7071067811865725528, 0.7071067811865381358, -19.54142135623731846 ) ) ;
#8624 = CARTESIAN_POINT ( 'NONE',  ( 1.738233764908631709E-30, 2.982337649086365990E-31, -27.30000000000000071 ) ) ;
#8625 = EDGE_LOOP ( 'NONE', ( #6660 ) ) ;
#8626 = ORIENTED_EDGE ( 'NONE', *, *, #5124, .F. ) ;
#8627 = ADVANCED_FACE ( 'NONE', ( #1749, #4298 ), #9949, .F. ) ;
#8628 = FACE_BOUND ( 'NONE', #8363, .T. ) ;
#8629 = AXIS2_PLACEMENT_3D ( 'NONE', #8742, #10367, #5564 ) ;
#8630 = LINE ( 'NONE', #3809, #2415 ) ;
#8631 = APPLICATION_CONTEXT ( 'configuration controlled 3d designs of mechanical parts and assemblies' ) ;
#8632 = EDGE_LOOP ( 'NONE', ( #514, #3837, #4098, #8975 ) ) ;
#8633 = ORIENTED_EDGE ( 'NONE', *, *, #4229, .F. ) ;
#8634 = EDGE_CURVE ( 'NONE', #3977, #8769, #2616, .T. ) ;
#8635 = LINE ( 'NONE', #1928, #6682 ) ;
#8636 = VECTOR ( 'NONE', #5238, 1000.000000000000000 ) ;
#8637 = ORIENTED_EDGE ( 'NONE', *, *, #3208, .F. ) ;
#8638 = EDGE_LOOP ( 'NONE', ( #4882 ) ) ;
#8639 = DIRECTION ( 'NONE',  ( 0.000000000000000000, 1.000000000000000000, 0.000000000000000000 ) ) ;
#8640 = CARTESIAN_POINT ( 'NONE',  ( 9.000000000000000000, 9.427005074995329055E-14, 3.000000000000000000 ) ) ;
#8641 = CARTESIAN_POINT ( 'NONE',  ( -10.35892425387667792, -4.994269506994585051, -12.46926727859002781 ) ) ;
#8642 = VECTOR ( 'NONE', #219, 1000.000000000000000 ) ;
#8643 = CARTESIAN_POINT ( 'NONE',  ( -0.8846672641501832635, 0.6537307027676566573, -9.400000000000003908 ) ) ;
#8644 = CARTESIAN_POINT ( 'NONE',  ( 4.874526289364488285, -4.748169116304249648, -27.12405566886199182 ) ) ;
#8645 = CARTESIAN_POINT ( 'NONE',  ( 0.000000000000000000, 9.000000000000000000, 3.000000000000000000 ) ) ;
#8646 = EDGE_CURVE ( 'NONE', #3699, #4389, #5069, .T. ) ;
#8647 = CARTESIAN_POINT ( 'NONE',  ( -3.231299423149105887E-15, -3.924621202458745377E-15, -23.80000000000000071 ) ) ;
#8648 = ORIENTED_EDGE ( 'NONE', *, *, #7793, .T. ) ;
#8649 = AXIS2_PLACEMENT_3D ( 'NONE', #5371, #7763, #9302 ) ;
#8650 = DIRECTION ( 'NONE',  ( 0.000000000000000000, 0.000000000000000000, 1.000000000000000000 ) ) ;
#8651 = PLANE ( 'NONE',  #1123 ) ;
#8652 = CARTESIAN_POINT ( 'NONE',  ( -4.003993684998556901, 10.78157096135130466, -10.87852826329800315 ) ) ;
#8653 = CARTESIAN_POINT ( 'NONE',  ( 6.828094255949108238, -9.254508101034685907, -11.31407275087298636 ) ) ;
#8654 = FACE_OUTER_BOUND ( 'NONE', #7991, .T. ) ;
#8655 = CARTESIAN_POINT ( 'NONE',  ( -0.7071067811865424657, -2.121320343559649491, -22.40000000000000924 ) ) ;
#8656 = CARTESIAN_POINT ( 'NONE',  ( 9.757584728041639011, -6.086011853002030847, -27.29999999999997939 ) ) ;
#8657 = EDGE_CURVE ( 'NONE', #4269, #7879, #9905, .T. ) ;
#8658 = CIRCLE ( 'NONE', #9002, 1.250000000000191847 ) ;
#8659 = VERTEX_POINT ( 'NONE', #10579 ) ;
#8660 = EDGE_CURVE ( 'NONE', #7437, #959, #9272, .T. ) ;
#8661 = FACE_BOUND ( 'NONE', #1535, .T. ) ;
#8662 = ORIENTED_EDGE ( 'NONE', *, *, #1697, .F. ) ;
#8663 = CARTESIAN_POINT ( 'NONE',  ( -5.071089385980550368, -4.637221724553039159, -27.08545709085601416 ) ) ;
#8664 = LINE ( 'NONE', #3692, #4973 ) ;
#8665 = AXIS2_PLACEMENT_3D ( 'NONE', #7792, #6152, #68 ) ;
#8666 = CARTESIAN_POINT ( 'NONE',  ( -4.384798385522057806, -9.209555462457814201, -11.08746193324001972 ) ) ;
#8667 = CARTESIAN_POINT ( 'NONE',  ( 5.120077358544429025, 4.620490197275579192, -27.07101095255298873 ) ) ;
#8668 = VERTEX_POINT ( 'NONE', #1855 ) ;
#8669 = ORIENTED_EDGE ( 'NONE', *, *, #3922, .T. ) ;
#8670 = AXIS2_PLACEMENT_3D ( 'NONE', #6030, #2023, #3053 ) ;
#8671 = FACE_OUTER_BOUND ( 'NONE', #9146, .T. ) ;
#8672 = CARTESIAN_POINT ( 'NONE',  ( 9.580709785814649493, -3.499999999999973799, -10.79999999999997939 ) ) ;
#8673 = ORIENTED_EDGE ( 'NONE', *, *, #5322, .F. ) ;
#8674 = ORIENTED_EDGE ( 'NONE', *, *, #2485, .F. ) ;
#8675 = CARTESIAN_POINT ( 'NONE',  ( -2.332304605486777760, 1.723471852751109923, -9.400000000000005684 ) ) ;
#8676 = CARTESIAN_POINT ( 'NONE',  ( 0.000000000000000000, 0.000000000000000000, 1.000000000000000000 ) ) ;
#8677 = VECTOR ( 'NONE', #6231, 1000.000000000000000 ) ;
#8678 = CARTESIAN_POINT ( 'NONE',  ( -10.84331591350174051, 1.849999999999960121, 4.799999999999999822 ) ) ;
#8679 = DIRECTION ( 'NONE',  ( 0.000000000000000000, 0.000000000000000000, 1.000000000000000000 ) ) ;
#8680 = ORIENTED_EDGE ( 'NONE', *, *, #5090, .F. ) ;
#8681 = CARTESIAN_POINT ( 'NONE',  ( 9.580709785814589097, 3.500000000000122125, -10.79999999999997584 ) ) ;
#8682 = EDGE_LOOP ( 'NONE', ( #6453 ) ) ;
#8683 = EDGE_LOOP ( 'NONE', ( #783 ) ) ;
#8684 = ORIENTED_EDGE ( 'NONE', *, *, #7536, .F. ) ;
#8685 = FACE_OUTER_BOUND ( 'NONE', #5552, .T. ) ;
#8686 = CIRCLE ( 'NONE', #1135, 11.50000000000000178 ) ;
#8687 = APPLICATION_CONTEXT ( 'configuration controlled 3d designs of mechanical parts and assemblies' ) ;
#8688 = EDGE_CURVE ( 'NONE', #4399, #2900, #7400, .T. ) ;
#8689 = CARTESIAN_POINT ( 'NONE',  ( 5.833630944789019779, 5.833630944789019779, 0.9999999999999991118 ) ) ;
#8690 = EDGE_CURVE ( 'NONE', #7418, #7418, #8, .T. ) ;
#8691 = CARTESIAN_POINT ( 'NONE',  ( -1.697056274847731805, 1.697056274847693613, -12.60000000000000142 ) ) ;
#8692 = CIRCLE ( 'NONE', #4265, 0.7500000000000001110 ) ;
#8693 = CIRCLE ( 'NONE', #6676, 9.200000000000001066 ) ;
#8695 = ADVANCED_FACE ( 'NONE', ( #4194 ), #142, .F. ) ;
#8694 = CARTESIAN_POINT ( 'NONE',  ( 4.767439941463635478, -5.824821486132609749, -26.70701141861999162 ) ) ;
#8696 = CARTESIAN_POINT ( 'NONE',  ( -1.524192641962573264E-15, -1.233523804664961189E-15, -24.80000000000000426 ) ) ;
#8697 = MANIFOLD_SOLID_BREP ( 'NONE', #6272 ) ;
#8698 = LINE ( 'NONE', #7893, #8890 ) ;
#8699 = ORIENTED_EDGE ( 'NONE', *, *, #3619, .F. ) ;
#8700 = LINE ( 'NONE', #2869, #3061 ) ;
#8701 = VECTOR ( 'NONE', #9644, 1000.000000000000000 ) ;
#8702 = CARTESIAN_POINT ( 'NONE',  ( 2.125112707674055468, -5.796685582895903188, -24.80000000000000071 ) ) ;
#8703 = CIRCLE ( 'NONE', #9737, 11.00000000000000000 ) ;
#8704 = EDGE_CURVE ( 'NONE', #10511, #8175, #4630, .T. ) ;
#8705 = FACE_OUTER_BOUND ( 'NONE', #7164, .T. ) ;
#8706 = CARTESIAN_POINT ( 'NONE',  ( -3.758580805415073112, 10.86979444867428057, -10.81351115747700575 ) ) ;
#8707 = CARTESIAN_POINT ( 'NONE',  ( 0.1499999999999999944, -2.144222209522359979, 7.700000000000000178 ) ) ;
#8708 = CARTESIAN_POINT ( 'NONE',  ( 4.768311880335399877, -10.46490192071892267, -13.10255079437899361 ) ) ;
#8709 = DIRECTION ( 'NONE',  ( 2.569777054234141349E-15, 2.586500705120672244E-16, -1.000000000000000000 ) ) ;
#8710 = ORIENTED_EDGE ( 'NONE', *, *, #7837, .F. ) ;
#8711 = CIRCLE ( 'NONE', #9736, 10.20000000000000107 ) ;
#8712 = CIRCLE ( 'NONE', #3906, 10.20000000000000107 ) ;
#8713 = EDGE_LOOP ( 'NONE', ( #9200, #2810 ) ) ;
#8714 = DIRECTION ( 'NONE',  ( -1.000000000000000000, -8.493206138382439646E-15, -2.614213562372974149E-15 ) ) ;
#8715 = CARTESIAN_POINT ( 'NONE',  ( 5.563961030679039688, 6.363961030679200270, 1.000000000000000000 ) ) ;
#8716 = ORIENTED_EDGE ( 'NONE', *, *, #8878, .F. ) ;
#8717 =( BOUNDED_CURVE ( )  B_SPLINE_CURVE ( 2, ( #10238, #8279, #9027 ),
 .UNSPECIFIED., .F., .F. ) 
 B_SPLINE_CURVE_WITH_KNOTS ( ( 3, 3 ),
 ( 0.000000000000000000, 1.000000000000000000 ),
 .UNSPECIFIED. ) 
 CURVE ( )  GEOMETRIC_REPRESENTATION_ITEM ( )  RATIONAL_B_SPLINE_CURVE ( ( 1.000000000000000000, 1.021844029401052012, 1.000000000000000000 ) ) 
 REPRESENTATION_ITEM ( '' )  );
#8718 = ORIENTED_EDGE ( 'NONE', *, *, #69, .T. ) ;
#8719 = ADVANCED_FACE ( 'NONE', ( #1797, #7351 ), #6562, .F. ) ;
#8720 = EDGE_CURVE ( 'NONE', #1204, #5962, #7866, .T. ) ;
#8721 = PLANE ( 'NONE',  #6532 ) ;
#8722 = CARTESIAN_POINT ( 'NONE',  ( 4.859821627669163036, 10.42268354918194362, -11.66617900987098899 ) ) ;
#8723 = CARTESIAN_POINT ( 'NONE',  ( -4.602682622565381187, -10.53885249847085781, -11.28127406444601277 ) ) ;
#8724 = CARTESIAN_POINT ( 'NONE',  ( -1.153074931050550145, -6.608359721094402062, -12.30000000000000959 ) ) ;
#8725 = VECTOR ( 'NONE', #5169, 1000.000000000000000 ) ;
#8726 = ORIENTED_EDGE ( 'NONE', *, *, #1220, .F. ) ;
#8727 = ORIENTED_EDGE ( 'NONE', *, *, #7536, .T. ) ;
#8728 = CARTESIAN_POINT ( 'NONE',  ( -2.121320343559655264, -0.7071067811865685560, -19.60000000000001208 ) ) ;
#8729 = CARTESIAN_POINT ( 'NONE',  ( 9.539334752914008675, -3.613257764340268796, -10.80000000870998100 ) ) ;
#8730 = ORIENTED_EDGE ( 'NONE', *, *, #10218, .F. ) ;
#8731 = CARTESIAN_POINT ( 'NONE',  ( -8.894794764453253677, -4.992262405482805754, -12.52995057596102413 ) ) ;
#8732 = ORIENTED_EDGE ( 'NONE', *, *, #9239, .T. ) ;
#8733 = CARTESIAN_POINT ( 'NONE',  ( 2.412728902227618377, -1.782901916639098694, -9.441421356237308160 ) ) ;
#8734 = DIRECTION ( 'NONE',  ( 0.000000000000000000, 1.000000000000000000, 0.000000000000000000 ) ) ;
#8735 = AXIS2_PLACEMENT_3D ( 'NONE', #642, #10240, #3943 ) ;
#8736 = EDGE_CURVE ( 'NONE', #4627, #7522, #2512, .T. ) ;
#8737 = LINE ( 'NONE', #2301, #6905 ) ;
#8738 = LINE ( 'NONE', #1320, #7057 ) ;
#8739 = FACE_OUTER_BOUND ( 'NONE', #2700, .T. ) ;
#8740 = ORIENTED_EDGE ( 'NONE', *, *, #8736, .F. ) ;
#8741 = ORIENTED_EDGE ( 'NONE', *, *, #3428, .T. ) ;
#8742 = CARTESIAN_POINT ( 'NONE',  ( 0.000000000000000000, 0.000000000000000000, 7.299999999999999822 ) ) ;
#8743 = AXIS2_PLACEMENT_3D ( 'NONE', #10376, #7199, #7797 ) ;
#8744 = ORIENTED_EDGE ( 'NONE', *, *, #8863, .F. ) ;
#8745 = ORIENTED_EDGE ( 'NONE', *, *, #704, .T. ) ;
#8746 = CARTESIAN_POINT ( 'NONE',  ( 3.941344673022832978, 9.408812943156926067, -13.74016895606098743 ) ) ;
#8747 = CIRCLE ( 'NONE', #8583, 1.000000000000000000 ) ;
#8748 = CARTESIAN_POINT ( 'NONE',  ( 4.783271731645515779, 5.842946624174067516, -26.69312412033098525 ) ) ;
#8749 = DIRECTION ( 'NONE',  ( 1.000000000000000000, 0.000000000000000000, 0.000000000000000000 ) ) ;
#8750 = VERTEX_POINT ( 'NONE', #7945 ) ;
#8751 = CARTESIAN_POINT ( 'NONE',  ( 4.586699773481445419, -5.287493853978617153, -27.01163629753499151 ) ) ;
#8752 = CARTESIAN_POINT ( 'NONE',  ( -5.899517097201949944, -4.838856925422214239, -24.80000000000001492 ) ) ;
#8753 = ORIENTED_EDGE ( 'NONE', *, *, #6567, .T. ) ;
#8754 = LOCAL_TIME ( 12, 28, 11.00000000000000000, #6941 ) ;
#8755 = AXIS2_PLACEMENT_3D ( 'NONE', #1617, #5849, #4934 ) ;
#8756 = CARTESIAN_POINT ( 'NONE',  ( -2.121320343559606858, -6.363961030678948028, -19.54142135623732557 ) ) ;
#8757 = ADVANCED_FACE ( 'NONE', ( #9056 ), #1690, .F. ) ;
#8758 = CARTESIAN_POINT ( 'NONE',  ( 0.000000000000000000, 0.000000000000000000, 0.9999999999999991118 ) ) ;
#8759 = CARTESIAN_POINT ( 'NONE',  ( -4.641636258042341368, 10.52175953570463740, -11.32477526869300810 ) ) ;
#8760 = DIRECTION ( 'NONE',  ( 1.000000000000000000, 0.000000000000000000, -0.000000000000000000 ) ) ;
#8761 = CARTESIAN_POINT ( 'NONE',  ( 4.665286445081822997, -10.51126777100462384, -13.24641988505899448 ) ) ;
#8762 = DIRECTION ( 'NONE',  ( -9.156331818725172275E-17, -5.448327848806359888E-16, 1.000000000000000000 ) ) ;
#8763 = CARTESIAN_POINT ( 'NONE',  ( -6.086011853008395533, -9.757584728048001921, -27.30000000000002913 ) ) ;
#8764 = AXIS2_PLACEMENT_3D ( 'NONE', #8088, #5701, #7235 ) ;
#8765 = ORIENTED_EDGE ( 'NONE', *, *, #191, .T. ) ;
#8766 = CARTESIAN_POINT ( 'NONE',  ( 0.6888520379748459543, -10.97840985160318006, 0.9999999999999991118 ) ) ;
#8767 = EDGE_CURVE ( 'NONE', #9124, #9124, #3088, .T. ) ;
#8768 = VERTEX_POINT ( 'NONE', #399 ) ;
#8769 = VERTEX_POINT ( 'NONE', #2887 ) ;
#8770 = CARTESIAN_POINT ( 'NONE',  ( -4.637221724552246904, -5.071089385981335518, -27.08545709085601416 ) ) ;
#8771 = EDGE_LOOP ( 'NONE', ( #7831, #1137, #5412, #10090, #1918, #416, #8447, #6599 ) ) ;
#8772 = ORIENTED_EDGE ( 'NONE', *, *, #6528, .F. ) ;
#8773 = AXIS2_PLACEMENT_3D ( 'NONE', #3354, #3667, #4271 ) ;
#8774 = LINE ( 'NONE', #315, #10060 ) ;
#8775 = FACE_OUTER_BOUND ( 'NONE', #10141, .T. ) ;
#8776 = CARTESIAN_POINT ( 'NONE',  ( 4.117319228010397403, 10.73827272561656088, -13.67235538789798710 ) ) ;
#8777 = CARTESIAN_POINT ( 'NONE',  ( -4.665286445088081102, -10.51126777101106846, -11.35358011494101760 ) ) ;
#8778 = DIRECTION ( 'NONE',  ( -0.7071067811865411334, -0.7071067811865539010, -2.715219353702828376E-15 ) ) ;
#8779 = DIRECTION ( 'NONE',  ( 1.000000000000000000, 0.000000000000000000, 0.000000000000000000 ) ) ;
#8780 = VERTEX_POINT ( 'NONE', #3642 ) ;
#8781 = EDGE_CURVE ( 'NONE', #6716, #7691, #3584, .T. ) ;
#8782 = DIRECTION ( 'NONE',  ( 1.000000000000000000, 0.000000000000000000, 0.000000000000000000 ) ) ;
#8783 = VERTEX_POINT ( 'NONE', #6928 ) ;
#8784 = AXIS2_PLACEMENT_3D ( 'NONE', #3874, #7835, #4529 ) ;
#8785 = ADVANCED_FACE ( 'NONE', ( #1089, #7816 ), #5227, .F. ) ;
#8786 = DIRECTION ( 'NONE',  ( -0.7071067811865546782, 0.7071067811865404673, -1.734723475976807094E-15 ) ) ;
#8787 = DIRECTION ( 'NONE',  ( 4.578627559914759889E-16, -1.000000000000000000, 0.000000000000000000 ) ) ;
#8788 = EDGE_LOOP ( 'NONE', ( #2293 ) ) ;
#8789 = EDGE_LOOP ( 'NONE', ( #9113 ) ) ;
#8790 = CARTESIAN_POINT ( 'NONE',  ( -2.412728902227699646, 1.782901916639079376, -9.441421356237315266 ) ) ;
#8791 = EDGE_CURVE ( 'NONE', #6930, #8473, #10239, .T. ) ;
#8792 = CARTESIAN_POINT ( 'NONE',  ( 10.44572755166284139, 4.810145786912963572, -13.03223556237097647 ) ) ;
#8793 = AXIS2_PLACEMENT_3D ( 'NONE', #10237, #7065, #8497 ) ;
#8794 = CARTESIAN_POINT ( 'NONE',  ( 0.000000000000000000, 0.000000000000000000, 7.000000000000000000 ) ) ;
#8795 = CARTESIAN_POINT ( 'NONE',  ( -5.085786437626834022, 1.414213562372345301, -27.30000000000001492 ) ) ;
#8796 = EDGE_LOOP ( 'NONE', ( #1867, #4702 ) ) ;
#8797 = ORIENTED_EDGE ( 'NONE', *, *, #733, .F. ) ;
#8798 = FACE_OUTER_BOUND ( 'NONE', #9716, .T. ) ;
#8799 = EDGE_CURVE ( 'NONE', #9713, #9713, #7527, .T. ) ;
#8800 = VERTEX_POINT ( 'NONE', #2942 ) ;
#8801 = EDGE_CURVE ( 'NONE', #4952, #10556, #1143, .T. ) ;
#8802 = ORIENTED_EDGE ( 'NONE', *, *, #9484, .F. ) ;
#8803 = CIRCLE ( 'NONE', #918, 3.000000000000000444 ) ;
#8804 = ORIENTED_EDGE ( 'NONE', *, *, #1717, .T. ) ;
#8805 = FACE_BOUND ( 'NONE', #10273, .T. ) ;
#8806 = DIRECTION ( 'NONE',  ( 1.000000000000000000, 0.000000000000000000, 0.000000000000000000 ) ) ;
#8807 = DIRECTION ( 'NONE',  ( 0.000000000000000000, 0.000000000000000000, -1.000000000000000000 ) ) ;
#8808 = CARTESIAN_POINT ( 'NONE',  ( -10.60849981976415002, -4.440069388308247156, -13.47164831180202960 ) ) ;
#8809 = AXIS2_PLACEMENT_3D ( 'NONE', #1987, #3021, #6258 ) ;
#8810 = VERTEX_POINT ( 'NONE', #10279 ) ;
#8811 = CARTESIAN_POINT ( 'NONE',  ( 9.365189036371862841, 4.042800561358750322, -13.70235281213697753 ) ) ;
#8812 = CARTESIAN_POINT ( 'NONE',  ( 4.640490406774731902, -5.622272912330693373, -26.84391510094699385 ) ) ;
#8813 = CARTESIAN_POINT ( 'NONE',  ( 10.95445115009789205, -3.499999999994376942, -10.79999999999997584 ) ) ;
#8814 = VERTEX_POINT ( 'NONE', #3743 ) ;
#8815 = ORIENTED_EDGE ( 'NONE', *, *, #3474, .F. ) ;
#8816 = CARTESIAN_POINT ( 'NONE',  ( -6.276093065034885399, -2.092031021678345759, -19.50000000000002132 ) ) ;
#8817 = VECTOR ( 'NONE', #7413, 1000.000000000000000 ) ;
#8818 = CARTESIAN_POINT ( 'NONE',  ( 9.000000000000000000, 9.427005074995329055E-14, 3.000000000000000000 ) ) ;
#8819 = DIRECTION ( 'NONE',  ( 1.000000000000000000, 0.000000000000000000, 0.000000000000000000 ) ) ;
#8820 = CARTESIAN_POINT ( 'NONE',  ( 4.810145786912935151, -10.44572755166288047, -13.03223556237099423 ) ) ;
#8821 = DIRECTION ( 'NONE',  ( 0.000000000000000000, 0.000000000000000000, 1.000000000000000000 ) ) ;
#8822 = CARTESIAN_POINT ( 'NONE',  ( 9.657315202342775962, -6.244267775509557694, -12.73176587314597974 ) ) ;
#8823 = ORIENTED_EDGE ( 'NONE', *, *, #7270, .F. ) ;
#8824 = PLANE ( 'NONE',  #265 ) ;
#8825 = EDGE_CURVE ( 'NONE', #152, #3762, #1251, .T. ) ;
#8826 = AXIS2_PLACEMENT_3D ( 'NONE', #5916, #5964, #5752 ) ;
#8827 = LINE ( 'NONE', #2334, #5663 ) ;
#8828 = CARTESIAN_POINT ( 'NONE',  ( -4.748169116304242543, -4.874526289364495391, -27.12405566886201669 ) ) ;
#8829 = ORIENTED_EDGE ( 'NONE', *, *, #3435, .T. ) ;
#8830 = VERTEX_POINT ( 'NONE', #2014 ) ;
#8831 = CARTESIAN_POINT ( 'NONE',  ( 7.388493158315625031, -3.716920283167197248, -26.29766626898477355 ) ) ;
#8832 = CARTESIAN_POINT ( 'NONE',  ( -4.907905048204332488, -8.942095008309514981, -11.73175504206701625 ) ) ;
#8833 = CARTESIAN_POINT ( 'NONE',  ( 8.999999999999740652, -2.557954394748249714E-13, -9.200000000000002842 ) ) ;
#8834 = EDGE_CURVE ( 'NONE', #7081, #2523, #7606, .T. ) ;
#8835 = AXIS2_PLACEMENT_3D ( 'NONE', #2269, #5587, #8819 ) ;
#8836 = DIRECTION ( 'NONE',  ( 0.7071067811865535679, -0.7071067811865415775, 9.742135623731070468E-16 ) ) ;
#8837 = ORIENTED_EDGE ( 'NONE', *, *, #3482, .T. ) ;
#8838 = EDGE_CURVE ( 'NONE', #6609, #2965, #8224, .T. ) ;
#8839 = DIRECTION ( 'NONE',  ( 1.000000000000000000, 0.000000000000000000, 0.000000000000000000 ) ) ;
#8840 = ORIENTED_EDGE ( 'NONE', *, *, #1399, .F. ) ;
#8841 = EDGE_CURVE ( 'NONE', #8855, #5898, #4293, .T. ) ;
#8842 = CARTESIAN_POINT ( 'NONE',  ( 10.84331591350176005, -1.849999999999885070, 4.799999999999999822 ) ) ;
#8843 = CARTESIAN_POINT ( 'NONE',  ( 9.037594106339167155, -4.730792358877735637, -11.42383843082397910 ) ) ;
#8844 = CARTESIAN_POINT ( 'NONE',  ( -9.365189111252481879, 4.042800392683216337, -13.70235289151002078 ) ) ;
#8845 = ORIENTED_EDGE ( 'NONE', *, *, #3073, .F. ) ;
#8846 = AXIS2_PLACEMENT_3D ( 'NONE', #4522, #1323, #414 ) ;
#8847 = CARTESIAN_POINT ( 'NONE',  ( -0.8042429674092621550, 0.5943006388796878703, -9.500000000000003553 ) ) ;
#8848 = CARTESIAN_POINT ( 'NONE',  ( -5.788655168627452774, 4.737680665814691494, -26.73405214071101454 ) ) ;
#8849 = CARTESIAN_POINT ( 'NONE',  ( 10.67384538559427654, 4.280525534659012088, -13.58263196155097319 ) ) ;
#8850 = EDGE_CURVE ( 'NONE', #3193, #3193, #7035, .T. ) ;
#8851 = DIRECTION ( 'NONE',  ( -0.7071067811865532349, 0.7071067811865419106, 0.000000000000000000 ) ) ;
#8852 = AXIS2_PLACEMENT_3D ( 'NONE', #6285, #6984, #6337 ) ;
#8853 = ORIENTED_EDGE ( 'NONE', *, *, #4546, .T. ) ;
#8854 = EDGE_LOOP ( 'NONE', ( #3335, #9951, #3518, #5983 ) ) ;
#8855 = VERTEX_POINT ( 'NONE', #4506 ) ;
#8856 = CYLINDRICAL_SURFACE ( 'NONE', #8122, 1.499999999999999556 ) ;
#8857 = CARTESIAN_POINT ( 'NONE',  ( 1.850000000000000089, 10.84331591350174051, 4.799999999999999822 ) ) ;
#8858 = ORIENTED_EDGE ( 'NONE', *, *, #862, .F. ) ;
#8859 = VERTEX_POINT ( 'NONE', #4455 ) ;
#8860 = CARTESIAN_POINT ( 'NONE',  ( 4.999708280297538998, 8.890608443197075772, -12.34360311759898643 ) ) ;
#8861 = VECTOR ( 'NONE', #2738, 1000.000000000000000 ) ;
#8862 = EDGE_CURVE ( 'NONE', #812, #4177, #7774, .T. ) ;
#8863 = EDGE_CURVE ( 'NONE', #2618, #7027, #9747, .T. ) ;
#8864 = FACE_OUTER_BOUND ( 'NONE', #4836, .T. ) ;
#8865 = CARTESIAN_POINT ( 'NONE',  ( -0.5303300858899561154, 0.5303300858898900572, -8.950000000000001066 ) ) ;
#8866 = CARTESIAN_POINT ( 'NONE',  ( -5.953399550669789875, 7.014059722449482948, -20.80000000000001137 ) ) ;
#8867 = FACE_OUTER_BOUND ( 'NONE', #3664, .T. ) ;
#8868 = ORIENTED_EDGE ( 'NONE', *, *, #10574, .T. ) ;
#8869 = CARTESIAN_POINT ( 'NONE',  ( 2.092031021678298242, -2.092031021678287139, -19.49999999999999645 ) ) ;
#8870 = EDGE_CURVE ( 'NONE', #8814, #4431, #4350, .T. ) ;
#8871 = VECTOR ( 'NONE', #3723, 1000.000000000000000 ) ;
#8872 = CARTESIAN_POINT ( 'NONE',  ( -6.000000000000000000, -3.605551275463995342, 5.000000000000000000 ) ) ;
#8873 = DIRECTION ( 'NONE',  ( 0.000000000000000000, 0.000000000000000000, 1.000000000000000000 ) ) ;
#8874 = VECTOR ( 'NONE', #10441, 1000.000000000000000 ) ;
#8875 = CARTESIAN_POINT ( 'NONE',  ( 4.117319227905928081, -10.73827272566458824, -13.67235538795899608 ) ) ;
#8876 = CARTESIAN_POINT ( 'NONE',  ( 9.374252304137884906, -6.662376911016496983, -13.21803336798098272 ) ) ;
#8877 = ORIENTED_EDGE ( 'NONE', *, *, #9105, .F. ) ;
#8878 = EDGE_CURVE ( 'NONE', #5679, #5679, #2567, .T. ) ;
#8879 = ORIENTED_EDGE ( 'NONE', *, *, #7399, .F. ) ;
#8880 = CIRCLE ( 'NONE', #7697, 0.8000000000000003775 ) ;
#8881 = AXIS2_PLACEMENT_3D ( 'NONE', #6760, #8513, #5067 ) ;
#8882 = CARTESIAN_POINT ( 'NONE',  ( -4.596157629078184037, -5.457628447280327144, -26.93331975545201473 ) ) ;
#8883 = ORIENTED_EDGE ( 'NONE', *, *, #6493, .F. ) ;
#8884 = DIRECTION ( 'NONE',  ( -0.7071067811865416886, -0.7071067811865532349, -1.889999999999999157E-15 ) ) ;
#8885 = CARTESIAN_POINT ( 'NONE',  ( 4.894341174470202560, 10.40651886101798773, -11.74579602951198609 ) ) ;
#8886 = CARTESIAN_POINT ( 'NONE',  ( 4.984688990355743421, 4.677164644546119909, -27.10635783477598793 ) ) ;
#8887 = CARTESIAN_POINT ( 'NONE',  ( -4.488262884147323994, -10.58810457441836839, -11.16982398361601447 ) ) ;
#8888 = VECTOR ( 'NONE', #8150, 1000.000000000000000 ) ;
#8889 = CARTESIAN_POINT ( 'NONE',  ( 2.379416067773210131, -1.758285178163995877, -12.39999999999999858 ) ) ;
#8890 = VECTOR ( 'NONE', #9154, 1000.000000000000000 ) ;
#8891 = LINE ( 'NONE', #7046, #7157 ) ;
#8892 = EDGE_LOOP ( 'NONE', ( #1415, #4461, #1221, #4846 ) ) ;
#8893 = CARTESIAN_POINT ( 'NONE',  ( -4.384798385522208797, 9.209555462457727160, -13.51253806676000835 ) ) ;
#8894 = ORIENTED_EDGE ( 'NONE', *, *, #2760, .T. ) ;
#8895 = CYLINDRICAL_SURFACE ( 'NONE', #9697, 0.8000000000000003775 ) ;
#8896 = VERTEX_POINT ( 'NONE', #7666 ) ;
#8897 = CARTESIAN_POINT ( 'NONE',  ( -5.129980928409514362, 4.617155716841655710, -27.06806606674201277 ) ) ;
#8898 = EDGE_CURVE ( 'NONE', #4794, #9034, #298, .T. ) ;
#8899 = CARTESIAN_POINT ( 'NONE',  ( 10.58663180925079494, 4.491741413303794062, -11.17282629887497336 ) ) ;
#8900 = ADVANCED_FACE ( 'NONE', ( #1959, #5273 ), #8393, .T. ) ;
#8901 = CIRCLE ( 'NONE', #3259, 0.8000000000000001554 ) ;
#8902 = DIRECTION ( 'NONE',  ( 0.000000000000000000, 0.000000000000000000, -1.000000000000000000 ) ) ;
#8903 = ORIENTED_EDGE ( 'NONE', *, *, #2368, .T. ) ;
#8904 = CARTESIAN_POINT ( 'NONE',  ( 8.194733342115696928, -6.073412998596991130, -11.29999999999998295 ) ) ;
#8905 = VERTEX_POINT ( 'NONE', #3215 ) ;
#8906 = ORIENTED_EDGE ( 'NONE', *, *, #9066, .T. ) ;
#8907 = ORIENTED_EDGE ( 'NONE', *, *, #4655, .F. ) ;
#8908 = AXIS2_PLACEMENT_3D ( 'NONE', #6281, #2230, #4014 ) ;
#8909 = ADVANCED_FACE ( 'NONE', ( #8031 ), #8721, .F. ) ;
#8910 = ORIENTED_EDGE ( 'NONE', *, *, #8581, .T. ) ;
#8911 = PLANE ( 'NONE',  #9987 ) ;
#8912 = CARTESIAN_POINT ( 'NONE',  ( -11.49999999999958789, -3.500000000000222489, -12.30000000000003091 ) ) ;
#8913 = EDGE_CURVE ( 'NONE', #5761, #1364, #8194, .T. ) ;
#8914 = CARTESIAN_POINT ( 'NONE',  ( 0.8000000000000000444, 1.500000000000000000, 32.00000000000000000 ) ) ;
#8915 = DIRECTION ( 'NONE',  ( 1.000000000000000000, 0.000000000000000000, 0.000000000000000000 ) ) ;
#8916 = DIRECTION ( 'NONE',  ( 0.000000000000000000, 0.000000000000000000, -1.000000000000000000 ) ) ;
#8917 = CARTESIAN_POINT ( 'NONE',  ( -10.43640145250299156, -4.830306952754263250, -11.60593206260603161 ) ) ;
#8918 = VECTOR ( 'NONE', #965, 1000.000000000000000 ) ;
#8919 = VERTEX_POINT ( 'NONE', #9071 ) ;
#8920 = PLANE ( 'NONE',  #8296 ) ;
#8921 = CYLINDRICAL_SURFACE ( 'NONE', #9046, 1.499999999999999556 ) ;
#8922 = EDGE_CURVE ( 'NONE', #5621, #3040, #513, .T. ) ;
#8923 = ORIENTED_EDGE ( 'NONE', *, *, #692, .F. ) ;
#8924 = ADVANCED_FACE ( 'NONE', ( #8775, #4611 ), #3901, .F. ) ;
#8925 = DIRECTION ( 'NONE',  ( 2.491995308303617655E-15, 6.475588001646676479E-16, -1.000000000000000000 ) ) ;
#8926 = VECTOR ( 'NONE', #3524, 1000.000000000000114 ) ;
#8927 = DIRECTION ( 'NONE',  ( 0.000000000000000000, 0.000000000000000000, 1.000000000000000000 ) ) ;
#8928 = CARTESIAN_POINT ( 'NONE',  ( 6.234371554768791235, -9.663544933044216023, -11.91083907869699132 ) ) ;
#8929 = CARTESIAN_POINT ( 'NONE',  ( 4.641636258039435248, -10.52175953570182010, -11.32477526869299389 ) ) ;
#8930 = AXIS2_PLACEMENT_3D ( 'NONE', #6015, #5313, #1949 ) ;
#8931 = ORIENTED_EDGE ( 'NONE', *, *, #9742, .F. ) ;
#8932 = EDGE_CURVE ( 'NONE', #3983, #2672, #602, .T. ) ;
#8933 = EDGE_LOOP ( 'NONE', ( #6336, #5102, #6734, #10475 ) ) ;
#8934 = EDGE_CURVE ( 'NONE', #5959, #8210, #1705, .T. ) ;
#8935 = CARTESIAN_POINT ( 'NONE',  ( -4.984688990355745197, -4.677164644546119909, -27.10635783477601635 ) ) ;
#8936 = DIRECTION ( 'NONE',  ( -0.7071067811865415775, -0.7071067811865534569, -4.336808689942018525E-15 ) ) ;
#8937 = CARTESIAN_POINT ( 'NONE',  ( 4.242248073841695444, -9.276220502677549717, -13.60551282057099520 ) ) ;
#8938 = CARTESIAN_POINT ( 'NONE',  ( 4.989777342196895837, 10.36109288750929025, -12.52606708980698258 ) ) ;
#8939 = CARTESIAN_POINT ( 'NONE',  ( 4.684030689613306819, 4.972196530949371862, -27.10889616804598745 ) ) ;
#8940 = CIRCLE ( 'NONE', #9610, 10.80000000000000071 ) ;
#8941 = CARTESIAN_POINT ( 'NONE',  ( -4.569041772022860215, -10.55345073786431698, -11.24666862133801359 ) ) ;
#8942 = EDGE_LOOP ( 'NONE', ( #3827, #5512, #5505, #6236 ) ) ;
#8943 = CARTESIAN_POINT ( 'NONE',  ( 4.943961906533900219E-14, -6.500000000000626166, -24.80000000000000426 ) ) ;
#8944 = FACE_OUTER_BOUND ( 'NONE', #8370, .T. ) ;
#8945 = ORIENTED_EDGE ( 'NONE', *, *, #6835, .F. ) ;
#8946 = DIRECTION ( 'NONE',  ( 1.000000000000000000, 0.000000000000000000, 0.000000000000000000 ) ) ;
#8947 = ORIENTED_EDGE ( 'NONE', *, *, #2500, .T. ) ;
#8948 = DIRECTION ( 'NONE',  ( -0.7071067811865520136, 0.7071067811865430208, 6.802837160693360652E-16 ) ) ;
#8949 = AXIS2_PLACEMENT_3D ( 'NONE', #1239, #1296, #438 ) ;
#8950 = CARTESIAN_POINT ( 'NONE',  ( 0.3843583103501297948, 2.202786573698125139, -9.500000000000001776 ) ) ;
#8951 = CARTESIAN_POINT ( 'NONE',  ( -5.012927218662013296, 4.661703840275915667, -27.10059459852300989 ) ) ;
#8952 = CARTESIAN_POINT ( 'NONE',  ( 10.62964811897485795, 4.389335457366007276, -13.51101666282997193 ) ) ;
#8953 = FACE_BOUND ( 'NONE', #8059, .T. ) ;
#8954 = CARTESIAN_POINT ( 'NONE',  ( 4.405198112628846197, -8.076770987746014541, -20.79999999999999716 ) ) ;
#8955 = CARTESIAN_POINT ( 'NONE',  ( -0.04999999999999919786, -3.299999999999999822, 7.700000000000000178 ) ) ;
#8956 = CARTESIAN_POINT ( 'NONE',  ( 0.000000000000000000, 0.000000000000000000, 1.000000000000000000 ) ) ;
#8957 = AXIS2_PLACEMENT_3D ( 'NONE', #8165, #10595, #6678 ) ;
#8958 = EDGE_LOOP ( 'NONE', ( #8487 ) ) ;
#8959 = DIRECTION ( 'NONE',  ( 0.000000000000000000, 0.000000000000000000, 1.000000000000000000 ) ) ;
#8960 = ORIENTED_EDGE ( 'NONE', *, *, #6767, .F. ) ;
#8961 = CARTESIAN_POINT ( 'NONE',  ( -3.500000000000056843, -11.49999999999961808, -12.30000000000001492 ) ) ;
#8962 = CARTESIAN_POINT ( 'NONE',  ( -9.000000000000248690, 2.546932573555920269E-13, 0.9999999999999991118 ) ) ;
#8963 = ORIENTED_EDGE ( 'NONE', *, *, #4195, .F. ) ;
#8964 = ADVANCED_FACE ( 'NONE', ( #10297 ), #7966, .T. ) ;
#8965 = ORIENTED_EDGE ( 'NONE', *, *, #4458, .F. ) ;
#8966 = DIRECTION ( 'NONE',  ( 0.000000000000000000, 0.000000000000000000, 1.000000000000000000 ) ) ;
#8967 = CARTESIAN_POINT ( 'NONE',  ( 10.70802861563065811, 1.850000000000115108, 4.933342624449380764 ) ) ;
#8968 = CIRCLE ( 'NONE', #4000, 0.8000000000000001554 ) ;
#8969 = CARTESIAN_POINT ( 'NONE',  ( -10.65081432662801575, -4.337734361969546981, -11.05291972593103189 ) ) ;
#8970 = EDGE_CURVE ( 'NONE', #6650, #8496, #9412, .T. ) ;
#8971 = CARTESIAN_POINT ( 'NONE',  ( -9.565685424949244009, 0.5656854249491352071, -10.80000000000002736 ) ) ;
#8972 = CARTESIAN_POINT ( 'NONE',  ( 5.842946624173358749, -4.783271731646224545, -26.69312412033199067 ) ) ;
#8973 = DIRECTION ( 'NONE',  ( 1.000000000000000000, 0.000000000000000000, 0.000000000000000000 ) ) ;
#8974 = AXIS2_PLACEMENT_3D ( 'NONE', #5049, #7582, #6061 ) ;
#8975 = ORIENTED_EDGE ( 'NONE', *, *, #733, .T. ) ;
#8976 = ORIENTED_EDGE ( 'NONE', *, *, #3560, .T. ) ;
#8977 = VERTEX_POINT ( 'NONE', #3106 ) ;
#8978 = CARTESIAN_POINT ( 'NONE',  ( 1.850000000000000089, 10.84331591350174051, 3.000000000000000000 ) ) ;
#8979 = CIRCLE ( 'NONE', #3339, 10.80000000000000071 ) ;
#8980 = LINE ( 'NONE', #8178, #7043 ) ;
#8981 = EDGE_CURVE ( 'NONE', #3977, #5760, #7173, .T. ) ;
#8982 = DIRECTION ( 'NONE',  ( -0.7071067811865522357, 0.7071067811865427988, -2.312964634635742267E-15 ) ) ;
#8983 = DIRECTION ( 'NONE',  ( -1.388908729652604544E-15, -4.919953083036178938E-16, 1.000000000000000000 ) ) ;
#8984 = CARTESIAN_POINT ( 'NONE',  ( -5.953399550669670859, -7.014059722449589529, -20.80000000000001847 ) ) ;
#8985 = AXIS2_PLACEMENT_3D ( 'NONE', #1544, #3343, #9016 ) ;
#8986 = ORIENTED_EDGE ( 'NONE', *, *, #5258, .F. ) ;
#8987 = ORIENTED_EDGE ( 'NONE', *, *, #6069, .F. ) ;
#8988 = CARTESIAN_POINT ( 'NONE',  ( -4.461459410936118530, -9.172606243505114776, -13.45210233311401460 ) ) ;
#8990 = EDGE_CURVE ( 'NONE', #3687, #7122, #8228, .T. ) ;
#8989 = DIRECTION ( 'NONE',  ( -3.131717426292753308E-15, -4.886692933823911531E-16, 1.000000000000000000 ) ) ;
#8991 = EDGE_CURVE ( 'NONE', #88, #4738, #2504, .T. ) ;
#8992 = CARTESIAN_POINT ( 'NONE',  ( -4.999999999999613642, -10.35615758860417301, -12.21536382888901784 ) ) ;
#8993 = CIRCLE ( 'NONE', #2830, 6.799999999999999822 ) ;
#8994 = DIRECTION ( 'NONE',  ( -0.7071067811865522357, 0.7071067811865429098, -1.885568995626963942E-15 ) ) ;
#8995 = ORIENTED_EDGE ( 'NONE', *, *, #9088, .T. ) ;
#8996 = DIRECTION ( 'NONE',  ( 0.7071067811865531239, -0.7071067811865419106, 1.734723475976806700E-15 ) ) ;
#8997 = DIRECTION ( 'NONE',  ( 0.000000000000000000, 0.000000000000000000, 1.000000000000000000 ) ) ;
#8998 = ORIENTED_EDGE ( 'NONE', *, *, #2912, .F. ) ;
#8999 = ORIENTED_EDGE ( 'NONE', *, *, #7051, .T. ) ;
#9000 = FACE_OUTER_BOUND ( 'NONE', #1607, .T. ) ;
#9001 = CARTESIAN_POINT ( 'NONE',  ( -5.306469508678943292, 4.588604450520006317, -27.00253238841201409 ) ) ;
#9002 = AXIS2_PLACEMENT_3D ( 'NONE', #7159, #5428, #1344 ) ;
#9003 = CARTESIAN_POINT ( 'NONE',  ( 0.000000000000000000, -0.2000000000000000111, 7.299999999999999822 ) ) ;
#9004 = CARTESIAN_POINT ( 'NONE',  ( -3.500000000000253131, 11.49999999999954525, -12.30000000000000604 ) ) ;
#9005 =( BOUNDED_CURVE ( )  B_SPLINE_CURVE ( 2, ( #9385, #3763, #8586 ),
 .UNSPECIFIED., .F., .T. ) 
 B_SPLINE_CURVE_WITH_KNOTS ( ( 3, 3 ),
 ( 0.000000000000000000, 1.000000000000000000 ),
 .UNSPECIFIED. ) 
 CURVE ( )  GEOMETRIC_REPRESENTATION_ITEM ( )  RATIONAL_B_SPLINE_CURVE ( ( 1.000000000000000000, 1.004414555898010208, 1.000000000000000000 ) ) 
 REPRESENTATION_ITEM ( '' )  );
#9006 = DIRECTION ( 'NONE',  ( 1.000000000000000000, 0.000000000000000000, 0.000000000000000000 ) ) ;
#9007 = CARTESIAN_POINT ( 'NONE',  ( 4.838856925422107658, 5.899517097202025440, -24.79999999999999005 ) ) ;
#9008 = CARTESIAN_POINT ( 'NONE',  ( -1.602121320343545777E-14, -3.175092093352754641E-14, -11.30000000000000071 ) ) ;
#9009 = VERTEX_POINT ( 'NONE', #8344 ) ;
#9010 = CARTESIAN_POINT ( 'NONE',  ( 0.1499999999999999944, -2.200000000000000178, 7.700000000000000178 ) ) ;
#9011 = ORIENTED_EDGE ( 'NONE', *, *, #7819, .T. ) ;
#9012 = CIRCLE ( 'NONE', #5108, 1.000000000000000000 ) ;
#9013 = ORIENTED_EDGE ( 'NONE', *, *, #6903, .F. ) ;
#9014 = VERTEX_POINT ( 'NONE', #7538 ) ;
#9015 = ORIENTED_EDGE ( 'NONE', *, *, #788, .T. ) ;
#9016 = DIRECTION ( 'NONE',  ( -0.7071067811865535679, 0.7071067811865415775, 3.401418580346680326E-16 ) ) ;
#9017 = FACE_OUTER_BOUND ( 'NONE', #5251, .T. ) ;
#9018 = LINE ( 'NONE', #1653, #2925 ) ;
#9019 = APPROVAL ( #4315, 'UNSPECIFIED' ) ;
#9020 = CARTESIAN_POINT ( 'NONE',  ( -2.050609665441022411, 2.050609665440967344, -19.50000000000000711 ) ) ;
#9021 = CARTESIAN_POINT ( 'NONE',  ( 8.644746269442578068, 7.584086097662892989, -27.29999999999997939 ) ) ;
#9022 = DIRECTION ( 'NONE',  ( 0.7071067811865480168, 0.000000000000000000, 0.7071067811865470176 ) ) ;
#9023 = EDGE_LOOP ( 'NONE', ( #5 ) ) ;
#9024 = ORIENTED_EDGE ( 'NONE', *, *, #5468, .F. ) ;
#9025 = ORIENTED_EDGE ( 'NONE', *, *, #7463, .T. ) ;
#9026 = LINE ( 'NONE', #4981, #3652 ) ;
#9027 = CARTESIAN_POINT ( 'NONE',  ( 5.868986283848383501, -4.808326112068474600, -26.67232776209099043 ) ) ;
#9028 = DIRECTION ( 'NONE',  ( -8.493206138382439646E-15, 1.000000000000000000, 8.230918068219849969E-16 ) ) ;
#9029 = CARTESIAN_POINT ( 'NONE',  ( 6.459062236419295111, -9.514859232734458772, -11.54719242864598883 ) ) ;
#9030 = ADVANCED_FACE ( 'NONE', ( #4995, #7385 ), #9734, .F. ) ;
#9031 = AXIS2_PLACEMENT_3D ( 'NONE', #2691, #272, #2644 ) ;
#9032 = CARTESIAN_POINT ( 'NONE',  ( 4.773571024239035232, -10.46249749764911741, -11.50602682622899486 ) ) ;
#9033 = CARTESIAN_POINT ( 'NONE',  ( 5.953399550669646878, 7.014059722449585088, -23.79999999999998295 ) ) ;
#9034 = VERTEX_POINT ( 'NONE', #1627 ) ;
#9035 = CYLINDRICAL_SURFACE ( 'NONE', #8665, 0.7999999999999998224 ) ;
#9036 = ORIENTED_EDGE ( 'NONE', *, *, #5817, .T. ) ;
#9037 = EDGE_CURVE ( 'NONE', #8496, #6650, #9252, .T. ) ;
#9038 = EDGE_LOOP ( 'NONE', ( #8745 ) ) ;
#9039 = VECTOR ( 'NONE', #8714, 1000.000000000000000 ) ;
#9040 = CARTESIAN_POINT ( 'NONE',  ( -4.999708280297611829, -8.890608443197088206, -12.34360311759901663 ) ) ;
#9041 = DIRECTION ( 'NONE',  ( -1.000000000000000000, 0.000000000000000000, 0.000000000000000000 ) ) ;
#9042 = CARTESIAN_POINT ( 'NONE',  ( -4.999999999999612754, -10.35615758860417301, -12.41304029480701665 ) ) ;
#9043 = DIRECTION ( 'NONE',  ( 0.000000000000000000, 0.000000000000000000, 1.000000000000000000 ) ) ;
#9044 = ORIENTED_EDGE ( 'NONE', *, *, #4205, .F. ) ;
#9045 = CARTESIAN_POINT ( 'NONE',  ( 9.122917920056909935, -7.001597576538188150, -11.29999999999997939 ) ) ;
#9046 = AXIS2_PLACEMENT_3D ( 'NONE', #4863, #2634, #2531 ) ;
#9047 = VERTEX_POINT ( 'NONE', #3422 ) ;
#9048 = AXIS2_PLACEMENT_3D ( 'NONE', #7675, #3544, #313 ) ;
#9049 = DIRECTION ( 'NONE',  ( -0.7071067811865412445, -0.7071067811865537900, -2.109999999999997999E-15 ) ) ;
#9050 = DIRECTION ( 'NONE',  ( 0.000000000000000000, 0.000000000000000000, 1.000000000000000000 ) ) ;
#9051 = ORIENTED_EDGE ( 'NONE', *, *, #6104, .T. ) ;
#9052 = DIRECTION ( 'NONE',  ( 0.000000000000000000, 0.000000000000000000, -1.000000000000000000 ) ) ;
#9053 = EDGE_CURVE ( 'NONE', #5548, #3762, #182, .T. ) ;
#9054 = CARTESIAN_POINT ( 'NONE',  ( -0.9491055452343960530, -3.412740055467500255, 7.700000000000000178 ) ) ;
#9055 = AXIS2_PLACEMENT_3D ( 'NONE', #5644, #713, #3257 ) ;
#9056 = FACE_OUTER_BOUND ( 'NONE', #5495, .T. ) ;
#9057 = VECTOR ( 'NONE', #2768, 1000.000000000000227 ) ;
#9058 = CARTESIAN_POINT ( 'NONE',  ( -1.850000000000000089, 10.77567667446463950, 4.866675785184380487 ) ) ;
#9059 = ORIENTED_EDGE ( 'NONE', *, *, #689, .F. ) ;
#9060 = VERTEX_POINT ( 'NONE', #5860 ) ;
#9061 = CARTESIAN_POINT ( 'NONE',  ( -0.04999999999999919786, -3.395393726758810349, 7.700000000000000178 ) ) ;
#9062 = CARTESIAN_POINT ( 'NONE',  ( -3.231299423149105887E-15, -3.924621202458745377E-15, -23.80000000000000071 ) ) ;
#9063 = CYLINDRICAL_SURFACE ( 'NONE', #5627, 0.7499999999999997780 ) ;
#9064 = CIRCLE ( 'NONE', #4457, 9.000000000000000000 ) ;
#9065 = CARTESIAN_POINT ( 'NONE',  ( 1.414213562372431454, -5.085786437626810930, -27.30000000000000426 ) ) ;
#9066 = EDGE_CURVE ( 'NONE', #6573, #2147, #4442, .T. ) ;
#9067 = ORIENTED_EDGE ( 'NONE', *, *, #5525, .F. ) ;
#9068 =( BOUNDED_SURFACE ( )  B_SPLINE_SURFACE ( 3, 3, ( 
 ( #8847, #8950, #8151, #4782, #893, #10577, #4022 ),
 ( #7398, #2510, #3275, #1474, #6561, #5009, #8042 ),
 ( #9692, #5709, #4191, #672, #3225, #7245, #1582 ),
 ( #5815, #7301, #10466, #789, #3381, #2352, #1636 ) ),
 .UNSPECIFIED., .F., .T., .T. ) 
 B_SPLINE_SURFACE_WITH_KNOTS ( ( 4, 4 ),
 ( 4, 3, 4 ),
 ( 0.000000000000000000, 1.000000000000000000 ),
 ( 0.000000000000000000, 0.5000000000000000000, 1.000000000000000000 ),
 .UNSPECIFIED. ) 
 GEOMETRIC_REPRESENTATION_ITEM ( )  RATIONAL_B_SPLINE_SURFACE ( (
 ( 1.000000000000000000, 0.3333333333333335369, 0.3333333333333335369, 1.000000000000000000, 0.3333333333333335369, 0.3333333333333335369, 1.000000000000000000),
 ( 0.8047378541243649375, 0.2682459513747884605, 0.2682459513747884605, 0.8047378541243649375, 0.2682459513747884605, 0.2682459513747884605, 0.8047378541243649375),
 ( 0.8047378541243649375, 0.2682459513747884605, 0.2682459513747884605, 0.8047378541243649375, 0.2682459513747884605, 0.2682459513747884605, 0.8047378541243649375),
 ( 1.000000000000000000, 0.3333333333333335369, 0.3333333333333335369, 1.000000000000000000, 0.3333333333333335369, 0.3333333333333335369, 1.000000000000000000) ) ) 
 REPRESENTATION_ITEM ( '' )  SURFACE ( )  );
#9069 = CARTESIAN_POINT ( 'NONE',  ( -6.972352916613128393, -5.911692744833421997, -25.77584506070209613 ) ) ;
#9070 = CYLINDRICAL_SURFACE ( 'NONE', #5692, 3.000000000000000000 ) ;
#9071 = CARTESIAN_POINT ( 'NONE',  ( -8.131727983645355096, 8.131727983645241409, -22.91324865405202260 ) ) ;
#9072 = DIRECTION ( 'NONE',  ( 0.000000000000000000, 0.000000000000000000, -1.000000000000000000 ) ) ;
#9073 = AXIS2_PLACEMENT_3D ( 'NONE', #2078, #5384, #10197 ) ;
#9074 = DIRECTION ( 'NONE',  ( 0.000000000000000000, 0.000000000000000000, -1.000000000000000000 ) ) ;
#9075 = ORIENTED_EDGE ( 'NONE', *, *, #7678, .F. ) ;
#9076 = CARTESIAN_POINT ( 'NONE',  ( 0.000000000000000000, -0.2000000000000000111, 7.700000000000000178 ) ) ;
#9077 = CARTESIAN_POINT ( 'NONE',  ( 0.000000000000000000, 0.000000000000000000, 7.000000000000000000 ) ) ;
#9078 = ORIENTED_EDGE ( 'NONE', *, *, #8265, .F. ) ;
#9079 = AXIS2_PLACEMENT_3D ( 'NONE', #9785, #2497, #9936 ) ;
#9080 = DIRECTION ( 'NONE',  ( -1.000000000000000000, 0.000000000000000000, 0.000000000000000000 ) ) ;
#9081 = PLANE ( 'NONE',  #8591 ) ;
#9082 = CARTESIAN_POINT ( 'NONE',  ( 0.000000000000000000, 0.000000000000000000, 6.999999999999999112 ) ) ;
#9083 = CARTESIAN_POINT ( 'NONE',  ( 14.14213562373103628, -14.14213562373083732, -12.29999999999997407 ) ) ;
#9084 = EDGE_LOOP ( 'NONE', ( #4912 ) ) ;
#9085 = CARTESIAN_POINT ( 'NONE',  ( 0.5900923560882680441, -2.750000000000000444, 7.700000000000000178 ) ) ;
#9086 = VECTOR ( 'NONE', #212, 1000.000000000000000 ) ;
#9087 = ORIENTED_EDGE ( 'NONE', *, *, #8053, .T. ) ;
#9088 = EDGE_CURVE ( 'NONE', #152, #4125, #10082, .T. ) ;
#9089 = EDGE_LOOP ( 'NONE', ( #9198 ) ) ;
#9090 = EDGE_CURVE ( 'NONE', #1766, #1766, #6698, .T. ) ;
#9091 = CARTESIAN_POINT ( 'NONE',  ( 4.730792358877848436, -9.037594106339131628, -13.17616156917599390 ) ) ;
#9092 = FACE_OUTER_BOUND ( 'NONE', #904, .T. ) ;
#9093 = AXIS2_PLACEMENT_3D ( 'NONE', #7787, #412, #10217 ) ;
#9094 = EDGE_LOOP ( 'NONE', ( #6798, #654 ) ) ;
#9095 = EDGE_CURVE ( 'NONE', #3250, #2824, #1596, .T. ) ;
#9096 = ORIENTED_EDGE ( 'NONE', *, *, #8870, .T. ) ;
#9097 = DIRECTION ( 'NONE',  ( 1.000000000000000000, 0.000000000000000000, 0.000000000000000000 ) ) ;
#9098 = ORIENTED_EDGE ( 'NONE', *, *, #7791, .F. ) ;
#9099 = AXIS2_PLACEMENT_3D ( 'NONE', #3255, #4276, #9972 ) ;
#9100 = DIRECTION ( 'NONE',  ( -0.7071067811865421326, -0.7071067811865529018, -2.168404344971009262E-15 ) ) ;
#9101 = LINE ( 'NONE', #8354, #2443 ) ;
#9102 = CARTESIAN_POINT ( 'NONE',  ( 0.000000000000000000, 0.000000000000000000, -9.400000000000000355 ) ) ;
#9103 = AXIS2_PLACEMENT_3D ( 'NONE', #9136, #6540, #974 ) ;
#9104 = DIRECTION ( 'NONE',  ( 1.000000000000000000, 0.000000000000000000, 0.000000000000000000 ) ) ;
#9105 = EDGE_CURVE ( 'NONE', #8341, #8210, #7211, .T. ) ;
#9106 = VERTEX_POINT ( 'NONE', #9460 ) ;
#9107 = EDGE_CURVE ( 'NONE', #9940, #812, #7849, .T. ) ;
#9108 = DIRECTION ( 'NONE',  ( 0.000000000000000000, 1.000000000000000000, 0.000000000000000000 ) ) ;
#9109 = ORIENTED_EDGE ( 'NONE', *, *, #1274, .F. ) ;
#9110 = DIRECTION ( 'NONE',  ( -2.182142263682184963E-15, -8.018483529250563052E-16, 1.000000000000000000 ) ) ;
#9111 = VECTOR ( 'NONE', #666, 1000.000000000000000 ) ;
#9112 = ORIENTED_EDGE ( 'NONE', *, *, #314, .F. ) ;
#9113 = ORIENTED_EDGE ( 'NONE', *, *, #1289, .T. ) ;
#9114 = ORIENTED_EDGE ( 'NONE', *, *, #2669, .T. ) ;
#9115 = EDGE_CURVE ( 'NONE', #6945, #697, #7066, .T. ) ;
#9116 = PLANE ( 'NONE',  #9833 ) ;
#9117 = DIRECTION ( 'NONE',  ( -0.7071067811865570096, 8.659560562355038861E-17, 0.7071067811865380248 ) ) ;
#9118 = CIRCLE ( 'NONE', #5223, 1.999999999999999556 ) ;
#9119 = FACE_OUTER_BOUND ( 'NONE', #3814, .T. ) ;
#9120 = CARTESIAN_POINT ( 'NONE',  ( -4.808326112068479929, -5.868986283848386165, -24.80000000000001492 ) ) ;
#9121 = EDGE_CURVE ( 'NONE', #9060, #1082, #5344, .T. ) ;
#9122 = ADVANCED_FACE ( 'NONE', ( #8072 ), #10247, .F. ) ;
#9123 = ADVANCED_FACE ( 'NONE', ( #2164 ), #7016, .T. ) ;
#9124 = VERTEX_POINT ( 'NONE', #2579 ) ;
#9125 = CARTESIAN_POINT ( 'NONE',  ( 5.824821486132688797, -4.767439941463539554, -26.70701141861998806 ) ) ;
#9126 = CARTESIAN_POINT ( 'NONE',  ( 9.194034422677077600E-14, -9.000000000000007105, -22.40100000000000335 ) ) ;
#9127 = ORIENTED_EDGE ( 'NONE', *, *, #369, .F. ) ;
#9128 = AXIS2_PLACEMENT_3D ( 'NONE', #1721, #5043, #7475 ) ;
#9129 = DIRECTION ( 'NONE',  ( 0.000000000000000000, 0.000000000000000000, 1.000000000000000000 ) ) ;
#9130 = CARTESIAN_POINT ( 'NONE',  ( 1.250000000000000000, 9.000000000000000000, -9.400000000000000355 ) ) ;
#9131 = ORIENTED_EDGE ( 'NONE', *, *, #1294, .F. ) ;
#9132 = ORIENTED_EDGE ( 'NONE', *, *, #8154, .T. ) ;
#9133 = DIRECTION ( 'NONE',  ( 2.089366996454186998E-15, 2.590726239389612347E-16, -1.000000000000000000 ) ) ;
#9134 = CARTESIAN_POINT ( 'NONE',  ( 6.322339707037280654, -9.606175504074199623, -11.72908936271999103 ) ) ;
#9135 = AXIS2_PLACEMENT_3D ( 'NONE', #6803, #10087, #439 ) ;
#9136 = CARTESIAN_POINT ( 'NONE',  ( 6.363961030679040398, 6.363961030679200270, 1.000000000000000000 ) ) ;
#9137 = CARTESIAN_POINT ( 'NONE',  ( 4.897904712471345512, -10.40498319921351644, -11.74391625780099169 ) ) ;
#9138 = CARTESIAN_POINT ( 'NONE',  ( 0.000000000000000000, 0.000000000000000000, 0.9999999999999991118 ) ) ;
#9139 = FACE_OUTER_BOUND ( 'NONE', #10167, .T. ) ;
#9140 = ORIENTED_EDGE ( 'NONE', *, *, #3110, .F. ) ;
#9141 = CARTESIAN_POINT ( 'NONE',  ( 0.000000000000000000, -0.2000000000000000111, 7.299999999999999822 ) ) ;
#9142 = ORIENTED_EDGE ( 'NONE', *, *, #9261, .F. ) ;
#9143 = CARTESIAN_POINT ( 'NONE',  ( 0.3746845402923689727, -1.496962410891656159, 7.700000000000000178 ) ) ;
#9144 = AXIS2_PLACEMENT_3D ( 'NONE', #3552, #1927, #8482 ) ;
#9145 = ORIENTED_EDGE ( 'NONE', *, *, #5779, .T. ) ;
#9146 = EDGE_LOOP ( 'NONE', ( #10052 ) ) ;
#9147 = CARTESIAN_POINT ( 'NONE',  ( -4.553509772130191813, -9.127278213359208081, -13.36901997670601361 ) ) ;
#9148 = DIRECTION ( 'NONE',  ( 1.000000000000000000, 0.000000000000000000, 0.000000000000000000 ) ) ;
#9149 = EDGE_CURVE ( 'NONE', #991, #5650, #6027, .T. ) ;
#9150 = VECTOR ( 'NONE', #4029, 1000.000000000000000 ) ;
#9151 = CARTESIAN_POINT ( 'NONE',  ( 3.181980515339488669, -3.181980515339438931, -27.29999999999999361 ) ) ;
#9152 = EDGE_LOOP ( 'NONE', ( #3765 ) ) ;
#9153 = ORIENTED_EDGE ( 'NONE', *, *, #5859, .F. ) ;
#9154 = DIRECTION ( 'NONE',  ( 0.000000000000000000, 0.000000000000000000, 1.000000000000000000 ) ) ;
#9155 = DIRECTION ( 'NONE',  ( -1.000000000000000000, 0.000000000000000000, 0.000000000000000000 ) ) ;
#9156 = ORIENTED_EDGE ( 'NONE', *, *, #7270, .T. ) ;
#9157 = CARTESIAN_POINT ( 'NONE',  ( 1.005584667363598195, -3.395512396590449899, 7.700000000000000178 ) ) ;
#9158 = DIRECTION ( 'NONE',  ( 7.666547622084402378E-16, 8.031222920256935389E-16, -1.000000000000000000 ) ) ;
#9159 = CARTESIAN_POINT ( 'NONE',  ( 0.000000000000000000, 9.000000000000000000, 0.8000000000000003775 ) ) ;
#9160 = ADVANCED_FACE ( 'NONE', ( #7898, #4698 ), #10332, .T. ) ;
#9161 = DIRECTION ( 'NONE',  ( 0.7071067811865415775, 0.7071067811865535679, 2.299999999999999114E-15 ) ) ;
#9162 = CONICAL_SURFACE ( 'NONE', #1083, 1.250000000000413891, 0.7853981633974497223 ) ;
#9163 = EDGE_CURVE ( 'NONE', #8783, #413, #6269, .T. ) ;
#9164 = ORIENTED_EDGE ( 'NONE', *, *, #1231, .F. ) ;
#9165 = ORIENTED_EDGE ( 'NONE', *, *, #10269, .T. ) ;
#9166 = DIRECTION ( 'NONE',  ( 0.000000000000000000, 0.000000000000000000, -1.000000000000000000 ) ) ;
#9167 = DIRECTION ( 'NONE',  ( -0.7071067811865522357, 0.7071067811865427988, -1.810146235801885321E-15 ) ) ;
#9168 = ORIENTED_EDGE ( 'NONE', *, *, #2976, .F. ) ;
#9169 = CARTESIAN_POINT ( 'NONE',  ( -9.231280351169374399, -4.339082334305340183, -13.54540266655302538 ) ) ;
#9170 = AXIS2_PLACEMENT_3D ( 'NONE', #6222, #2873, #7017 ) ;
#9171 = ORIENTED_EDGE ( 'NONE', *, *, #1700, .F. ) ;
#9172 = CARTESIAN_POINT ( 'NONE',  ( 8.999999999999740652, -2.557954394748249714E-13, 0.9999999999999991118 ) ) ;
#9173 = CARTESIAN_POINT ( 'NONE',  ( -10.58810457219667001, 4.488262889326128047, -11.16982398854302083 ) ) ;
#9174 = ADVANCED_FACE ( 'NONE', ( #586 ), #8012, .F. ) ;
#9175 = CARTESIAN_POINT ( 'NONE',  ( 6.000000000000000000, 3.605551275463995342, 5.000000000000000000 ) ) ;
#9176 = CYLINDRICAL_SURFACE ( 'NONE', #5700, 1.050000000000000044 ) ;
#9177 = AXIS2_PLACEMENT_3D ( 'NONE', #7654, #2933, #2707 ) ;
#9178 = CALENDAR_DATE ( 2026, 28, 1 ) ;
#9179 = FACE_OUTER_BOUND ( 'NONE', #9918, .T. ) ;
#9180 = ORIENTED_EDGE ( 'NONE', *, *, #4289, .T. ) ;
#9181 = ADVANCED_FACE ( 'NONE', ( #9508 ), #10551, .F. ) ;
#9182 = CARTESIAN_POINT ( 'NONE',  ( -0.04999999999999939909, -2.049324200890695113, 7.700000000000000178 ) ) ;
#9183 = CARTESIAN_POINT ( 'NONE',  ( -4.690282937140394459, 4.951843737773061527, -27.11524783002301220 ) ) ;
#9184 = ORIENTED_EDGE ( 'NONE', *, *, #1075, .F. ) ;
#9185 = FACE_OUTER_BOUND ( 'NONE', #7976, .T. ) ;
#9186 = DIRECTION ( 'NONE',  ( 0.000000000000000000, 0.000000000000000000, -1.000000000000000000 ) ) ;
#9187 = CIRCLE ( 'NONE', #1975, 11.00000000000000000 ) ;
#9188 = ADVANCED_FACE ( 'NONE', ( #7328 ), #111, .F. ) ;
#9189 = FACE_OUTER_BOUND ( 'NONE', #10189, .T. ) ;
#9190 = DIRECTION ( 'NONE',  ( 0.000000000000000000, 0.000000000000000000, 1.000000000000000000 ) ) ;
#9191 = VERTEX_POINT ( 'NONE', #1831 ) ;
#9192 = DIRECTION ( 'NONE',  ( 1.000000000000000000, 0.000000000000000000, 0.000000000000000000 ) ) ;
#9193 = VECTOR ( 'NONE', #1863, 1000.000000000000000 ) ;
#9194 = DIRECTION ( 'NONE',  ( -1.000000000000000000, 0.000000000000000000, 0.000000000000000000 ) ) ;
#9195 = ORIENTED_EDGE ( 'NONE', *, *, #10076, .T. ) ;
#9196 = EDGE_LOOP ( 'NONE', ( #3042, #10161, #8324, #6110 ) ) ;
#9197 = CARTESIAN_POINT ( 'NONE',  ( -10.97840985160318006, -0.6888520379748519495, -9.400000000000000355 ) ) ;
#9198 = ORIENTED_EDGE ( 'NONE', *, *, #8335, .T. ) ;
#9199 = CARTESIAN_POINT ( 'NONE',  ( 0.000000000000000000, -9.000000000000000000, 3.000000000000000000 ) ) ;
#9200 = ORIENTED_EDGE ( 'NONE', *, *, #7872, .T. ) ;
#9201 = ORIENTED_EDGE ( 'NONE', *, *, #7587, .F. ) ;
#9202 = CARTESIAN_POINT ( 'NONE',  ( 5.000325411077100490, -8.890261272790025870, -12.30704512486199320 ) ) ;
#9203 = FACE_OUTER_BOUND ( 'NONE', #10528, .T. ) ;
#9204 = DIRECTION ( 'NONE',  ( 0.000000000000000000, 0.000000000000000000, 1.000000000000000000 ) ) ;
#9205 = CARTESIAN_POINT ( 'NONE',  ( -4.808326112068476377, -5.868986283848385277, -26.67232776209101530 ) ) ;
#9206 = ORIENTED_EDGE ( 'NONE', *, *, #3116, .F. ) ;
#9207 = EDGE_LOOP ( 'NONE', ( #6615 ) ) ;
#9208 = CARTESIAN_POINT ( 'NONE',  ( 9.172606243505075696, -4.461459410936090109, -13.45210233311397907 ) ) ;
#9209 = CARTESIAN_POINT ( 'NONE',  ( 0.8554974035779859820, -2.918570247845604815, 7.700000000000000178 ) ) ;
#9210 = CONICAL_SURFACE ( 'NONE', #10545, 2.000000000000000000, 0.7853981633974589371 ) ;
#9211 = EDGE_LOOP ( 'NONE', ( #800 ) ) ;
#9212 = DIRECTION ( 'NONE',  ( -3.131717426292753308E-15, -4.886692933823911531E-16, 1.000000000000000000 ) ) ;
#9213 = LINE ( 'NONE', #1853, #5665 ) ;
#9214 = DIRECTION ( 'NONE',  ( -0.7071067811865522357, 0.7071067811865429098, -1.508455196501571232E-15 ) ) ;
#9215 = AXIS2_PLACEMENT_3D ( 'NONE', #9126, #3301, #8271 ) ;
#9216 = CIRCLE ( 'NONE', #7012, 0.8000000000000003775 ) ;
#9217 = VERTEX_POINT ( 'NONE', #764 ) ;
#9218 = CARTESIAN_POINT ( 'NONE',  ( 8.890261272789985014, 5.000325411077130688, -12.30704512486197899 ) ) ;
#9219 = DIRECTION ( 'NONE',  ( -0.7071067811865522357, 0.7071067811865429098, -1.818814781641097311E-15 ) ) ;
#9220 = ORIENTED_EDGE ( 'NONE', *, *, #4623, .F. ) ;
#9221 = CARTESIAN_POINT ( 'NONE',  ( 10.35615758860342162, -4.999999999998875566, -12.21536382888897876 ) ) ;
#9222 = CYLINDRICAL_SURFACE ( 'NONE', #1115, 1.499999999999999556 ) ;
#9223 = DIRECTION ( 'NONE',  ( 0.000000000000000000, 0.000000000000000000, -1.000000000000000000 ) ) ;
#9224 = DIRECTION ( 'NONE',  ( -0.7071067811865474617, 8.659560562354903276E-17, 0.7071067811865474617 ) ) ;
#9225 = ORIENTED_EDGE ( 'NONE', *, *, #4655, .T. ) ;
#9226 = CONICAL_SURFACE ( 'NONE', #2889, 0.7999999999999999334, 0.7853981633970007481 ) ;
#9227 = ORIENTED_EDGE ( 'NONE', *, *, #3987, .T. ) ;
#9228 = DIRECTION ( 'NONE',  ( -0.7071067811865522357, 0.7071067811865427988, 0.000000000000000000 ) ) ;
#9229 = CIRCLE ( 'NONE', #2032, 9.200000000000001066 ) ;
#9230 = ADVANCED_FACE ( 'NONE', ( #3412 ), #5847, .F. ) ;
#9231 = CARTESIAN_POINT ( 'NONE',  ( -10.78157096135141302, 4.003993684998329528, -13.72147173670202669 ) ) ;
#9232 = CARTESIAN_POINT ( 'NONE',  ( -4.234089883065451789E-14, -8.470242795433640434E-15, -9.400000000000002132 ) ) ;
#9233 = DIRECTION ( 'NONE',  ( -0.000000000000000000, 1.000000000000000000, 0.000000000000000000 ) ) ;
#9234 = DIRECTION ( 'NONE',  ( 0.000000000000000000, 0.000000000000000000, 1.000000000000000000 ) ) ;
#9235 = VECTOR ( 'NONE', #9809, 1000.000000000000114 ) ;
#9236 = DIRECTION ( 'NONE',  ( -0.7071067811865454633, -0.7071067811865497932, -3.469446951953614189E-15 ) ) ;
#9237 = AXIS2_PLACEMENT_3D ( 'NONE', #2518, #9751, #5933 ) ;
#9238 = DIRECTION ( 'NONE',  ( -1.000000000000000000, -1.047445008332813989E-14, 0.000000000000000000 ) ) ;
#9239 = EDGE_CURVE ( 'NONE', #7821, #4820, #8980, .T. ) ;
#9240 = ORIENTED_EDGE ( 'NONE', *, *, #9988, .T. ) ;
#9241 = ORIENTED_EDGE ( 'NONE', *, *, #689, .T. ) ;
#9242 = CARTESIAN_POINT ( 'NONE',  ( -9.757584728047898892, -6.086011853008559847, -27.30000000000003624 ) ) ;
#9243 = CARTESIAN_POINT ( 'NONE',  ( -5.344147335589091163, 6.404807507368820652, -24.38943002389835257 ) ) ;
#9244 = CIRCLE ( 'NONE', #9580, 0.7999999999999996003 ) ;
#9245 = EDGE_CURVE ( 'NONE', #993, #3096, #9922, .T. ) ;
#9246 = LINE ( 'NONE', #1830, #7232 ) ;
#9247 = CARTESIAN_POINT ( 'NONE',  ( -0.5303300858899551162, 0.5303300858898902792, -9.390000000000004121 ) ) ;
#9248 = ORIENTED_EDGE ( 'NONE', *, *, #8439, .F. ) ;
#9249 = ADVANCED_FACE ( 'NONE', ( #5687, #7476 ), #5786, .T. ) ;
#9250 = CARTESIAN_POINT ( 'NONE',  ( 7.584086097662885884, -8.644746269442578068, -24.41324865405198707 ) ) ;
#9251 = ORIENTED_EDGE ( 'NONE', *, *, #5455, .F. ) ;
#9252 = CIRCLE ( 'NONE', #9079, 1.050000000000547828 ) ;
#9253 = ORIENTED_EDGE ( 'NONE', *, *, #8077, .T. ) ;
#9254 = CARTESIAN_POINT ( 'NONE',  ( -4.829212496712304237, 10.43691013647766042, -12.99630200013100989 ) ) ;
#9255 = CARTESIAN_POINT ( 'NONE',  ( 0.000000000000000000, 9.000000000000000000, 0.8000000000000003775 ) ) ;
#9256 = LINE ( 'NONE', #8607, #3459 ) ;
#9257 = FACE_OUTER_BOUND ( 'NONE', #229, .T. ) ;
#9258 = CARTESIAN_POINT ( 'NONE',  ( -0.04999999999999939909, -2.144222209522359979, 7.700000000000000178 ) ) ;
#9259 = VECTOR ( 'NONE', #9497, 1000.000000000000114 ) ;
#9260 = ORIENTED_EDGE ( 'NONE', *, *, #5397, .T. ) ;
#9261 = EDGE_CURVE ( 'NONE', #4239, #9706, #6539, .T. ) ;
#9262 = EDGE_CURVE ( 'NONE', #9911, #3956, #8057, .T. ) ;
#9263 = ORIENTED_EDGE ( 'NONE', *, *, #2112, .F. ) ;
#9264 = AXIS2_PLACEMENT_3D ( 'NONE', #5794, #1027, #5961 ) ;
#9265 = CARTESIAN_POINT ( 'NONE',  ( 9.539334752914015780, -3.613257764340267464, -13.79999999128997956 ) ) ;
#9266 = CARTESIAN_POINT ( 'NONE',  ( 2.121320343559575328, 6.363961030678940922, -22.39999999999999858 ) ) ;
#9267 = ORIENTED_EDGE ( 'NONE', *, *, #10258, .T. ) ;
#9268 = CARTESIAN_POINT ( 'NONE',  ( 7.949999999999328715, -2.557954394748249714E-13, -9.200000000000002842 ) ) ;
#9269 = LINE ( 'NONE', #5775, #731 ) ;
#9270 = CARTESIAN_POINT ( 'NONE',  ( -1.050000000000000044, 9.000000000000000000, 0.8000000000000003775 ) ) ;
#9271 = AXIS2_PLACEMENT_3D ( 'NONE', #6565, #2462, #4907 ) ;
#9272 = CIRCLE ( 'NONE', #4654, 6.500000000000000000 ) ;
#9273 = CARTESIAN_POINT ( 'NONE',  ( -10.97840985160318006, 0.6888520379748489519, 0.9999999999999991118 ) ) ;
#9274 = EDGE_LOOP ( 'NONE', ( #1131, #7029, #671, #1454, #3237, #8090 ) ) ;
#9275 = ORIENTED_EDGE ( 'NONE', *, *, #10212, .F. ) ;
#9276 = DIRECTION ( 'NONE',  ( 0.000000000000000000, 0.000000000000000000, -1.000000000000000000 ) ) ;
#9277 = FACE_OUTER_BOUND ( 'NONE', #7132, .T. ) ;
#9278 = DIRECTION ( 'NONE',  ( 0.000000000000000000, 0.000000000000000000, -1.000000000000000000 ) ) ;
#9279 = EDGE_LOOP ( 'NONE', ( #9011, #5668, #7134, #121 ) ) ;
#9280 = CARTESIAN_POINT ( 'NONE',  ( -9.209555462457766239, -4.384798385522180375, -13.51253806676002611 ) ) ;
#9281 = CARTESIAN_POINT ( 'NONE',  ( -6.500000000000625278, -5.551115123125782702E-14, -27.30000000000002203 ) ) ;
#9282 = CARTESIAN_POINT ( 'NONE',  ( -10.47522870118173621, 4.745553208473844542, -11.46315796662102393 ) ) ;
#9283 = CARTESIAN_POINT ( 'NONE',  ( -5.833630944789019779, 5.833630944789019779, -9.400000000000000355 ) ) ;
#9284 = LOCAL_TIME ( 12, 28, 11.00000000000000000, #2683 ) ;
#9285 = DIRECTION ( 'NONE',  ( 1.000000000000000000, 0.000000000000000000, 0.000000000000000000 ) ) ;
#9286 = CARTESIAN_POINT ( 'NONE',  ( 6.073412998542637276, -8.194733342155943845, -11.29999999999999005 ) ) ;
#9287 = VERTEX_POINT ( 'NONE', #705 ) ;
#9288 = EDGE_LOOP ( 'NONE', ( #2949, #8548, #4629, #10272 ) ) ;
#9289 = CARTESIAN_POINT ( 'NONE',  ( 4.582026060026784364, 9.112956821424576859, -11.26034640310298229 ) ) ;
#9290 = AXIS2_PLACEMENT_3D ( 'NONE', #4982, #7327, #110 ) ;
#9291 = EDGE_CURVE ( 'NONE', #7361, #6887, #163, .T. ) ;
#9292 = DIRECTION ( 'NONE',  ( 0.000000000000000000, 0.000000000000000000, -1.000000000000000000 ) ) ;
#9293 = EDGE_CURVE ( 'NONE', #7788, #8896, #6198, .T. ) ;
#9294 = VERTEX_POINT ( 'NONE', #9452 ) ;
#9295 = CARTESIAN_POINT ( 'NONE',  ( 5.953399550669765894, -7.014059722449487388, -23.79999999999998650 ) ) ;
#9296 = AXIS2_PLACEMENT_3D ( 'NONE', #751, #10484, #5833 ) ;
#9297 = CARTESIAN_POINT ( 'NONE',  ( 0.000000000000000000, 0.000000000000000000, 32.00000000000000000 ) ) ;
#9298 = VECTOR ( 'NONE', #4578, 1000.000000000000114 ) ;
#9299 = EDGE_CURVE ( 'NONE', #5715, #8175, #4932, .T. ) ;
#9300 = VERTEX_POINT ( 'NONE', #1776 ) ;
#9301 = CARTESIAN_POINT ( 'NONE',  ( -4.745553208474063034, 10.47522870118161009, -13.13684203337900769 ) ) ;
#9302 = DIRECTION ( 'NONE',  ( -1.000000000000000000, 0.000000000000000000, 0.000000000000000000 ) ) ;
#9303 = CARTESIAN_POINT ( 'NONE',  ( 6.073412998576582567, -8.194733342136144572, -13.29999999999999005 ) ) ;
#9304 = B_SPLINE_CURVE_WITH_KNOTS ( 'NONE', 3,
 ( #622, #2913, #7096, #8857 ),
 .UNSPECIFIED., .F., .F.,
 ( 4, 4 ),
 ( 0.000000000000000000, 0.0002849325233932095257 ),
 .UNSPECIFIED. ) ;
#9305 = DIRECTION ( 'NONE',  ( -1.487452289516454419E-15, -1.652101818951813923E-15, 1.000000000000000000 ) ) ;
#9306 = FACE_BOUND ( 'NONE', #6753, .T. ) ;
#9307 = ORIENTED_EDGE ( 'NONE', *, *, #5676, .T. ) ;
#9308 = CIRCLE ( 'NONE', #1585, 0.8000000000000003775 ) ;
#9309 = VERTEX_POINT ( 'NONE', #3356 ) ;
#9310 = LINE ( 'NONE', #9520, #454 ) ;
#9311 = CARTESIAN_POINT ( 'NONE',  ( 8.194733342136206744, -6.073412998576483979, -13.29999999999998295 ) ) ;
#9312 = ADVANCED_FACE ( 'NONE', ( #7273 ), #6478, .T. ) ;
#9313 = DIRECTION ( 'NONE',  ( 0.000000000000000000, 0.000000000000000000, 1.000000000000000000 ) ) ;
#9314 = ADVANCED_FACE ( 'NONE', ( #4984 ), #8229, .F. ) ;
#9315 = EDGE_CURVE ( 'NONE', #4854, #2523, #7876, .T. ) ;
#9316 = DIRECTION ( 'NONE',  ( -1.155563491861046085E-15, -2.586500705120551449E-16, 1.000000000000000000 ) ) ;
#9317 = CARTESIAN_POINT ( 'NONE',  ( 8.611541618386109320, 7.112366251504909087E-14, -23.79999999999997939 ) ) ;
#9318 = AXIS2_PLACEMENT_3D ( 'NONE', #5302, #6164, #8396 ) ;
#9319 = FACE_OUTER_BOUND ( 'NONE', #2936, .T. ) ;
#9320 = ORIENTED_EDGE ( 'NONE', *, *, #3435, .F. ) ;
#9321 = CARTESIAN_POINT ( 'NONE',  ( 10.91292892193565400, -3.629958060372891815, -13.79999998943197603 ) ) ;
#9322 = DIRECTION ( 'NONE',  ( -3.130185029406269949E-15, -4.902016902688744135E-16, 1.000000000000000000 ) ) ;
#9323 = CARTESIAN_POINT ( 'NONE',  ( -9.172615430163538974, -4.461440563807560267, -13.45211824519202537 ) ) ;
#9324 = ORIENTED_EDGE ( 'NONE', *, *, #1953, .T. ) ;
#9325 = DIRECTION ( 'NONE',  ( 1.466690475583127252E-15, 2.586500705120579059E-16, -1.000000000000000000 ) ) ;
#9326 = DIRECTION ( 'NONE',  ( 0.000000000000000000, 0.000000000000000000, -1.000000000000000000 ) ) ;
#9327 = CARTESIAN_POINT ( 'NONE',  ( 6.578878888982484519, -6.578878888982379713, -23.79999999999998650 ) ) ;
#9328 = DIRECTION ( 'NONE',  ( -0.6123724356957217507, 0.6123724356957130910, 0.5000000000001886269 ) ) ;
#9329 = VERTEX_POINT ( 'NONE', #816 ) ;
#9330 = PERSON_AND_ORGANIZATION ( #1116, #7063 ) ;
#9331 = DIRECTION ( 'NONE',  ( 2.503619816187389370E-15, 1.762269886699463124E-15, -1.000000000000000000 ) ) ;
#9332 = ORIENTED_EDGE ( 'NONE', *, *, #4811, .F. ) ;
#9333 = ORIENTED_EDGE ( 'NONE', *, *, #7667, .F. ) ;
#9334 = CARTESIAN_POINT ( 'NONE',  ( -1.355497403577985871, -2.040864225982059743, 7.700000000000000178 ) ) ;
#9335 = CARTESIAN_POINT ( 'NONE',  ( 9.569420208833861352, -6.377851357856197723, -11.64482158888097807 ) ) ;
#9336 = AXIS2_PLACEMENT_3D ( 'NONE', #9739, #606, #4947 ) ;
#9337 = DIRECTION ( 'NONE',  ( 0.7071067811865535679, -0.7071067811865415775, 9.742135623731070468E-16 ) ) ;
#9338 = CARTESIAN_POINT ( 'NONE',  ( -7.212489168102834469, 7.212489168102734105, -14.40000000000002167 ) ) ;
#9339 =( BOUNDED_CURVE ( )  B_SPLINE_CURVE ( 2, ( #1936, #9243, #4484 ),
 .UNSPECIFIED., .F., .T. ) 
 B_SPLINE_CURVE_WITH_KNOTS ( ( 3, 3 ),
 ( 0.000000000000000000, 1.000000000000000000 ),
 .UNSPECIFIED. ) 
 CURVE ( )  GEOMETRIC_REPRESENTATION_ITEM ( )  RATIONAL_B_SPLINE_CURVE ( ( 1.000000000000000000, 1.004414555903930140, 1.000000000000000000 ) ) 
 REPRESENTATION_ITEM ( '' )  );
#9340 = PLANE ( 'NONE',  #9318 ) ;
#9341 = DIRECTION ( 'NONE',  ( 0.000000000000000000, 0.000000000000000000, -1.000000000000000000 ) ) ;
#9342 = ORIENTED_EDGE ( 'NONE', *, *, #8838, .T. ) ;
#9343 = AXIS2_PLACEMENT_3D ( 'NONE', #6544, #4006, #651 ) ;
#9344 = CARTESIAN_POINT ( 'NONE',  ( 0.000000000000000000, 9.000000000000000000, 0.000000000000000000 ) ) ;
#9345 = EDGE_CURVE ( 'NONE', #7268, #3378, #4129, .T. ) ;
#9346 = CARTESIAN_POINT ( 'NONE',  ( -6.151828996322964649, -2.050609665441045060, -19.50000000000002132 ) ) ;
#9347 = CARTESIAN_POINT ( 'NONE',  ( -12.53459616788484077, 1.849999999999955014, 3.000000000000000000 ) ) ;
#9348 = EDGE_CURVE ( 'NONE', #4800, #2203, #4220, .T. ) ;
#9349 = CARTESIAN_POINT ( 'NONE',  ( 4.553509772130275302, -9.127278213359131698, -11.23098002329399314 ) ) ;
#9350 = DIRECTION ( 'NONE',  ( 8.367021514799365604E-17, -7.200663182158784094E-16, 1.000000000000000000 ) ) ;
#9351 = AXIS2_PLACEMENT_3D ( 'NONE', #3273, #1579, #2506 ) ;
#9352 = CARTESIAN_POINT ( 'NONE',  ( -4.391641713997662677, -10.62870238457912997, -13.50940754819201572 ) ) ;
#9353 = DIRECTION ( 'NONE',  ( 1.000000000000000000, 0.000000000000000000, 0.000000000000000000 ) ) ;
#9354 = ORIENTED_EDGE ( 'NONE', *, *, #6243, .T. ) ;
#9355 = DIRECTION ( 'NONE',  ( 0.000000000000000000, 0.000000000000000000, -1.000000000000000000 ) ) ;
#9356 = EDGE_CURVE ( 'NONE', #3542, #1672, #9339, .T. ) ;
#9357 = DIRECTION ( 'NONE',  ( 0.000000000000000000, 0.000000000000000000, -1.000000000000000000 ) ) ;
#9358 = CARTESIAN_POINT ( 'NONE',  ( 0.000000000000000000, 0.000000000000000000, 3.000000000000000000 ) ) ;
#9359 = CARTESIAN_POINT ( 'NONE',  ( 3.716920283167171046, 7.388493158315619702, -26.29766626898480197 ) ) ;
#9360 = ORIENTED_EDGE ( 'NONE', *, *, #10131, .F. ) ;
#9361 = CARTESIAN_POINT ( 'NONE',  ( 1.414213562372431454, -5.085786437626810930, -27.30000000000000071 ) ) ;
#9362 = CARTESIAN_POINT ( 'NONE',  ( 3.181980515339485116, -3.181980515339442039, -27.09999999999999432 ) ) ;
#9363 = CIRCLE ( 'NONE', #105, 1.250000000000191847 ) ;
#9364 = DIRECTION ( 'NONE',  ( 0.7071067812027513888, 0.7071067811703437567, 2.330000000032418629E-15 ) ) ;
#9365 = DIRECTION ( 'NONE',  ( 0.000000000000000000, 0.000000000000000000, 1.000000000000000000 ) ) ;
#9366 = DIRECTION ( 'NONE',  ( -5.515513431922667745E-16, -8.484475987562882567E-17, 1.000000000000000000 ) ) ;
#9367 = AXIS2_PLACEMENT_3D ( 'NONE', #4983, #924, #5902 ) ;
#9368 = ORIENTED_EDGE ( 'NONE', *, *, #8338, .T. ) ;
#9369 = CARTESIAN_POINT ( 'NONE',  ( 9.209555462457700514, 4.384798385522168829, -13.51253806675997637 ) ) ;
#9370 = EDGE_CURVE ( 'NONE', #1602, #1602, #855, .T. ) ;
#9371 = DIRECTION ( 'NONE',  ( -3.130185029406269949E-15, -4.902016902688744135E-16, 1.000000000000000000 ) ) ;
#9372 = DIRECTION ( 'NONE',  ( 1.000000000000000000, 0.000000000000000000, 0.000000000000000000 ) ) ;
#9373 = CARTESIAN_POINT ( 'NONE',  ( -8.942095008309546955, 4.907905048204288079, -11.73175504206701980 ) ) ;
#9374 = ORIENTED_EDGE ( 'NONE', *, *, #4334, .F. ) ;
#9375 = CARTESIAN_POINT ( 'NONE',  ( -9.172606243505073920, -4.461459410936247316, -11.14789766688602590 ) ) ;
#9376 = VERTEX_POINT ( 'NONE', #8329 ) ;
#9377 = CARTESIAN_POINT ( 'NONE',  ( 8.076770987745995001, 4.405198112628858631, -20.79999999999998295 ) ) ;
#9378 = CARTESIAN_POINT ( 'NONE',  ( -10.95445115010362080, 3.500000000000020428, -13.80000000000002558 ) ) ;
#9379 = AXIS2_PLACEMENT_3D ( 'NONE', #7741, #10163, #2849 ) ;
#9380 = CIRCLE ( 'NONE', #460, 1.050000000000000044 ) ;
#9381 = CARTESIAN_POINT ( 'NONE',  ( -1.180843325219259025E-14, -2.065001794687548269E-15, -22.40000000000000213 ) ) ;
#9382 = DIRECTION ( 'NONE',  ( -1.000000000000000000, 0.000000000000000000, 0.000000000000000000 ) ) ;
#9383 = DIRECTION ( 'NONE',  ( 0.000000000000000000, 0.000000000000000000, 1.000000000000000000 ) ) ;
#9384 = ORIENTED_EDGE ( 'NONE', *, *, #5359, .T. ) ;
#9385 = CARTESIAN_POINT ( 'NONE',  ( 5.953399550669766782, -7.014059722449487388, -23.89363341178098921 ) ) ;
#9386 = EDGE_CURVE ( 'NONE', #5091, #891, #2222, .T. ) ;
#9387 = CARTESIAN_POINT ( 'NONE',  ( 6.086011853002196936, -9.757584728041534206, -27.29999999999999361 ) ) ;
#9388 = CIRCLE ( 'NONE', #2017, 11.00000000000000000 ) ;
#9389 = CIRCLE ( 'NONE', #1499, 2.449999999999999734 ) ;
#9390 = EDGE_LOOP ( 'NONE', ( #8673, #9670, #4302, #7253, #1002, #2082, #8030 ) ) ;
#9391 = CARTESIAN_POINT ( 'NONE',  ( 4.808326112068468383, 5.868986283848384389, -24.79999999999999005 ) ) ;
#9392 = ORIENTED_EDGE ( 'NONE', *, *, #8657, .F. ) ;
#9393 = CARTESIAN_POINT ( 'NONE',  ( -6.000000000000000000, 3.605551275463990013, 5.000000000000000000 ) ) ;
#9394 = CARTESIAN_POINT ( 'NONE',  ( 9.316575767483030290, -6.743179380493772079, -11.34180289772197803 ) ) ;
#9395 = CARTESIAN_POINT ( 'NONE',  ( 10.53885249846437588, 4.602682622559152392, -13.31872593555397444 ) ) ;
#9396 = VECTOR ( 'NONE', #4877, 1000.000000000000000 ) ;
#9397 = CARTESIAN_POINT ( 'NONE',  ( -0.3884875985454435132, -3.494677254262775090, 7.700000000000000178 ) ) ;
#9398 = CARTESIAN_POINT ( 'NONE',  ( 6.488627325839625648, -9.494692983654548613, -13.08153613424498829 ) ) ;
#9399 = AXIS2_PLACEMENT_3D ( 'NONE', #2013, #6125, #4659 ) ;
#9400 = DIRECTION ( 'NONE',  ( 3.030882154335502291E-15, 5.641916787523942882E-16, -1.000000000000000000 ) ) ;
#9401 = CARTESIAN_POINT ( 'NONE',  ( -1.697668478360125329E-15, -3.230865786510084826E-15, -19.50000000000000355 ) ) ;
#9402 = ORIENTED_EDGE ( 'NONE', *, *, #5254, .T. ) ;
#9403 = AXIS2_PLACEMENT_3D ( 'NONE', #9151, #7542, #6859 ) ;
#9404 = DIRECTION ( 'NONE',  ( 1.233345237791564256E-15, 4.919953083036165133E-16, -1.000000000000000000 ) ) ;
#9405 = CARTESIAN_POINT ( 'NONE',  ( -0.6099076439117319115, -2.750000000000000444, 7.299999999999999822 ) ) ;
#9406 = CARTESIAN_POINT ( 'NONE',  ( -2.071867419369926491E-15, -1.679663816105752115E-15, -23.89363341178100342 ) ) ;
#9407 = CARTESIAN_POINT ( 'NONE',  ( 4.242640687119284770, -4.242640687119255460, -12.29999999999999361 ) ) ;
#9408 = DIRECTION ( 'NONE',  ( 1.000000000000000000, 0.000000000000000000, 0.000000000000000000 ) ) ;
#9409 = EDGE_LOOP ( 'NONE', ( #5196, #5606, #5520, #1488, #2337, #5078 ) ) ;
#9410 = DIRECTION ( 'NONE',  ( -0.7071067811865415775, -0.7071067811865534569, -2.168404344971007685E-15 ) ) ;
#9411 = EDGE_CURVE ( 'NONE', #3429, #6031, #3615, .T. ) ;
#9412 = CIRCLE ( 'NONE', #8567, 1.050000000000547828 ) ;
#9413 = DIRECTION ( 'NONE',  ( 2.960024404117014106E-16, 3.403936626561898508E-16, -1.000000000000000000 ) ) ;
#9414 = VERTEX_POINT ( 'NONE', #6843 ) ;
#9415 = CARTESIAN_POINT ( 'NONE',  ( -1.850000000000000089, -10.84331591350174051, 4.799999999999999822 ) ) ;
#9416 = ORIENTED_EDGE ( 'NONE', *, *, #8439, .T. ) ;
#9417 = LINE ( 'NONE', #4554, #3071 ) ;
#9418 = CARTESIAN_POINT ( 'NONE',  ( -7.014059722449500711, -5.953399550669776552, -20.80000000000001847 ) ) ;
#9419 = DIRECTION ( 'NONE',  ( 1.000000000000000000, 0.000000000000000000, 0.000000000000000000 ) ) ;
#9420 = CIRCLE ( 'NONE', #3961, 6.500000000000000000 ) ;
#9421 = EDGE_CURVE ( 'NONE', #455, #565, #9420, .T. ) ;
#9422 = CARTESIAN_POINT ( 'NONE',  ( 0.000000000000000000, 0.000000000000000000, 6.799999999999999822 ) ) ;
#9423 = CARTESIAN_POINT ( 'NONE',  ( 0.000000000000000000, 2.000000000000000000, 6.999999999999999112 ) ) ;
#9424 = VERTEX_POINT ( 'NONE', #3461 ) ;
#9425 = EDGE_LOOP ( 'NONE', ( #7082, #8505 ) ) ;
#9426 = CARTESIAN_POINT ( 'NONE',  ( 10.37096205700978580, -4.969337435717398499, -12.63818859959197916 ) ) ;
#9427 = CARTESIAN_POINT ( 'NONE',  ( -2.209188309203694356, -0.7363961030679172515, -19.50000000000001776 ) ) ;
#9428 = CARTESIAN_POINT ( 'NONE',  ( -9.253527280921849396, 4.291545164743460816, -11.02356164569202512 ) ) ;
#9429 = CIRCLE ( 'NONE', #6044, 11.50000000000000178 ) ;
#9430 = CARTESIAN_POINT ( 'NONE',  ( -9.112955154030691673, -4.582029351466922584, -11.26035002034902632 ) ) ;
#9431 = ORIENTED_EDGE ( 'NONE', *, *, #70, .T. ) ;
#9432 = EDGE_LOOP ( 'NONE', ( #1321, #5841, #7482, #10203, #10219, #4329, #4619, #8998 ) ) ;
#9433 = EDGE_CURVE ( 'NONE', #1809, #4854, #6738, .T. ) ;
#9434 = AXIS2_PLACEMENT_3D ( 'NONE', #1838, #4335, #1234 ) ;
#9435 = EDGE_CURVE ( 'NONE', #3977, #9777, #7380, .T. ) ;
#9436 = CARTESIAN_POINT ( 'NONE',  ( -3.982483294463547149E-14, -1.506079541106454387E-14, -8.949999999999999289 ) ) ;
#9437 = CARTESIAN_POINT ( 'NONE',  ( 9.580709785814795154, 3.500000000000195399, -13.79999999999997584 ) ) ;
#9438 = VECTOR ( 'NONE', #1225, 1000.000000000000000 ) ;
#9439 = ORIENTED_EDGE ( 'NONE', *, *, #9953, .T. ) ;
#9440 = ORIENTED_EDGE ( 'NONE', *, *, #7136, .T. ) ;
#9441 = DIRECTION ( 'NONE',  ( 0.7071067811865415775, 0.7071067811865535679, 2.109999999999998787E-15 ) ) ;
#9442 = ORIENTED_EDGE ( 'NONE', *, *, #3474, .T. ) ;
#9443 = FACE_OUTER_BOUND ( 'NONE', #9898, .T. ) ;
#9444 = ORIENTED_EDGE ( 'NONE', *, *, #2971, .T. ) ;
#9445 = CARTESIAN_POINT ( 'NONE',  ( 4.998630425066506788, 8.891214607772784717, -12.36890816925498626 ) ) ;
#9446 = CARTESIAN_POINT ( 'NONE',  ( -5.833630944789019779, -5.833630944789019779, 0.9999999999999991118 ) ) ;
#9447 =( GEOMETRIC_REPRESENTATION_CONTEXT ( 3 ) GLOBAL_UNCERTAINTY_ASSIGNED_CONTEXT ( ( #10227 ) ) GLOBAL_UNIT_ASSIGNED_CONTEXT ( ( #8585, #10162, #1058 ) ) REPRESENTATION_CONTEXT ( 'NONE', 'WORKASPACE' ) );
#9448 = ADVANCED_FACE ( 'NONE', ( #376 ), #10069, .T. ) ;
#9449 = EDGE_CURVE ( 'NONE', #8473, #972, #5953, .T. ) ;
#9450 = EDGE_CURVE ( 'NONE', #3204, #120, #682, .T. ) ;
#9451 = CARTESIAN_POINT ( 'NONE',  ( -10.73827272566814983, -4.117319227901017342, -13.67235538796203009 ) ) ;
#9452 = CARTESIAN_POINT ( 'NONE',  ( -0.8846672641501767131, 0.6537307027676592108, -12.40000000000000391 ) ) ;
#9453 = FACE_OUTER_BOUND ( 'NONE', #1824, .T. ) ;
#9454 = LINE ( 'NONE', #4534, #8871 ) ;
#9455 = DIRECTION ( 'NONE',  ( -1.406287075211185119E-16, -4.957673955467699885E-16, 1.000000000000000000 ) ) ;
#9456 = ORIENTED_EDGE ( 'NONE', *, *, #9107, .F. ) ;
#9457 = VECTOR ( 'NONE', #3228, 1000.000000000000000 ) ;
#9458 = LINE ( 'NONE', #1184, #5301 ) ;
#9459 = DIRECTION ( 'NONE',  ( -5.333095244168829616E-16, -4.142135623730904530E-16, 1.000000000000000000 ) ) ;
#9460 = CARTESIAN_POINT ( 'NONE',  ( -10.25000000000044054, 2.546932573555920269E-13, -9.400000000000000355 ) ) ;
#9461 = CARTESIAN_POINT ( 'NONE',  ( 6.914949359503543391, -9.189418128249007722, -11.30000001064898996 ) ) ;
#9462 = VECTOR ( 'NONE', #911, 1000.000000000000000 ) ;
#9463 = LINE ( 'NONE', #1127, #6387 ) ;
#9464 = FACE_OUTER_BOUND ( 'NONE', #881, .T. ) ;
#9465 = EDGE_LOOP ( 'NONE', ( #1758, #7488, #9059, #4371, #270 ) ) ;
#9466 = ORIENTED_EDGE ( 'NONE', *, *, #4721, .F. ) ;
#9467 = CARTESIAN_POINT ( 'NONE',  ( -5.144591483210174232, -4.613763703059220234, -27.06307265268101858 ) ) ;
#9468 = AXIS2_PLACEMENT_3D ( 'NONE', #43, #2311, #8213 ) ;
#9469 = DIRECTION ( 'NONE',  ( 0.000000000000000000, 0.000000000000000000, 1.000000000000000000 ) ) ;
#9470 = DIRECTION ( 'NONE',  ( -3.121320343559646425E-15, -4.990663761154980360E-16, 1.000000000000000000 ) ) ;
#9471 = CYLINDRICAL_SURFACE ( 'NONE', #357, 3.350000000000000089 ) ;
#9472 = FACE_BOUND ( 'NONE', #8682, .T. ) ;
#9473 = CIRCLE ( 'NONE', #550, 3.000000000000000000 ) ;
#9474 = ORIENTED_EDGE ( 'NONE', *, *, #4990, .T. ) ;
#9475 = VERTEX_POINT ( 'NONE', #3670 ) ;
#9476 = CARTESIAN_POINT ( 'NONE',  ( -2.333452377915619991, -0.7778174593052253893, -19.50000000000001066 ) ) ;
#9477 = DIRECTION ( 'NONE',  ( 0.000000000000000000, 0.000000000000000000, 1.000000000000000000 ) ) ;
#9478 = ORIENTED_EDGE ( 'NONE', *, *, #8002, .F. ) ;
#9479 = EDGE_CURVE ( 'NONE', #5125, #4627, #674, .T. ) ;
#9480 = CARTESIAN_POINT ( 'NONE',  ( -9.209545823984941038, -4.384818667895201472, -11.08747651403302292 ) ) ;
#9481 = ORIENTED_EDGE ( 'NONE', *, *, #6942, .F. ) ;
#9482 = CARTESIAN_POINT ( 'NONE',  ( -1.355497403577985871, -2.918570247845604815, 7.700000000000000178 ) ) ;
#9483 = AXIS2_PLACEMENT_3D ( 'NONE', #1282, #476, #4808 ) ;
#9484 = EDGE_CURVE ( 'NONE', #3133, #5531, #1177, .T. ) ;
#9485 = CARTESIAN_POINT ( 'NONE',  ( 3.499999999994522160, -11.49999999999389999, -12.29999999999999893 ) ) ;
#9486 = DIRECTION ( 'NONE',  ( 1.000000000000000000, 0.000000000000000000, 0.000000000000000000 ) ) ;
#9487 = ORIENTED_EDGE ( 'NONE', *, *, #9245, .F. ) ;
#9488 = CARTESIAN_POINT ( 'NONE',  ( -9.757584728047905998, -6.086011853008561623, -24.41324865405202615 ) ) ;
#9489 = EDGE_LOOP ( 'NONE', ( #7251 ) ) ;
#9490 = LINE ( 'NONE', #7095, #6333 ) ;
#9491 = AXIS2_PLACEMENT_3D ( 'NONE', #7751, #3669, #4530 ) ;
#9492 = CARTESIAN_POINT ( 'NONE',  ( -9.757584728047907774, -6.086011853008561623, -23.80000000000002558 ) ) ;
#9493 = ORIENTED_EDGE ( 'NONE', *, *, #5226, .F. ) ;
#9494 = AXIS2_PLACEMENT_3D ( 'NONE', #10156, #1007, #1969 ) ;
#9495 = ADVANCED_FACE ( 'NONE', ( #5299, #8542 ), #6790, .T. ) ;
#9496 = ORIENTED_EDGE ( 'NONE', *, *, #6574, .F. ) ;
#9497 = DIRECTION ( 'NONE',  ( -0.7071067811865474617, 0.7071067811865474617, 0.000000000000000000 ) ) ;
#9498 = PLANE ( 'NONE',  #7716 ) ;
#9499 = AXIS2_PLACEMENT_3D ( 'NONE', #7874, #7783, #3708 ) ;
#9500 = VERTEX_POINT ( 'NONE', #5516 ) ;
#9501 = CARTESIAN_POINT ( 'NONE',  ( 5.986585091342440101, -8.259084641080196576, -13.29999998954099283 ) ) ;
#9502 = CARTESIAN_POINT ( 'NONE',  ( 4.748169116304388204, -4.874526289364351506, -27.12405566886199182 ) ) ;
#9503 = DIRECTION ( 'NONE',  ( 0.000000000000000000, 1.000000000000000000, 0.000000000000000000 ) ) ;
#9504 = ORIENTED_EDGE ( 'NONE', *, *, #4953, .T. ) ;
#9505 = ADVANCED_FACE ( 'NONE', ( #6159 ), #7698, .F. ) ;
#9506 = DIRECTION ( 'NONE',  ( 1.000000000000000000, 0.000000000000000000, 0.000000000000000000 ) ) ;
#9507 = FACE_BOUND ( 'NONE', #4665, .T. ) ;
#9508 = FACE_OUTER_BOUND ( 'NONE', #4039, .T. ) ;
#9509 = CARTESIAN_POINT ( 'NONE',  ( -3.227146297336186195E-15, 6.516428013667707438E-15, -23.80000000000000071 ) ) ;
#9510 = FACE_BOUND ( 'NONE', #795, .T. ) ;
#9511 = CARTESIAN_POINT ( 'NONE',  ( 4.859821627669343336, -10.42268354918187434, -12.93382099012799458 ) ) ;
#9512 = DIRECTION ( 'NONE',  ( -1.000000000000000000, 0.000000000000000000, 0.000000000000000000 ) ) ;
#9513 = VECTOR ( 'NONE', #6521, 1000.000000000000000 ) ;
#9514 = ORIENTED_EDGE ( 'NONE', *, *, #2307, .T. ) ;
#9515 = CARTESIAN_POINT ( 'NONE',  ( 1.414213562372345301, 5.085786437626834022, -27.29999999999999361 ) ) ;
#9516 = CARTESIAN_POINT ( 'NONE',  ( -5.563961030678819419, 6.363961030678660258, 5.000000000000000000 ) ) ;
#9517 = CARTESIAN_POINT ( 'NONE',  ( 1.992844245168575057, 1.014185295938736964, -12.35857864376268722 ) ) ;
#9518 = CARTESIAN_POINT ( 'NONE',  ( -2.121320343559671695, 2.121320343559623733, -22.40000000000000568 ) ) ;
#9519 = VERTEX_POINT ( 'NONE', #9397 ) ;
#9520 = CARTESIAN_POINT ( 'NONE',  ( 5.953399550669639773, 7.014059722449584200, -20.79999999999998650 ) ) ;
#9521 = ORIENTED_EDGE ( 'NONE', *, *, #2563, .T. ) ;
#9522 = DIRECTION ( 'NONE',  ( 0.000000000000000000, 0.000000000000000000, 1.000000000000000000 ) ) ;
#9523 = CARTESIAN_POINT ( 'NONE',  ( -1.322875655532296024, 1.500000000000000000, 10.00000000000000000 ) ) ;
#9524 = CARTESIAN_POINT ( 'NONE',  ( -4.523888436608067387, -9.142016692789448840, -11.20240610521601887 ) ) ;
#9525 = CARTESIAN_POINT ( 'NONE',  ( 4.942734678347480148, 10.38365893413413765, -11.88064204848698502 ) ) ;
#9526 = CARTESIAN_POINT ( 'NONE',  ( 5.978532735505789120, 3.042555887816221105, -12.29999999999998828 ) ) ;
#9527 = ORIENTED_EDGE ( 'NONE', *, *, #10218, .T. ) ;
#9528 = CARTESIAN_POINT ( 'NONE',  ( 9.157129687445618060, 4.493210294610869404, -11.17470578507897727 ) ) ;
#9529 = ORIENTED_EDGE ( 'NONE', *, *, #9115, .T. ) ;
#9530 = AXIS2_PLACEMENT_3D ( 'NONE', #1804, #4414, #1965 ) ;
#9531 = CARTESIAN_POINT ( 'NONE',  ( 0.7778174593051896402, -0.7778174593051992991, -19.50000000000000000 ) ) ;
#9532 = DIRECTION ( 'NONE',  ( 1.388908729652604741E-15, 4.919953083036177952E-16, -1.000000000000000000 ) ) ;
#9533 = CARTESIAN_POINT ( 'NONE',  ( -9.408812943159798436, 3.941344673018615907, -10.85983104393302057 ) ) ;
#9534 = ORIENTED_EDGE ( 'NONE', *, *, #4667, .T. ) ;
#9535 = VERTEX_POINT ( 'NONE', #2692 ) ;
#9536 = CARTESIAN_POINT ( 'NONE',  ( -7.014059722449594858, 5.953399550669653983, -23.89363341178101763 ) ) ;
#9537 = FACE_BOUND ( 'NONE', #7311, .T. ) ;
#9538 = AXIS2_PLACEMENT_3D ( 'NONE', #827, #7382, #7111 ) ;
#9539 = DIRECTION ( 'NONE',  ( -1.155563491861046085E-15, -2.586500705120551449E-16, 1.000000000000000000 ) ) ;
#9540 = ORIENTED_EDGE ( 'NONE', *, *, #3357, .F. ) ;
#9541 = DIRECTION ( 'NONE',  ( -3.131717426292753308E-15, -4.886692933823911531E-16, 1.000000000000000000 ) ) ;
#9542 = EDGE_LOOP ( 'NONE', ( #761 ) ) ;
#9543 = ORIENTED_EDGE ( 'NONE', *, *, #652, .T. ) ;
#9544 = FACE_OUTER_BOUND ( 'NONE', #9896, .T. ) ;
#9545 = PRODUCT_DEFINITION_SHAPE ( 'NONE', 'NONE',  #2066 ) ;
#9546 = ORIENTED_EDGE ( 'NONE', *, *, #7275, .T. ) ;
#9547 = ADVANCED_FACE ( 'NONE', ( #2049 ), #6000, .T. ) ;
#9548 = CARTESIAN_POINT ( 'NONE',  ( 3.613257950236479221, 9.539334685002801351, -13.79999999128998844 ) ) ;
#9549 = VECTOR ( 'NONE', #10192, 1000.000000000000000 ) ;
#9550 = EDGE_CURVE ( 'NONE', #8269, #8269, #3446, .T. ) ;
#9551 = B_SPLINE_CURVE_WITH_KNOTS ( 'NONE', 6,
 ( #4121, #10336, #4701, #7957, #8876, #5591, #592, #9725, #3893, #10394, #1453, #3095, #8822, #8021, #3156, #649, #3948 ),
 .UNSPECIFIED., .F., .F.,
 ( 7, 5, 5, 7 ),
 ( 0.000000000000000000, 0.3701682632150000152, 0.5426676733969999500, 1.000000000000000000 ),
 .UNSPECIFIED. ) ;
#9552 = CARTESIAN_POINT ( 'NONE',  ( -6.086011853008559847, 9.757584728047898892, -27.30000000000001492 ) ) ;
#9553 = EDGE_CURVE ( 'NONE', #995, #785, #5872, .T. ) ;
#9554 = VERTEX_POINT ( 'NONE', #4045 ) ;
#9555 = DIRECTION ( 'NONE',  ( 9.912705577010325352E-15, -1.000000000000000000, 0.000000000000000000 ) ) ;
#9556 = AXIS2_PLACEMENT_3D ( 'NONE', #9765, #10438, #1338 ) ;
#9557 = VECTOR ( 'NONE', #1958, 1000.000000000000000 ) ;
#9558 = FACE_OUTER_BOUND ( 'NONE', #7871, .T. ) ;
#9559 = DIRECTION ( 'NONE',  ( -1.000000000000000000, 0.000000000000000000, 0.000000000000000000 ) ) ;
#9560 = ORIENTED_EDGE ( 'NONE', *, *, #8509, .T. ) ;
#9561 = DIRECTION ( 'NONE',  ( 1.000000000000000000, 1.351599077795221906E-16, 0.000000000000000000 ) ) ;
#9562 = AXIS2_PLACEMENT_3D ( 'NONE', #3813, #7992, #683 ) ;
#9563 = CIRCLE ( 'NONE', #641, 0.1000000000000000194 ) ;
#9564 = DIRECTION ( 'NONE',  ( -6.182342530834563297E-16, -4.848523255675577670E-16, 1.000000000000000000 ) ) ;
#9565 = CARTESIAN_POINT ( 'NONE',  ( 0.000000000000000000, 0.000000000000000000, 7.299999999999999822 ) ) ;
#9566 = EDGE_CURVE ( 'NONE', #4286, #6930, #530, .T. ) ;
#9567 = CARTESIAN_POINT ( 'NONE',  ( 3.629958274926205597, -10.91292885338586771, -13.79999998943199735 ) ) ;
#9568 = DIRECTION ( 'NONE',  ( 1.000000000000000000, 0.000000000000000000, 0.000000000000000000 ) ) ;
#9569 = ORIENTED_EDGE ( 'NONE', *, *, #7282, .T. ) ;
#9570 = CARTESIAN_POINT ( 'NONE',  ( -2.075390556573244893, -1.056194226372465295, -12.40000000000000746 ) ) ;
#9571 = ORIENTED_EDGE ( 'NONE', *, *, #8243, .F. ) ;
#9572 = CARTESIAN_POINT ( 'NONE',  ( -2.121320343559671251, 2.121320343559624177, -22.45857864376269575 ) ) ;
#9573 = CARTESIAN_POINT ( 'NONE',  ( -4.898284846202329845, -4.730409103947744498, -27.12133830928301492 ) ) ;
#9574 = DIRECTION ( 'NONE',  ( 1.000000000000000000, 0.000000000000000000, 0.000000000000000000 ) ) ;
#9575 = CARTESIAN_POINT ( 'NONE',  ( -4.730792358877766723, -9.037594106339213340, -11.42383843082401818 ) ) ;
#9577 = EDGE_CURVE ( 'NONE', #4914, #3429, #2972, .T. ) ;
#9576 = CARTESIAN_POINT ( 'NONE',  ( 4.810145786912753962, 10.44572755166294975, -11.56776443762898943 ) ) ;
#9578 = EDGE_CURVE ( 'NONE', #8276, #3569, #3277, .T. ) ;
#9579 = DIRECTION ( 'NONE',  ( 0.000000000000000000, 0.000000000000000000, -1.000000000000000000 ) ) ;
#9580 = AXIS2_PLACEMENT_3D ( 'NONE', #6761, #8303, #7551 ) ;
#9581 = EDGE_LOOP ( 'NONE', ( #5767, #7545, #1112, #9768 ) ) ;
#9582 = CARTESIAN_POINT ( 'NONE',  ( 9.231272455430428181, 4.339099205869590747, -11.05460834853397678 ) ) ;
#9583 = ORIENTED_EDGE ( 'NONE', *, *, #4213, .F. ) ;
#9584 = DIRECTION ( 'NONE',  ( -1.000000000000000000, 0.000000000000000000, -2.569777054234141349E-15 ) ) ;
#9585 = DIRECTION ( 'NONE',  ( -0.7071067811865412445, -0.7071067811865537900, -4.336808689942016947E-15 ) ) ;
#9586 = AXIS2_PLACEMENT_3D ( 'NONE', #8818, #3089, #9613 ) ;
#9587 = CARTESIAN_POINT ( 'NONE',  ( 10.65146153874169599, 4.336126933478192669, -13.54808005860597397 ) ) ;
#9588 = CARTESIAN_POINT ( 'NONE',  ( 0.000000000000000000, 0.000000000000000000, 1.000000000000000000 ) ) ;
#9589 = VERTEX_POINT ( 'NONE', #630 ) ;
#9590 = AXIS2_PLACEMENT_3D ( 'NONE', #1066, #1883, #973 ) ;
#9591 = ORIENTED_EDGE ( 'NONE', *, *, #614, .T. ) ;
#9592 = CARTESIAN_POINT ( 'NONE',  ( -2.449999999999999734, 0.000000000000000000, 7.299999999999999822 ) ) ;
#9593 = EDGE_LOOP ( 'NONE', ( #5768, #6807, #9251, #3005 ) ) ;
#9594 = DIRECTION ( 'NONE',  ( 1.000000000000000000, 0.000000000000000000, 0.000000000000000000 ) ) ;
#9595 = DIRECTION ( 'NONE',  ( 0.000000000000000000, 0.000000000000000000, 1.000000000000000000 ) ) ;
#9596 = ORIENTED_EDGE ( 'NONE', *, *, #5159, .T. ) ;
#9597 = CARTESIAN_POINT ( 'NONE',  ( 3.725420555295809066, 9.496538698939394507, -13.78973818953598673 ) ) ;
#9598 = DIRECTION ( 'NONE',  ( -2.130801843661360134E-15, -7.604171063012753348E-16, 1.000000000000000000 ) ) ;
#9599 = CYLINDRICAL_SURFACE ( 'NONE', #10456, 1.850000000000000089 ) ;
#9600 = DIRECTION ( 'NONE',  ( -6.182342530834563297E-16, -4.848523255675577670E-16, 1.000000000000000000 ) ) ;
#9601 = EDGE_CURVE ( 'NONE', #9645, #5621, #3720, .T. ) ;
#9602 = VERTEX_POINT ( 'NONE', #2156 ) ;
#9603 = CARTESIAN_POINT ( 'NONE',  ( 9.408812943154003960, 3.941344673028677192, -13.74016895605497623 ) ) ;
#9604 = CARTESIAN_POINT ( 'NONE',  ( 4.997270754622136657, -4.670617836565731373, -27.10363736790099054 ) ) ;
#9605 = FACE_BOUND ( 'NONE', #2977, .T. ) ;
#9606 = ORIENTED_EDGE ( 'NONE', *, *, #3560, .F. ) ;
#9607 = AXIS2_PLACEMENT_3D ( 'NONE', #1080, #4197, #9408 ) ;
#9608 = DIRECTION ( 'NONE',  ( 0.7071067811865535679, -0.7071067811865415775, 1.084213562373107059E-15 ) ) ;
#9609 = EDGE_CURVE ( 'NONE', #455, #2876, #1334, .T. ) ;
#9610 = AXIS2_PLACEMENT_3D ( 'NONE', #8956, #4089, #7989 ) ;
#9611 = CARTESIAN_POINT ( 'NONE',  ( -1.850000000000000089, 0.000000000000000000, 5.000000000000000000 ) ) ;
#9612 = EDGE_CURVE ( 'NONE', #7333, #6084, #3778, .T. ) ;
#9613 = DIRECTION ( 'NONE',  ( 1.031457201932155548E-14, -1.000000000000000000, 0.000000000000000000 ) ) ;
#9614 = DIRECTION ( 'NONE',  ( 0.000000000000000000, 0.000000000000000000, 1.000000000000000000 ) ) ;
#9615 = ADVANCED_FACE ( 'NONE', ( #7149 ), #5011, .F. ) ;
#9616 = PLANE ( 'NONE',  #529 ) ;
#9617 = CARTESIAN_POINT ( 'NONE',  ( -2.121320343559646382, -0.7071067811865654473, -22.40000000000000924 ) ) ;
#9618 = CARTESIAN_POINT ( 'NONE',  ( -8.644746269448368992, 7.584086097668402360, -24.41324865405201905 ) ) ;
#9619 = EDGE_LOOP ( 'NONE', ( #1005, #8744 ) ) ;
#9620 = DIRECTION ( 'NONE',  ( -1.000000000000000000, 0.000000000000000000, 0.000000000000000000 ) ) ;
#9621 = CARTESIAN_POINT ( 'NONE',  ( -3.500000000000251799, 10.95445115010352133, -10.80000000000000426 ) ) ;
#9622 = EDGE_CURVE ( 'NONE', #495, #8570, #2206, .T. ) ;
#9623 = ORIENTED_EDGE ( 'NONE', *, *, #9986, .F. ) ;
#9624 = VERTEX_POINT ( 'NONE', #4635 ) ;
#9625 = FACE_BOUND ( 'NONE', #6029, .T. ) ;
#9626 = CARTESIAN_POINT ( 'NONE',  ( -4.191262062583163583, -9.299281342802977690, -10.96750786747401385 ) ) ;
#9627 = CARTESIAN_POINT ( 'NONE',  ( 4.752492098729918624, 10.47207762060619274, -13.12629511623598511 ) ) ;
#9628 = ORIENTED_EDGE ( 'NONE', *, *, #5081, .T. ) ;
#9629 = DIRECTION ( 'NONE',  ( 1.000000000000000000, 0.000000000000000000, 0.000000000000000000 ) ) ;
#9630 = ORIENTED_EDGE ( 'NONE', *, *, #10309, .T. ) ;
#9631 = AXIS2_PLACEMENT_3D ( 'NONE', #1651, #1708, #1303 ) ;
#9632 = CARTESIAN_POINT ( 'NONE',  ( -9.039764345786561961, 4.726508297589389507, -13.18086969105802275 ) ) ;
#9633 = EDGE_CURVE ( 'NONE', #4812, #6686, #1372, .T. ) ;
#9634 = ORIENTED_EDGE ( 'NONE', *, *, #9983, .T. ) ;
#9635 = EDGE_CURVE ( 'NONE', #1706, #2596, #9711, .T. ) ;
#9636 = CARTESIAN_POINT ( 'NONE',  ( -1.153074931050557250, -6.608359721094404726, -9.500000000000014211 ) ) ;
#9637 = DIRECTION ( 'NONE',  ( -1.388908729652604544E-15, -4.919953083036178938E-16, 1.000000000000000000 ) ) ;
#9638 = CARTESIAN_POINT ( 'NONE',  ( 10.41701629594636636, 4.871965794508064995, -12.90749707758697618 ) ) ;
#9639 = VECTOR ( 'NONE', #5477, 1000.000000000000114 ) ;
#9640 = DIRECTION ( 'NONE',  ( -2.185336624966941940E-15, -7.986539916402993281E-16, 1.000000000000000000 ) ) ;
#9641 = EDGE_LOOP ( 'NONE', ( #10128 ) ) ;
#9642 = VERTEX_POINT ( 'NONE', #4971 ) ;
#9643 = DIRECTION ( 'NONE',  ( -3.110185550058225992E-15, -5.102011696169179760E-16, 1.000000000000000000 ) ) ;
#9644 = DIRECTION ( 'NONE',  ( -2.291641169988090159E-16, 1.000000000000000000, 0.000000000000000000 ) ) ;
#9645 = VERTEX_POINT ( 'NONE', #4043 ) ;
#9646 = DIRECTION ( 'NONE',  ( 1.000000000000000000, 0.000000000000000000, 0.000000000000000000 ) ) ;
#9647 = ADVANCED_FACE ( 'NONE', ( #10541, #8117 ), #9070, .T. ) ;
#9648 = EDGE_LOOP ( 'NONE', ( #4764 ) ) ;
#9649 = CONICAL_SURFACE ( 'NONE', #3838, 1.250000000000199840, 0.7853981633974490562 ) ;
#9650 = DIRECTION ( 'NONE',  ( -0.7071067811865520136, 0.7071067811865430208, -2.013518320330222239E-15 ) ) ;
#9651 = DIRECTION ( 'NONE',  ( -0.7071067811865522357, 0.7071067811865427988, -1.601283208593975810E-15 ) ) ;
#9652 = ADVANCED_FACE ( 'NONE', ( #6579 ), #913, .F. ) ;
#9653 = ORIENTED_EDGE ( 'NONE', *, *, #9712, .F. ) ;
#9654 = CARTESIAN_POINT ( 'NONE',  ( 4.992262405482612131, 8.894794764453296310, -12.07004942403998626 ) ) ;
#9655 = CARTESIAN_POINT ( 'NONE',  ( -10.43691013647769950, -4.829212496712274927, -12.99630200013102765 ) ) ;
#9656 = AXIS2_PLACEMENT_3D ( 'NONE', #3989, #8003, #1500 ) ;
#9657 = VERTEX_POINT ( 'NONE', #1495 ) ;
#9658 = CARTESIAN_POINT ( 'NONE',  ( 4.664390452583425883, -5.009927747226457839, -27.10074158624898999 ) ) ;
#9659 = CARTESIAN_POINT ( 'NONE',  ( 2.227853898075450947E-15, 4.829649719095245910E-15, -23.80000000000000071 ) ) ;
#9660 = CARTESIAN_POINT ( 'NONE',  ( 1.850000000000000089, 0.000000000000000000, 5.000000000000000000 ) ) ;
#9661 = ORIENTED_EDGE ( 'NONE', *, *, #1043, .T. ) ;
#9662 = LINE ( 'NONE', #3885, #8014 ) ;
#9663 = LINE ( 'NONE', #7209, #2192 ) ;
#9664 = VECTOR ( 'NONE', #2678, 1000.000000000000000 ) ;
#9665 = CARTESIAN_POINT ( 'NONE',  ( -4.491741413305253339, 10.58663180925224090, -11.17282629887500889 ) ) ;
#9666 = DIRECTION ( 'NONE',  ( -1.000000000000000000, 0.000000000000000000, 0.000000000000000000 ) ) ;
#9667 = DIRECTION ( 'NONE',  ( 0.000000000000000000, 0.000000000000000000, 1.000000000000000000 ) ) ;
#9668 = CARTESIAN_POINT ( 'NONE',  ( 0.7071067811865188180, 2.121320343559645494, -22.40000000000000568 ) ) ;
#9669 = CARTESIAN_POINT ( 'NONE',  ( -10.95445115010362080, 3.500000000000020428, -13.80000000000002558 ) ) ;
#9670 = ORIENTED_EDGE ( 'NONE', *, *, #1687, .T. ) ;
#9671 = DIRECTION ( 'NONE',  ( 0.000000000000000000, 0.000000000000000000, -1.000000000000000000 ) ) ;
#9672 = CIRCLE ( 'NONE', #1961, 7.630127018922000737 ) ;
#9673 = ADVANCED_FACE ( 'NONE', ( #9761 ), #4140, .F. ) ;
#9674 = VERTEX_POINT ( 'NONE', #6630 ) ;
#9675 = CARTESIAN_POINT ( 'NONE',  ( 0.8000000000000000444, 1.500000000000000000, 32.00000000000000000 ) ) ;
#9676 = ADVANCED_FACE ( 'NONE', ( #4208, #8864 ), #7467, .T. ) ;
#9677 = CARTESIAN_POINT ( 'NONE',  ( -4.874526289364351506, -4.748169116304388204, -27.12405566886201669 ) ) ;
#9678 = ORIENTED_EDGE ( 'NONE', *, *, #4264, .T. ) ;
#9679 = ORIENTED_EDGE ( 'NONE', *, *, #5655, .T. ) ;
#9680 = LINE ( 'NONE', #1459, #5399 ) ;
#9681 = CARTESIAN_POINT ( 'NONE',  ( -7.584086097669117343, -8.644746269449072429, -24.41324865405202260 ) ) ;
#9682 = CARTESIAN_POINT ( 'NONE',  ( 4.830306952750508032, 10.43640145249949214, -12.99406793739398580 ) ) ;
#9683 = AXIS2_PLACEMENT_3D ( 'NONE', #8357, #9906, #7501 ) ;
#9684 = CARTESIAN_POINT ( 'NONE',  ( -4.768311880340951880, -10.46490192072466208, -11.49744920562101314 ) ) ;
#9685 = EDGE_LOOP ( 'NONE', ( #2044 ) ) ;
#9686 = EDGE_CURVE ( 'NONE', #7122, #3687, #2059, .T. ) ;
#9687 = FACE_OUTER_BOUND ( 'NONE', #1148, .T. ) ;
#9688 = ORIENTED_EDGE ( 'NONE', *, *, #2062, .T. ) ;
#9689 = VERTEX_POINT ( 'NONE', #4918 ) ;
#9690 = DIRECTION ( 'NONE',  ( -1.048895622013371374E-15, -1.935094994593850567E-15, 1.000000000000000000 ) ) ;
#9691 = VECTOR ( 'NONE', #6380, 1000.000000000000000 ) ;
#9692 = CARTESIAN_POINT ( 'NONE',  ( -0.8375558018636702906, 0.6189173773547840263, -9.400000000000000355 ) ) ;
#9693 = CARTESIAN_POINT ( 'NONE',  ( -4.870373184234967567, 4.750511142798869102, -27.12487665225701150 ) ) ;
#9694 = CARTESIAN_POINT ( 'NONE',  ( 10.35892425387448590, 4.994269506992452534, -12.46926727858997275 ) ) ;
#9695 = CARTESIAN_POINT ( 'NONE',  ( 10.64037123412524011, 1.850000000000110001, 5.000000000000000000 ) ) ;
#9696 = DIRECTION ( 'NONE',  ( -1.070710678118655561E-15, -8.101933598375615524E-16, 1.000000000000000000 ) ) ;
#9697 = AXIS2_PLACEMENT_3D ( 'NONE', #2349, #9050, #5004 ) ;
#9698 = CARTESIAN_POINT ( 'NONE',  ( 0.1499999999999999944, -2.299999999999999822, 7.700000000000000178 ) ) ;
#9699 = VERTEX_POINT ( 'NONE', #9816 ) ;
#9700 = EDGE_CURVE ( 'NONE', #487, #5791, #2474, .T. ) ;
#9701 = LINE ( 'NONE', #9750, #1452 ) ;
#9702 = ORIENTED_EDGE ( 'NONE', *, *, #10210, .F. ) ;
#9703 = CARTESIAN_POINT ( 'NONE',  ( -5.796685582895944044, 2.125112707673962653, -24.80000000000001137 ) ) ;
#9704 = FACE_OUTER_BOUND ( 'NONE', #7562, .T. ) ;
#9705 = ORIENTED_EDGE ( 'NONE', *, *, #2430, .T. ) ;
#9706 = VERTEX_POINT ( 'NONE', #5834 ) ;
#9707 = DIRECTION ( 'NONE',  ( 1.000000000000000000, 0.000000000000000000, 0.000000000000000000 ) ) ;
#9708 = EDGE_LOOP ( 'NONE', ( #4658 ) ) ;
#9709 = AXIS2_PLACEMENT_3D ( 'NONE', #9362, #5972, #6023 ) ;
#9710 = CARTESIAN_POINT ( 'NONE',  ( 1.134451995881007313, 1.500000000000000000, 31.82463053613946613 ) ) ;
#9711 = LINE ( 'NONE', #1547, #6036 ) ;
#9712 = EDGE_CURVE ( 'NONE', #5438, #7390, #9018, .T. ) ;
#9713 = VERTEX_POINT ( 'NONE', #2371 ) ;
#9714 = CARTESIAN_POINT ( 'NONE',  ( 5.851782316808799678, -4.791450894970461505, -26.68618552639199137 ) ) ;
#9715 = CARTESIAN_POINT ( 'NONE',  ( 0.000000000000000000, 2.000000000000000000, 7.299999999999998934 ) ) ;
#9716 = EDGE_LOOP ( 'NONE', ( #6443 ) ) ;
#9717 = ORIENTED_EDGE ( 'NONE', *, *, #6363, .F. ) ;
#9718 = B_SPLINE_CURVE_WITH_KNOTS ( 'NONE', 6,
 ( #10015, #5351, #2689, #6054, #5245, #5197, #8590, #324, #1064, #7630, #1983, #419, #3611, #4374, #10115, #9289, #6100, #2257, #3766, #7100, #9654, #3928, #7055, #527, #8860, #9445, #4633, #3819, #10373, #6208, #7887, #1379, #10226, #2152, #7941, #10274, #10428, #5572, #10318, #6300, #1489, #7196, #8746, #2100, #9597, #9548, #2966 ),
 .UNSPECIFIED., .F., .F.,
 ( 7, 5, 5, 5, 5, 5, 5, 5, 5, 7 ),
 ( 0.000000000000000000, 0.1289863421840000135, 0.1997478920540000091, 0.2526862809539999755, 0.4869572611770000004, 0.5213667378570000510, 0.7473419888669999844, 0.8002681943750000748, 0.8710281004669999660, 1.000000000000000000 ),
 .UNSPECIFIED. ) ;
#9719 = DIRECTION ( 'NONE',  ( 0.000000000000000000, 0.000000000000000000, -1.000000000000000000 ) ) ;
#9720 = CIRCLE ( 'NONE', #6673, 1.850000000000000089 ) ;
#9721 = DIRECTION ( 'NONE',  ( 0.7071067811865480168, 0.7071067811865470176, 0.000000000000000000 ) ) ;
#9722 = AXIS2_PLACEMENT_3D ( 'NONE', #5040, #10016, #5138 ) ;
#9723 = CARTESIAN_POINT ( 'NONE',  ( 3.499999999999924061, 9.580709785814672586, -10.79999999999999005 ) ) ;
#9724 = CARTESIAN_POINT ( 'NONE',  ( 4.745553208467630846, -10.47522870117525962, -13.13684203337899348 ) ) ;
#9725 = CARTESIAN_POINT ( 'NONE',  ( 9.514859232722507443, -6.459062236431198478, -13.05280757136798186 ) ) ;
#9726 = VERTEX_POINT ( 'NONE', #1712 ) ;
#9727 = CARTESIAN_POINT ( 'NONE',  ( -0.1499999999999999944, -2.299999999999999822, 7.700000000000000178 ) ) ;
#9728 = AXIS2_PLACEMENT_3D ( 'NONE', #4369, #1059, #4524 ) ;
#9729 = FACE_OUTER_BOUND ( 'NONE', #6936, .T. ) ;
#9730 = ORIENTED_EDGE ( 'NONE', *, *, #9601, .F. ) ;
#9731 = VERTEX_POINT ( 'NONE', #2785 ) ;
#9732 = DIRECTION ( 'NONE',  ( -2.213214687088457842E-15, -7.707759295187840174E-16, 1.000000000000000000 ) ) ;
#9733 = ORIENTED_EDGE ( 'NONE', *, *, #5722, .F. ) ;
#9734 = PLANE ( 'NONE',  #5862 ) ;
#9735 = CARTESIAN_POINT ( 'NONE',  ( 4.488262884145830967, 10.58810457441694020, -11.16982398361598605 ) ) ;
#9736 = AXIS2_PLACEMENT_3D ( 'NONE', #6454, #9690, #8948 ) ;
#9737 = AXIS2_PLACEMENT_3D ( 'NONE', #9102, #2940, #9574 ) ;
#9738 = VERTEX_POINT ( 'NONE', #10007 ) ;
#9739 = CARTESIAN_POINT ( 'NONE',  ( -1.198520994748922511E-14, -2.369057710597765959E-15, -22.40000000000000213 ) ) ;
#9740 = CARTESIAN_POINT ( 'NONE',  ( -9.590163773909265425E-15, -3.547880220536835955E-15, -22.89999999999999858 ) ) ;
#9741 = CARTESIAN_POINT ( 'NONE',  ( 9.157136858707707106, -4.493195736987642519, -11.17469264389998251 ) ) ;
#9742 = EDGE_CURVE ( 'NONE', #565, #2838, #8529, .T. ) ;
#9743 = EDGE_LOOP ( 'NONE', ( #8443, #1739, #554, #8740 ) ) ;
#9744 = LINE ( 'NONE', #4083, #5433 ) ;
#9745 = CARTESIAN_POINT ( 'NONE',  ( -5.272605052030235662, 4.590407042250721936, -27.01663450024001278 ) ) ;
#9746 = CARTESIAN_POINT ( 'NONE',  ( 10.52175953570177747, 4.641636258039467222, -11.32477526869297257 ) ) ;
#9747 = CIRCLE ( 'NONE', #6353, 0.8000000000000003775 ) ;
#9748 = CARTESIAN_POINT ( 'NONE',  ( -6.363961030678281006, -6.363961030679200270, 1.000000000000000000 ) ) ;
#9749 = ORIENTED_EDGE ( 'NONE', *, *, #2870, .T. ) ;
#9750 = CARTESIAN_POINT ( 'NONE',  ( -11.49999999999965183, 3.500000000000013323, -10.80000000000002558 ) ) ;
#9751 = DIRECTION ( 'NONE',  ( -2.118774781972101224E-15, -7.693045827672462156E-16, 1.000000000000000000 ) ) ;
#9752 = FACE_OUTER_BOUND ( 'NONE', #6743, .T. ) ;
#9753 = ORIENTED_EDGE ( 'NONE', *, *, #10172, .F. ) ;
#9754 = AXIS2_PLACEMENT_3D ( 'NONE', #7116, #6311, #2928 ) ;
#9755 = ORIENTED_EDGE ( 'NONE', *, *, #524, .T. ) ;
#9756 = FACE_BOUND ( 'NONE', #6600, .T. ) ;
#9757 = ADVANCED_FACE ( 'NONE', ( #5287 ), #318, .T. ) ;
#9758 = EDGE_CURVE ( 'NONE', #3204, #9009, #491, .T. ) ;
#9759 = CARTESIAN_POINT ( 'NONE',  ( 0.000000000000000000, 1.850000000000000089, 7.799999999999999822 ) ) ;
#9760 = FACE_OUTER_BOUND ( 'NONE', #1676, .T. ) ;
#9761 = FACE_OUTER_BOUND ( 'NONE', #2115, .T. ) ;
#9762 = AXIS2_PLACEMENT_3D ( 'NONE', #3600, #4314, #8316 ) ;
#9763 = CARTESIAN_POINT ( 'NONE',  ( 2.616295090390197586, 2.616295090390246880, -24.79999999999999716 ) ) ;
#9764 = CARTESIAN_POINT ( 'NONE',  ( -5.636780747937753411, -6.030481141640286147, 0.9999999999999991118 ) ) ;
#9765 = CARTESIAN_POINT ( 'NONE',  ( 1.738233764908631709E-30, 2.982337649086365990E-31, -27.30000000000000071 ) ) ;
#9766 = ORIENTED_EDGE ( 'NONE', *, *, #4886, .F. ) ;
#9767 = DIRECTION ( 'NONE',  ( 2.414213562373099483E-15, 4.142135623731063781E-16, -1.000000000000000000 ) ) ;
#9768 = ORIENTED_EDGE ( 'NONE', *, *, #2680, .F. ) ;
#9769 = EDGE_CURVE ( 'NONE', #7122, #6397, #1765, .T. ) ;
#9770 = PLANE ( 'NONE',  #1490 ) ;
#9771 = ADVANCED_FACE ( 'NONE', ( #2682 ), #7621, .F. ) ;
#9772 = CARTESIAN_POINT ( 'NONE',  ( 11.49999999999391775, -3.499999999994369393, -12.29999999999997407 ) ) ;
#9773 = DIRECTION ( 'NONE',  ( 1.000000000000000000, 0.000000000000000000, 0.000000000000000000 ) ) ;
#9774 = CARTESIAN_POINT ( 'NONE',  ( 2.655634918610409313E-31, 4.556349186104169898E-32, -27.30000000000000071 ) ) ;
#9775 = LOCAL_TIME ( 12, 28, 11.00000000000000000, #4428 ) ;
#9776 = DIRECTION ( 'NONE',  ( -3.369008334531498856E-15, -4.069418770046891462E-16, 1.000000000000000000 ) ) ;
#9777 = VERTEX_POINT ( 'NONE', #8375 ) ;
#9778 = CARTESIAN_POINT ( 'NONE',  ( -0.6099076439117319115, -2.750000000000000444, 7.700000000000000178 ) ) ;
#9779 = CARTESIAN_POINT ( 'NONE',  ( -3.526878005889328094, 4.587538177669072681, -24.80000000000000782 ) ) ;
#9780 = CARTESIAN_POINT ( 'NONE',  ( -4.922667785323021405, -4.713913591005656656, -27.11776946302201807 ) ) ;
#9781 = DIRECTION ( 'NONE',  ( 0.000000000000000000, 0.000000000000000000, -1.000000000000000000 ) ) ;
#9782 = ORIENTED_EDGE ( 'NONE', *, *, #6496, .F. ) ;
#9783 = LINE ( 'NONE', #4012, #1930 ) ;
#9784 = ORIENTED_EDGE ( 'NONE', *, *, #3278, .F. ) ;
#9785 = CARTESIAN_POINT ( 'NONE',  ( -5.093865147111840539E-13, -9.000000000000000000, -9.199999999999999289 ) ) ;
#9786 = CYLINDRICAL_SURFACE ( 'NONE', #5950, 0.8000000000000003775 ) ;
#9787 = AXIS2_PLACEMENT_3D ( 'NONE', #2831, #10049, #6129 ) ;
#9788 = DIRECTION ( 'NONE',  ( -3.219071604286466803E-15, -4.013151153886790878E-16, 1.000000000000000000 ) ) ;
#9789 = ORIENTED_EDGE ( 'NONE', *, *, #8481, .T. ) ;
#9790 = DIRECTION ( 'NONE',  ( 1.000000000000000000, 0.000000000000000000, 0.000000000000000000 ) ) ;
#9791 = ORIENTED_EDGE ( 'NONE', *, *, #2039, .T. ) ;
#9792 = CARTESIAN_POINT ( 'NONE',  ( -3.766946802683677209, -7.438519677829827259, -24.39358317063202719 ) ) ;
#9793 = DIRECTION ( 'NONE',  ( -9.912705577010325352E-15, 1.000000000000000000, 0.000000000000000000 ) ) ;
#9794 = VERTEX_POINT ( 'NONE', #2629 ) ;
#9795 = CARTESIAN_POINT ( 'NONE',  ( -9.276216409869991963, -4.242257122733883001, -10.99449196777202786 ) ) ;
#9796 = VECTOR ( 'NONE', #5058, 1000.000000000000000 ) ;
#9797 = CARTESIAN_POINT ( 'NONE',  ( 3.499999999994330313, 10.95445115009792403, -10.79999999999998650 ) ) ;
#9798 = CYLINDRICAL_SURFACE ( 'NONE', #7888, 1.850000000000000089 ) ;
#9799 = FACE_OUTER_BOUND ( 'NONE', #440, .T. ) ;
#9800 = DIRECTION ( 'NONE',  ( 0.000000000000000000, 0.000000000000000000, 1.000000000000000000 ) ) ;
#9801 = DIRECTION ( 'NONE',  ( -0.7071067811865520136, 0.7071067811865430208, 1.700709290173340163E-16 ) ) ;
#9802 = AXIS2_PLACEMENT_3D ( 'NONE', #50, #8916, #8315 ) ;
#9803 = VERTEX_POINT ( 'NONE', #9120 ) ;
#9804 = FACE_OUTER_BOUND ( 'NONE', #6037, .T. ) ;
#9805 = EDGE_LOOP ( 'NONE', ( #188 ) ) ;
#9806 = EDGE_CURVE ( 'NONE', #61, #5145, #5186, .T. ) ;
#9807 = CARTESIAN_POINT ( 'NONE',  ( -5.085786437626810930, -1.414213562372431454, -27.30000000000001847 ) ) ;
#9808 = ORIENTED_EDGE ( 'NONE', *, *, #1575, .F. ) ;
#9809 = DIRECTION ( 'NONE',  ( -0.7071067811865474617, 0.7071067811865474617, 0.000000000000000000 ) ) ;
#9810 = EDGE_CURVE ( 'NONE', #6008, #972, #5179, .T. ) ;
#9811 = ORIENTED_EDGE ( 'NONE', *, *, #1810, .T. ) ;
#9812 = LINE ( 'NONE', #5026, #4040 ) ;
#9813 = DIRECTION ( 'NONE',  ( -0.7071067811865535679, 0.7071067811865415775, -1.414213562373107097E-15 ) ) ;
#9814 = ADVANCED_FACE ( 'NONE', ( #1011 ), #4473, .F. ) ;
#9815 = AXIS2_PLACEMENT_3D ( 'NONE', #2076, #9522, #8617 ) ;
#9816 = CARTESIAN_POINT ( 'NONE',  ( -8.076770987746094477, 4.405198112628722740, -23.89363341178102118 ) ) ;
#9817 = CARTESIAN_POINT ( 'NONE',  ( -0.7071067811865944241, 0.7071067811865253683, -8.950000000000001066 ) ) ;
#9818 = CARTESIAN_POINT ( 'NONE',  ( 8.890608443196962085, 4.999708280297721075, -12.25639688240097946 ) ) ;
#9819 = CARTESIAN_POINT ( 'NONE',  ( 1.250000000000033973, -9.000000000000000000, 0.9999999999999991118 ) ) ;
#9820 = DIRECTION ( 'NONE',  ( 0.000000000000000000, 0.000000000000000000, 1.000000000000000000 ) ) ;
#9821 = EDGE_CURVE ( 'NONE', #2203, #2596, #500, .T. ) ;
#9822 = ORIENTED_EDGE ( 'NONE', *, *, #8602, .T. ) ;
#9823 = DIRECTION ( 'NONE',  ( 0.000000000000000000, 0.000000000000000000, -1.000000000000000000 ) ) ;
#9824 = VERTEX_POINT ( 'NONE', #3653 ) ;
#9825 = ORIENTED_EDGE ( 'NONE', *, *, #1661, .F. ) ;
#9826 = AXIS2_PLACEMENT_3D ( 'NONE', #2388, #9620, #5690 ) ;
#9827 = CARTESIAN_POINT ( 'NONE',  ( -9.757584728048010803, 6.086011853008393757, -23.80000000000002203 ) ) ;
#9828 = LINE ( 'NONE', #1668, #8248 ) ;
#9829 = DIRECTION ( 'NONE',  ( -0.7071067811865532349, 0.7071067811865419106, -1.196361017915039437E-15 ) ) ;
#9830 = EDGE_CURVE ( 'NONE', #9933, #10548, #9915, .T. ) ;
#9831 = ORIENTED_EDGE ( 'NONE', *, *, #6767, .T. ) ;
#9832 = FACE_OUTER_BOUND ( 'NONE', #4135, .T. ) ;
#9833 = AXIS2_PLACEMENT_3D ( 'NONE', #4042, #6527, #5725 ) ;
#9834 = DIRECTION ( 'NONE',  ( -0.7071067811865535679, 0.7071067811865415775, -1.414213562373107097E-15 ) ) ;
#9835 = DIRECTION ( 'NONE',  ( 0.000000000000000000, 0.000000000000000000, 1.000000000000000000 ) ) ;
#9836 = ORIENTED_EDGE ( 'NONE', *, *, #3561, .F. ) ;
#9837 = CARTESIAN_POINT ( 'NONE',  ( 4.992262405482764898, -8.894794764453223479, -12.52995057595999384 ) ) ;
#9838 = CARTESIAN_POINT ( 'NONE',  ( 1.050000000000000044, 9.000000000000000000, -9.200000000000006395 ) ) ;
#9839 = CARTESIAN_POINT ( 'NONE',  ( -1.850000000000000089, 9.000000000000000000, 3.000000000000000000 ) ) ;
#9840 = AXIS2_PLACEMENT_3D ( 'NONE', #127, #9889, #9148 ) ;
#9841 = ORIENTED_EDGE ( 'NONE', *, *, #7657, .F. ) ;
#9842 = CARTESIAN_POINT ( 'NONE',  ( -3.500000000000233147, 9.580709785814821799, -13.80000000000000604 ) ) ;
#9843 = EDGE_LOOP ( 'NONE', ( #2346 ) ) ;
#9844 = EDGE_LOOP ( 'NONE', ( #8227, #5220, #5509, #1378 ) ) ;
#9845 = EDGE_CURVE ( 'NONE', #7629, #396, #6545, .T. ) ;
#9846 = DIRECTION ( 'NONE',  ( 0.000000000000000000, 0.000000000000000000, 1.000000000000000000 ) ) ;
#9847 = AXIS2_PLACEMENT_3D ( 'NONE', #4757, #8013, #3889 ) ;
#9848 = CARTESIAN_POINT ( 'NONE',  ( -3.181980515339435378, -3.181980515339493110, -27.10000000000000853 ) ) ;
#9849 = CARTESIAN_POINT ( 'NONE',  ( 10.84331591350171919, 1.850000000000115108, 4.799999999999999822 ) ) ;
#9850 = CARTESIAN_POINT ( 'NONE',  ( 1.843143693225354777E-15, 11.66726188957802002, -9.400025000000001185 ) ) ;
#9851 = ORIENTED_EDGE ( 'NONE', *, *, #6666, .F. ) ;
#9852 = DIRECTION ( 'NONE',  ( 0.000000000000000000, 0.000000000000000000, 1.000000000000000000 ) ) ;
#9853 = ORIENTED_EDGE ( 'NONE', *, *, #4091, .F. ) ;
#9854 = CARTESIAN_POINT ( 'NONE',  ( 10.53885249846444871, -4.602682622558985415, -11.28127406444597725 ) ) ;
#9855 = CIRCLE ( 'NONE', #8846, 11.50000000000000178 ) ;
#9856 = FACE_OUTER_BOUND ( 'NONE', #8632, .T. ) ;
#9857 = ORIENTED_EDGE ( 'NONE', *, *, #2008, .F. ) ;
#9858 = DIRECTION ( 'NONE',  ( 1.351599077795221906E-16, -1.000000000000000000, 0.000000000000000000 ) ) ;
#9859 = CARTESIAN_POINT ( 'NONE',  ( -2.121320343559678356, 2.121320343559621957, -19.60000000000000497 ) ) ;
#9860 = AXIS2_PLACEMENT_3D ( 'NONE', #1096, #9322, #9167 ) ;
#9861 = CARTESIAN_POINT ( 'NONE',  ( -10.44464704377453224, -4.812481922792239075, -11.57217770491503117 ) ) ;
#9862 = CARTESIAN_POINT ( 'NONE',  ( -0.7071067811865651143, 0.7071067811865398012, -22.40000000000000213 ) ) ;
#9863 = CARTESIAN_POINT ( 'NONE',  ( 8.890520551393128912, 4.999864555443765290, -12.33236620952797935 ) ) ;
#9865 = ADVANCED_FACE ( 'NONE', ( #7513 ), #861, .T. ) ;
#9864 = CARTESIAN_POINT ( 'NONE',  ( 0.000000000000000000, 0.000000000000000000, 10.00000000000000000 ) ) ;
#9866 = CARTESIAN_POINT ( 'NONE',  ( -6.049441401588689260, 2.377868526379438130, -27.30000000000001492 ) ) ;
#9867 = ORIENTED_EDGE ( 'NONE', *, *, #1994, .T. ) ;
#9868 = AXIS2_PLACEMENT_3D ( 'NONE', #4163, #7423, #58 ) ;
#9869 = DIRECTION ( 'NONE',  ( 0.000000000000000000, 0.000000000000000000, -1.000000000000000000 ) ) ;
#9870 = CARTESIAN_POINT ( 'NONE',  ( -4.793837204675679864, 5.854262554657036155, -26.68420474389101216 ) ) ;
#9871 = ORIENTED_EDGE ( 'NONE', *, *, #3293, .T. ) ;
#9872 = DIRECTION ( 'NONE',  ( 0.000000000000000000, 0.000000000000000000, 1.000000000000000000 ) ) ;
#9873 = ORIENTED_EDGE ( 'NONE', *, *, #8922, .F. ) ;
#9874 = EDGE_CURVE ( 'NONE', #1502, #3921, #10062, .T. ) ;
#9875 = PLANE ( 'NONE',  #9031 ) ;
#9876 = DIRECTION ( 'NONE',  ( 2.258650070512057618E-15, 5.697770542341455318E-16, -1.000000000000000000 ) ) ;
#9877 = CARTESIAN_POINT ( 'NONE',  ( 6.292637582963094722, -9.625649936585496391, -11.78278296350799081 ) ) ;
#9878 = DIRECTION ( 'NONE',  ( -1.682279890214207501E-16, -4.681681140464683419E-16, 1.000000000000000000 ) ) ;
#9879 = CARTESIAN_POINT ( 'NONE',  ( 3.758580805409335479, -10.86979444866863531, -10.81351115747699865 ) ) ;
#9880 = CARTESIAN_POINT ( 'NONE',  ( 5.384302942790046842, -8.663133999071897406, -11.72401634377399304 ) ) ;
#9881 = EDGE_LOOP ( 'NONE', ( #6547 ) ) ;
#9882 = CARTESIAN_POINT ( 'NONE',  ( 4.405198112628716522, 8.076770987746083819, -23.79999999999998650 ) ) ;
#9883 = ORIENTED_EDGE ( 'NONE', *, *, #9356, .T. ) ;
#9884 = AXIS2_PLACEMENT_3D ( 'NONE', #1629, #4076, #6556 ) ;
#9885 = AXIS2_PLACEMENT_3D ( 'NONE', #431, #4386, #7707 ) ;
#9886 = ADVANCED_FACE ( 'NONE', ( #3450 ), #3500, .F. ) ;
#9887 = EDGE_LOOP ( 'NONE', ( #3014, #4656, #1733, #6795 ) ) ;
#9888 = CARTESIAN_POINT ( 'NONE',  ( -4.582029351466794687, -9.112955154030734306, -13.33964997965101595 ) ) ;
#9889 = DIRECTION ( 'NONE',  ( 0.000000000000000000, 0.000000000000000000, 1.000000000000000000 ) ) ;
#9890 = CARTESIAN_POINT ( 'NONE',  ( 4.613763703059130528, 5.144591483210251504, -27.06307265268099016 ) ) ;
#9891 = CARTESIAN_POINT ( 'NONE',  ( 4.808326112068571412, -5.868986283848304453, -26.67232776209099399 ) ) ;
#9892 = CARTESIAN_POINT ( 'NONE',  ( -6.086011853008402639, -9.757584728048003697, -24.41324865405201905 ) ) ;
#9893 = ORIENTED_EDGE ( 'NONE', *, *, #1695, .F. ) ;
#9894 = AXIS2_PLACEMENT_3D ( 'NONE', #2489, #8333, #6741 ) ;
#9895 = EDGE_CURVE ( 'NONE', #7027, #2618, #8233, .T. ) ;
#9896 = EDGE_LOOP ( 'NONE', ( #4234, #6671, #4994, #8986 ) ) ;
#9897 = CARTESIAN_POINT ( 'NONE',  ( 8.946641378701515990, -4.899622735904633153, -12.88512828556198109 ) ) ;
#9898 = EDGE_LOOP ( 'NONE', ( #6557, #3741, #3927, #6184, #189 ) ) ;
#9899 = DIRECTION ( 'NONE',  ( -6.182342530834563297E-16, -4.848523255675577670E-16, 1.000000000000000000 ) ) ;
#9900 = CARTESIAN_POINT ( 'NONE',  ( -5.978532735505869056, -3.042555887816233540, -9.500000000000019540 ) ) ;
#9901 = CARTESIAN_POINT ( 'NONE',  ( -5.203749823317393997, 4.600029391960879011, -27.04285424952301042 ) ) ;
#9902 = ADVANCED_FACE ( 'NONE', ( #1925 ), #9176, .F. ) ;
#9903 = EDGE_CURVE ( 'NONE', #3829, #7777, #3968, .T. ) ;
#9904 = AXIS2_PLACEMENT_3D ( 'NONE', #743, #7312, #5508 ) ;
#9905 = LINE ( 'NONE', #5929, #1178 ) ;
#9906 = DIRECTION ( 'NONE',  ( 0.000000000000000000, 0.000000000000000000, 1.000000000000000000 ) ) ;
#9907 = VECTOR ( 'NONE', #4641, 1000.000000000000000 ) ;
#9908 = ORIENTED_EDGE ( 'NONE', *, *, #481, .T. ) ;
#9909 = CARTESIAN_POINT ( 'NONE',  ( 7.584086097662738446, 8.644746269442702413, -23.79999999999997939 ) ) ;
#9910 = AXIS2_PLACEMENT_3D ( 'NONE', #1396, #6542, #2437 ) ;
#9911 = VERTEX_POINT ( 'NONE', #2905 ) ;
#9912 = VERTEX_POINT ( 'NONE', #7044 ) ;
#9913 = DIRECTION ( 'NONE',  ( -0.7071067811865535679, 0.7071067811865415775, -1.414213562373107097E-15 ) ) ;
#9914 = CARTESIAN_POINT ( 'NONE',  ( 6.363961030678887631, 2.121320343559692567, -19.59999999999999432 ) ) ;
#9915 = LINE ( 'NONE', #4259, #9086 ) ;
#9916 = VERTEX_POINT ( 'NONE', #8318 ) ;
#9917 = CARTESIAN_POINT ( 'NONE',  ( 9.757584728041527100, 6.086011853002195160, -24.41324865405197286 ) ) ;
#9918 = EDGE_LOOP ( 'NONE', ( #6017 ) ) ;
#9919 = ORIENTED_EDGE ( 'NONE', *, *, #3151, .T. ) ;
#9920 = ORIENTED_EDGE ( 'NONE', *, *, #3595, .T. ) ;
#9921 = ADVANCED_FACE ( 'NONE', ( #2146 ), #8415, .F. ) ;
#9922 = LINE ( 'NONE', #8282, #5336 ) ;
#9923 = CARTESIAN_POINT ( 'NONE',  ( 6.430758779535574732, -9.534008207731952567, -11.57779902580598907 ) ) ;
#9924 = DIRECTION ( 'NONE',  ( 0.7071067811865535679, -0.7071067811865415775, 4.142135623731070191E-16 ) ) ;
#9925 = CARTESIAN_POINT ( 'NONE',  ( 5.245160142561346994, -8.748077579611758026, -12.06053013970599253 ) ) ;
#9926 = LINE ( 'NONE', #1669, #4009 ) ;
#9927 = CARTESIAN_POINT ( 'NONE',  ( -8.076770987746019870, -4.405198112628863960, -23.89363341178102473 ) ) ;
#9928 = ORIENTED_EDGE ( 'NONE', *, *, #10258, .F. ) ;
#9929 = VECTOR ( 'NONE', #3821, 1000.000000000000000 ) ;
#9930 = ADVANCED_FACE ( 'NONE', ( #5450 ), #6210, .T. ) ;
#9931 = ORIENTED_EDGE ( 'NONE', *, *, #4953, .F. ) ;
#9932 = EDGE_CURVE ( 'NONE', #5806, #3185, #8738, .T. ) ;
#9933 = VERTEX_POINT ( 'NONE', #6245 ) ;
#9934 = FACE_OUTER_BOUND ( 'NONE', #5498, .T. ) ;
#9935 = EDGE_CURVE ( 'NONE', #4527, #9689, #6552, .T. ) ;
#9936 = DIRECTION ( 'NONE',  ( 1.000000000000000000, 0.000000000000000000, 0.000000000000000000 ) ) ;
#9937 = CYLINDRICAL_SURFACE ( 'NONE', #249, 0.5000000000000000000 ) ;
#9938 = AXIS2_PLACEMENT_3D ( 'NONE', #5014, #740, #8104 ) ;
#9939 = CARTESIAN_POINT ( 'NONE',  ( -4.871965794507931768, -10.41701629594649070, -11.69250292241301636 ) ) ;
#9940 = VERTEX_POINT ( 'NONE', #517 ) ;
#9941 = CARTESIAN_POINT ( 'NONE',  ( -4.961876225945784036, 8.911871283231235452, -12.70121659404500924 ) ) ;
#9942 = EDGE_LOOP ( 'NONE', ( #8242, #849, #6708, #5402 ) ) ;
#9943 = EDGE_CURVE ( 'NONE', #5921, #1688, #10267, .T. ) ;
#9944 = ORIENTED_EDGE ( 'NONE', *, *, #979, .T. ) ;
#9945 = AXIS2_PLACEMENT_3D ( 'NONE', #5904, #8597, #10021 ) ;
#9946 = CARTESIAN_POINT ( 'NONE',  ( 6.086011853002021965, 9.757584728041637234, -23.79999999999997939 ) ) ;
#9947 = CARTESIAN_POINT ( 'NONE',  ( -10.84331591350171919, -1.850000000000040057, 3.000000000000000000 ) ) ;
#9948 = CIRCLE ( 'NONE', #1381, 7.000000000000000000 ) ;
#9949 = CYLINDRICAL_SURFACE ( 'NONE', #5188, 0.8000000000000001554 ) ;
#9950 = FACE_OUTER_BOUND ( 'NONE', #1932, .T. ) ;
#9951 = ORIENTED_EDGE ( 'NONE', *, *, #5459, .F. ) ;
#9952 = EDGE_CURVE ( 'NONE', #3072, #3956, #8630, .T. ) ;
#9953 = EDGE_CURVE ( 'NONE', #4812, #1458, #9429, .T. ) ;
#9954 = CARTESIAN_POINT ( 'NONE',  ( 0.05000000000000070360, -2.200000000000000178, 7.299999999999999822 ) ) ;
#9955 = CIRCLE ( 'NONE', #2603, 0.7500000000000001110 ) ;
#9956 = ADVANCED_FACE ( 'NONE', ( #6199 ), #3062, .F. ) ;
#9957 = CARTESIAN_POINT ( 'NONE',  ( -4.000000000000000000, 4.898587196589410857E-16, 6.799999999999999822 ) ) ;
#9958 = ORIENTED_EDGE ( 'NONE', *, *, #763, .F. ) ;
#9959 = CARTESIAN_POINT ( 'NONE',  ( -9.408812918886869880, -3.941344716136037096, -13.74016890136302393 ) ) ;
#9960 = VERTEX_POINT ( 'NONE', #3009 ) ;
#9961 = CARTESIAN_POINT ( 'NONE',  ( -10.40498319921504411, 4.897904712472615607, -12.85608374219902572 ) ) ;
#9962 = AXIS2_PLACEMENT_3D ( 'NONE', #2917, #6257, #6209 ) ;
#9963 = CARTESIAN_POINT ( 'NONE',  ( -1.139282179206400178E-14, -2.254830370489016622E-14, -13.80000000000000071 ) ) ;
#9964 = APPLICATION_PROTOCOL_DEFINITION ( 'international standard', 'config_control_design', 1994, #8687 ) ;
#9965 = CARTESIAN_POINT ( 'NONE',  ( 7.163961030679579345, -6.363961030678660258, 5.000000000000000000 ) ) ;
#9966 = CARTESIAN_POINT ( 'NONE',  ( 0.000000000000000000, 0.000000000000000000, 5.000000000000000000 ) ) ;
#9967 = EDGE_LOOP ( 'NONE', ( #5672, #6410 ) ) ;
#9968 = ORIENTED_EDGE ( 'NONE', *, *, #9315, .T. ) ;
#9969 = CARTESIAN_POINT ( 'NONE',  ( -1.250000000000000888, 9.000000000000000000, 1.000000000000000000 ) ) ;
#9970 = DIRECTION ( 'NONE',  ( 0.000000000000000000, 0.000000000000000000, -1.000000000000000000 ) ) ;
#9971 = CIRCLE ( 'NONE', #4364, 1.999999999999999778 ) ;
#9972 = DIRECTION ( 'NONE',  ( -1.000000000000000000, 0.000000000000000000, 0.000000000000000000 ) ) ;
#9973 = DIRECTION ( 'NONE',  ( 0.000000000000000000, 0.000000000000000000, 1.000000000000000000 ) ) ;
#9974 = LINE ( 'NONE', #9779, #992 ) ;
#9975 = ORIENTED_EDGE ( 'NONE', *, *, #4681, .F. ) ;
#9976 = VECTOR ( 'NONE', #4110, 1000.000000000000000 ) ;
#9977 = LINE ( 'NONE', #7534, #915 ) ;
#9978 = CARTESIAN_POINT ( 'NONE',  ( -4.789844294246774048, 10.45506293285016852, -13.06766663163600839 ) ) ;
#9979 = DIRECTION ( 'NONE',  ( -3.110185550058225992E-15, -5.102011696169179760E-16, 1.000000000000000000 ) ) ;
#9980 = CARTESIAN_POINT ( 'NONE',  ( -4.989777343364400153, -10.36109288697402420, -12.52606708392501744 ) ) ;
#9981 = DIRECTION ( 'NONE',  ( -1.000000000000000000, 0.000000000000000000, 0.000000000000000000 ) ) ;
#9982 = ORIENTED_EDGE ( 'NONE', *, *, #1228, .F. ) ;
#9983 = EDGE_CURVE ( 'NONE', #1299, #1140, #5401, .T. ) ;
#9984 = ORIENTED_EDGE ( 'NONE', *, *, #2669, .F. ) ;
#9985 = LINE ( 'NONE', #4536, #2201 ) ;
#9986 = EDGE_CURVE ( 'NONE', #3282, #9674, #7139, .T. ) ;
#9987 = AXIS2_PLACEMENT_3D ( 'NONE', #802, #9913, #2365 ) ;
#9988 = EDGE_CURVE ( 'NONE', #6356, #8855, #5504, .T. ) ;
#9989 = DIRECTION ( 'NONE',  ( 0.000000000000000000, 0.000000000000000000, -1.000000000000000000 ) ) ;
#9990 = DIRECTION ( 'NONE',  ( 1.000000000000000000, 0.000000000000000000, 0.000000000000000000 ) ) ;
#9991 = DIRECTION ( 'NONE',  ( 1.905096679918777244E-15, 1.347594513539344998E-15, -1.000000000000000000 ) ) ;
#9992 = AXIS2_PLACEMENT_3D ( 'NONE', #9242, #7692, #6947 ) ;
#9993 = EDGE_CURVE ( 'NONE', #7758, #4388, #7739, .T. ) ;
#9994 = DIRECTION ( 'NONE',  ( 0.000000000000000000, 0.000000000000000000, -1.000000000000000000 ) ) ;
#9995 = ORIENTED_EDGE ( 'NONE', *, *, #149, .T. ) ;
#9996 = DIRECTION ( 'NONE',  ( 9.912705577010325352E-15, -1.000000000000000000, 0.000000000000000000 ) ) ;
#9997 = FACE_OUTER_BOUND ( 'NONE', #8584, .T. ) ;
#9998 = CARTESIAN_POINT ( 'NONE',  ( -4.000000000000000000, 0.000000000000000000, 6.799999999999999822 ) ) ;
#9999 = ORIENTED_EDGE ( 'NONE', *, *, #10208, .F. ) ;
#10000 = AXIS2_PLACEMENT_3D ( 'NONE', #2326, #643, #8760 ) ;
#10001 = ORIENTED_EDGE ( 'NONE', *, *, #6139, .F. ) ;
#10002 = CARTESIAN_POINT ( 'NONE',  ( -5.636780747938293423, 6.030481141639747911, 0.9999999999999991118 ) ) ;
#10003 = CARTESIAN_POINT ( 'NONE',  ( -10.49834089726487285, 4.694223905505492844, -11.39112688952802266 ) ) ;
#10004 = ADVANCED_FACE ( 'NONE', ( #4732 ), #3118, .F. ) ;
#10005 = EDGE_CURVE ( 'NONE', #2312, #4231, #2845, .T. ) ;
#10006 = DIRECTION ( 'NONE',  ( -1.000000000000000000, 0.000000000000000000, 0.000000000000000000 ) ) ;
#10007 = CARTESIAN_POINT ( 'NONE',  ( -1.050000000001055867, -9.000000000000000000, 0.8000000000000003775 ) ) ;
#10008 = CIRCLE ( 'NONE', #3198, 11.50000000000000178 ) ;
#10009 = SHAPE_DEFINITION_REPRESENTATION ( #9545, #6913 ) ;
#10010 = CARTESIAN_POINT ( 'NONE',  ( 0.000000000000000000, 9.000000000000000000, 3.000000000000000000 ) ) ;
#10011 =( BOUNDED_CURVE ( )  B_SPLINE_CURVE ( 2, ( #437, #338, #5374 ),
 .UNSPECIFIED., .F., .F. ) 
 B_SPLINE_CURVE_WITH_KNOTS ( ( 3, 3 ),
 ( 0.000000000000000000, 1.000000000000000000 ),
 .UNSPECIFIED. ) 
 CURVE ( )  GEOMETRIC_REPRESENTATION_ITEM ( )  RATIONAL_B_SPLINE_CURVE ( ( 1.000000000000000000, 1.004414555903930140, 1.000000000000000000 ) ) 
 REPRESENTATION_ITEM ( '' )  );
#10012 = ORIENTED_EDGE ( 'NONE', *, *, #8394, .F. ) ;
#10013 = LINE ( 'NONE', #1931, #8861 ) ;
#10014 = ORIENTED_EDGE ( 'NONE', *, *, #6964, .T. ) ;
#10015 = CARTESIAN_POINT ( 'NONE',  ( 3.499999999999924061, 9.580709785814672586, -10.79999999999999005 ) ) ;
#10016 = DIRECTION ( 'NONE',  ( 0.000000000000000000, 0.000000000000000000, 1.000000000000000000 ) ) ;
#10017 = CIRCLE ( 'NONE', #6468, 0.4500000000000001221 ) ;
#10018 = CARTESIAN_POINT ( 'NONE',  ( -5.833630944789019779, 5.833630944789019779, 0.9999999999999991118 ) ) ;
#10019 = EDGE_CURVE ( 'NONE', #9912, #746, #512, .T. ) ;
#10020 = CARTESIAN_POINT ( 'NONE',  ( -0.6099076439117319115, -2.750000000000000444, 7.700000000000000178 ) ) ;
#10021 = DIRECTION ( 'NONE',  ( -0.7071067811865532349, 0.7071067811865419106, -1.196361017915039437E-15 ) ) ;
#10022 = CARTESIAN_POINT ( 'NONE',  ( 5.294050065195790467, -8.718639273645337084, -12.69714679069599228 ) ) ;
#10023 = CYLINDRICAL_SURFACE ( 'NONE', #747, 0.7500000000000001110 ) ;
#10024 = CIRCLE ( 'NONE', #8852, 1.000000000000000000 ) ;
#10025 = DIRECTION ( 'NONE',  ( -0.7071067811865535679, 0.7071067811865415775, -1.414213562373107097E-15 ) ) ;
#10026 = VERTEX_POINT ( 'NONE', #9437 ) ;
#10027 = ORIENTED_EDGE ( 'NONE', *, *, #3684, .F. ) ;
#10028 = ORIENTED_EDGE ( 'NONE', *, *, #3016, .F. ) ;
#10029 = EDGE_LOOP ( 'NONE', ( #7588 ) ) ;
#10030 = CIRCLE ( 'NONE', #4758, 1.850000000000000089 ) ;
#10031 = CARTESIAN_POINT ( 'NONE',  ( -4.810145786916540267, 10.44572755166640476, -13.03223556237100844 ) ) ;
#10032 = DIRECTION ( 'NONE',  ( -0.7071067811865546782, 0.7071067811865404673, -1.734723475976807094E-15 ) ) ;
#10033 = CARTESIAN_POINT ( 'NONE',  ( -4.443000087303120793, -10.60727770932063763, -13.46936886946301648 ) ) ;
#10034 = DIRECTION ( 'NONE',  ( -1.156149796254212418E-16, -5.207811234424668642E-16, 1.000000000000000000 ) ) ;
#10035 = DIRECTION ( 'NONE',  ( 0.7071067811865535679, -0.7071067811865415775, 0.000000000000000000 ) ) ;
#10036 = CARTESIAN_POINT ( 'NONE',  ( 0.05000000000000060646, -2.144222209522359979, 7.700000000000000178 ) ) ;
#10037 = CARTESIAN_POINT ( 'NONE',  ( -11.66726188957803956, -7.589415207398530052E-16, -9.400025000000001185 ) ) ;
#10038 = LINE ( 'NONE', #990, #8526 ) ;
#10039 = ORIENTED_EDGE ( 'NONE', *, *, #5398, .T. ) ;
#10040 = ORIENTED_EDGE ( 'NONE', *, *, #1043, .F. ) ;
#10041 = DIRECTION ( 'NONE',  ( -0.7071067811865412445, -0.7071067811865537900, -2.109999999999997999E-15 ) ) ;
#10042 = CARTESIAN_POINT ( 'NONE',  ( -9.452826095557050223, 3.835190777679720053, -13.76958619978202414 ) ) ;
#10043 = AXIS2_PLACEMENT_3D ( 'NONE', #4753, #1390, #4694 ) ;
#10044 = EDGE_LOOP ( 'NONE', ( #6284, #8051, #2535, #5739, #2335 ) ) ;
#10045 = PLANE ( 'NONE',  #2614 ) ;
#10046 = CARTESIAN_POINT ( 'NONE',  ( -5.833630944789019779, 5.833630944789019779, 0.9999999999999991118 ) ) ;
#10047 = DIRECTION ( 'NONE',  ( 0.000000000000000000, 0.000000000000000000, -1.000000000000000000 ) ) ;
#10048 = EDGE_CURVE ( 'NONE', #5231, #2278, #2093, .T. ) ;
#10049 = DIRECTION ( 'NONE',  ( 0.000000000000000000, 0.000000000000000000, 1.000000000000000000 ) ) ;
#10050 = AXIS2_PLACEMENT_3D ( 'NONE', #9401, #10232, #3617 ) ;
#10051 = AXIS2_PLACEMENT_3D ( 'NONE', #8676, #2953, #7875 ) ;
#10052 = ORIENTED_EDGE ( 'NONE', *, *, #8799, .F. ) ;
#10053 = DIRECTION ( 'NONE',  ( 1.000000000000000000, 0.000000000000000000, 0.000000000000000000 ) ) ;
#10054 = ORIENTED_EDGE ( 'NONE', *, *, #9449, .T. ) ;
#10055 = DIRECTION ( 'NONE',  ( 0.7071067811865535679, -0.7071067811865414665, 0.000000000000000000 ) ) ;
#10056 = ORIENTED_EDGE ( 'NONE', *, *, #303, .F. ) ;
#10057 = AXIS2_PLACEMENT_3D ( 'NONE', #7142, #3186, #6462 ) ;
#10058 = VERTEX_POINT ( 'NONE', #8955 ) ;
#10059 = CARTESIAN_POINT ( 'NONE',  ( 6.030481141638722065, 5.636780747939315717, 0.9999999999999991118 ) ) ;
#10060 = VECTOR ( 'NONE', #6884, 1000.000000000000000 ) ;
#10061 = CARTESIAN_POINT ( 'NONE',  ( -10.67384538298378160, 4.280525541290077562, -11.01736804209102516 ) ) ;
#10062 = LINE ( 'NONE', #2732, #5521 ) ;
#10063 = PERSON_AND_ORGANIZATION ( #1116, #7063 ) ;
#10064 = VECTOR ( 'NONE', #25, 1000.000000000000114 ) ;
#10065 = FACE_OUTER_BOUND ( 'NONE', #4883, .T. ) ;
#10066 = EDGE_CURVE ( 'NONE', #4794, #6409, #1888, .T. ) ;
#10067 = ORIENTED_EDGE ( 'NONE', *, *, #3930, .T. ) ;
#10068 = FACE_OUTER_BOUND ( 'NONE', #2833, .T. ) ;
#10069 = PLANE ( 'NONE',  #8577 ) ;
#10070 = VECTOR ( 'NONE', #9469, 1000.000000000000000 ) ;
#10071 = DIRECTION ( 'NONE',  ( -0.7071067811865522357, 0.7071067811865429098, -1.885568995626963942E-15 ) ) ;
#10072 = VERTEX_POINT ( 'NONE', #2745 ) ;
#10073 = DIRECTION ( 'NONE',  ( -0.8042429674092186342, 0.5943006388796957529, -1.156482317317871133E-15 ) ) ;
#10074 = ORIENTED_EDGE ( 'NONE', *, *, #898, .F. ) ;
#10075 = EDGE_CURVE ( 'NONE', #836, #7268, #6925, .T. ) ;
#10076 = EDGE_CURVE ( 'NONE', #9329, #1688, #3284, .T. ) ;
#10077 = AXIS2_PLACEMENT_3D ( 'NONE', #925, #4117, #7375 ) ;
#10078 = DIRECTION ( 'NONE',  ( -1.000000000000000000, 0.000000000000000000, 0.000000000000000000 ) ) ;
#10079 = ORIENTED_EDGE ( 'NONE', *, *, #8932, .F. ) ;
#10080 = DIRECTION ( 'NONE',  ( 2.503619816187389370E-15, 1.762269886699463124E-15, -1.000000000000000000 ) ) ;
#10081 = ORIENTED_EDGE ( 'NONE', *, *, #4650, .T. ) ;
#10082 = LINE ( 'NONE', #1031, #6360 ) ;
#10083 = DIRECTION ( 'NONE',  ( 0.000000000000000000, 0.000000000000000000, 1.000000000000000000 ) ) ;
#10084 = CARTESIAN_POINT ( 'NONE',  ( -4.574074773964269980, -10.55127468166256755, -13.34827752718001648 ) ) ;
#10085 = CARTESIAN_POINT ( 'NONE',  ( -1.139282179206400178E-14, -2.254830370489016622E-14, -13.80000000000000071 ) ) ;
#10086 = DIRECTION ( 'NONE',  ( 9.987008503163202878E-16, 1.985289766290901061E-15, -1.000000000000000000 ) ) ;
#10087 = DIRECTION ( 'NONE',  ( 0.000000000000000000, 0.000000000000000000, -1.000000000000000000 ) ) ;
#10088 = ORIENTED_EDGE ( 'NONE', *, *, #7612, .T. ) ;
#10089 = DIRECTION ( 'NONE',  ( 0.000000000000000000, 1.000000000000000000, 0.000000000000000000 ) ) ;
#10090 = ORIENTED_EDGE ( 'NONE', *, *, #3922, .F. ) ;
#10091 = LINE ( 'NONE', #397, #5659 ) ;
#10092 = CARTESIAN_POINT ( 'NONE',  ( -5.093865147111840539E-13, -9.000000000000000000, 0.9999999999999991118 ) ) ;
#10093 = DIRECTION ( 'NONE',  ( 1.000000000000000000, 0.000000000000000000, 0.000000000000000000 ) ) ;
#10094 = VECTOR ( 'NONE', #847, 1000.000000000000114 ) ;
#10095 = CARTESIAN_POINT ( 'NONE',  ( -6.363961030678820130, 6.363961030678660258, 5.000000000000000000 ) ) ;
#10096 = CARTESIAN_POINT ( 'NONE',  ( 8.625750681464465330, -5.444008590069492115, -11.63691247480598179 ) ) ;
#10097 = ORIENTED_EDGE ( 'NONE', *, *, #10381, .F. ) ;
#10098 = DIRECTION ( 'NONE',  ( -0.7071067811865415775, -0.7071067811865535679, -1.999999999999998972E-15 ) ) ;
#10099 = CIRCLE ( 'NONE', #2246, 10.20000000000000107 ) ;
#10100 = FACE_OUTER_BOUND ( 'NONE', #2429, .T. ) ;
#10101 = DIRECTION ( 'NONE',  ( -1.000000000000000000, 0.000000000000000000, 0.000000000000000000 ) ) ;
#10102 = ORIENTED_EDGE ( 'NONE', *, *, #5473, .T. ) ;
#10103 = CARTESIAN_POINT ( 'NONE',  ( -9.253527280921769460, -4.291545164743630458, -13.57643835430802604 ) ) ;
#10104 = CIRCLE ( 'NONE', #3307, 6.450000000000000178 ) ;
#10105 = LINE ( 'NONE', #2781, #9664 ) ;
#10106 = CARTESIAN_POINT ( 'NONE',  ( -10.51126777101110044, 4.665286445088036693, -11.35358011494102470 ) ) ;
#10107 = CARTESIAN_POINT ( 'NONE',  ( 5.833958804466139014, 4.775267418166960987, -26.70006670682398564 ) ) ;
#10108 = CARTESIAN_POINT ( 'NONE',  ( -0.04999999999999929501, -3.200000000000000178, 7.299999999999999822 ) ) ;
#10109 = CIRCLE ( 'NONE', #8949, 0.7999999999999999334 ) ;
#10110 = EDGE_LOOP ( 'NONE', ( #4233, #3467, #7769, #6140 ) ) ;
#10111 = CARTESIAN_POINT ( 'NONE',  ( 1.050000000000000044, -9.000000000000000000, 3.000000000000000000 ) ) ;
#10112 = ORIENTED_EDGE ( 'NONE', *, *, #458, .F. ) ;
#10113 = ADVANCED_FACE ( 'NONE', ( #3182 ), #7387, .F. ) ;
#10114 = VERTEX_POINT ( 'NONE', #2356 ) ;
#10115 = CARTESIAN_POINT ( 'NONE',  ( 4.553502990261910632, 9.127281619482660702, -11.23097303732498453 ) ) ;
#10116 = CIRCLE ( 'NONE', #10449, 4.000000000000000000 ) ;
#10117 = CARTESIAN_POINT ( 'NONE',  ( 7.071067811838645412, -9.192388155451935106, -11.29999999999998650 ) ) ;
#10118 = EDGE_CURVE ( 'NONE', #7367, #7367, #8747, .T. ) ;
#10119 = DIRECTION ( 'NONE',  ( 0.7071067811865474617, -0.7071067811865474617, 0.000000000000000000 ) ) ;
#10120 = VERTEX_POINT ( 'NONE', #3673 ) ;
#10121 = DIRECTION ( 'NONE',  ( -3.131717426292753308E-15, -4.886692933823911531E-16, 1.000000000000000000 ) ) ;
#10122 = LINE ( 'NONE', #7640, #1839 ) ;
#10123 = AXIS2_PLACEMENT_3D ( 'NONE', #4348, #3582, #10093 ) ;
#10124 = EDGE_LOOP ( 'NONE', ( #9653, #5877, #978, #4138 ) ) ;
#10125 = FACE_OUTER_BOUND ( 'NONE', #5969, .T. ) ;
#10126 = AXIS2_PLACEMENT_3D ( 'NONE', #7486, #5913, #5104 ) ;
#10127 = CARTESIAN_POINT ( 'NONE',  ( -3.181980515339435378, -3.181980515339493110, -27.10000000000000853 ) ) ;
#10128 = ORIENTED_EDGE ( 'NONE', *, *, #2091, .F. ) ;
#10129 = CARTESIAN_POINT ( 'NONE',  ( -4.634769000772718250, 10.52478109835874598, -13.28306243250700902 ) ) ;
#10130 = CYLINDRICAL_SURFACE ( 'NONE', #6456, 0.8000000000000003775 ) ;
#10131 = EDGE_CURVE ( 'NONE', #1819, #8244, #5713, .T. ) ;
#10132 = CARTESIAN_POINT ( 'NONE',  ( -4.608689155521931369, -10.53623297009369786, -13.31231315156001749 ) ) ;
#10133 = FACE_OUTER_BOUND ( 'NONE', #5264, .T. ) ;
#10134 = FACE_OUTER_BOUND ( 'NONE', #1162, .T. ) ;
#10135 = ORIENTED_EDGE ( 'NONE', *, *, #4593, .T. ) ;
#10136 = CIRCLE ( 'NONE', #6598, 1.000000000000000222 ) ;
#10137 = CARTESIAN_POINT ( 'NONE',  ( -2.092031021678324443, 2.092031021678277369, -22.50000000000000711 ) ) ;
#10138 = ORIENTED_EDGE ( 'NONE', *, *, #4343, .T. ) ;
#10139 = LINE ( 'NONE', #6182, #4959 ) ;
#10140 = CARTESIAN_POINT ( 'NONE',  ( -6.000000000000000000, -3.605551275463995342, 6.799999999999999822 ) ) ;
#10141 = EDGE_LOOP ( 'NONE', ( #3643 ) ) ;
#10142 = DIRECTION ( 'NONE',  ( -0.7071067811703437567, 0.7071067812027513888, -1.414213562327258895E-15 ) ) ;
#10143 = CARTESIAN_POINT ( 'NONE',  ( 0.000000000000000000, 0.000000000000000000, 31.69999999999999929 ) ) ;
#10145 = ADVANCED_FACE ( 'NONE', ( #8157 ), #7403, .F. ) ;
#10144 = CARTESIAN_POINT ( 'NONE',  ( 4.405198112628716522, 8.076770987746083819, -23.89363341178098921 ) ) ;
#10146 = EDGE_CURVE ( 'NONE', #10499, #7054, #869, .T. ) ;
#10147 = FACE_OUTER_BOUND ( 'NONE', #8287, .T. ) ;
#10148 = EDGE_LOOP ( 'NONE', ( #619 ) ) ;
#10149 = CARTESIAN_POINT ( 'NONE',  ( 8.942095008309390636, 4.907905048204440845, -12.86824495793297807 ) ) ;
#10150 = ORIENTED_EDGE ( 'NONE', *, *, #8246, .F. ) ;
#10151 = DIRECTION ( 'NONE',  ( 0.7071067811703323214, 0.7071067812027628241, 1.999999999967580339E-15 ) ) ;
#10152 = ADVANCED_FACE ( 'NONE', ( #4032 ), #3334, .T. ) ;
#10153 = CARTESIAN_POINT ( 'NONE',  ( 0.000000000000000000, 0.000000000000000000, -2.200000000000000178 ) ) ;
#10154 = ORIENTED_EDGE ( 'NONE', *, *, #423, .T. ) ;
#10155 = CARTESIAN_POINT ( 'NONE',  ( -9.157129687445696220, -4.493210294610883615, -11.17470578507902701 ) ) ;
#10156 = CARTESIAN_POINT ( 'NONE',  ( 6.500000000000625278, 5.551115123125782702E-14, -27.29999999999998650 ) ) ;
#10157 = CARTESIAN_POINT ( 'NONE',  ( -10.38365893413559427, 4.942734678348924326, -11.88064204848702410 ) ) ;
#10158 = AXIS2_PLACEMENT_3D ( 'NONE', #1707, #10482, #96 ) ;
#10159 = CARTESIAN_POINT ( 'NONE',  ( 9.705020886158866489, -6.169486980226037254, -12.29999999999998117 ) ) ;
#10160 = DIRECTION ( 'NONE',  ( 0.000000000000000000, 0.000000000000000000, -1.000000000000000000 ) ) ;
#10161 = ORIENTED_EDGE ( 'NONE', *, *, #9066, .F. ) ;
#10162 =( NAMED_UNIT ( * ) PLANE_ANGLE_UNIT ( ) SI_UNIT ( $, .RADIAN. ) );
#10163 = DIRECTION ( 'NONE',  ( 0.000000000000000000, 0.000000000000000000, -1.000000000000000000 ) ) ;
#10164 = DIRECTION ( 'NONE',  ( 0.000000000000000000, 0.000000000000000000, 1.000000000000000000 ) ) ;
#10165 = LINE ( 'NONE', #2098, #6509 ) ;
#10166 = CIRCLE ( 'NONE', #6276, 0.4500000000000001221 ) ;
#10167 = EDGE_LOOP ( 'NONE', ( #352 ) ) ;
#10168 = PLANE ( 'NONE',  #9992 ) ;
#10169 = CARTESIAN_POINT ( 'NONE',  ( 10.45506293285014010, 4.789844294246734080, -13.06766663163597464 ) ) ;
#10170 = FACE_BOUND ( 'NONE', #8388, .T. ) ;
#10171 = DIRECTION ( 'NONE',  ( -2.491995308303619233E-15, -4.919953083036274587E-16, 1.000000000000000000 ) ) ;
#10172 = EDGE_CURVE ( 'NONE', #2914, #1308, #5616, .T. ) ;
#10173 = CARTESIAN_POINT ( 'NONE',  ( -9.565685424949247562, 0.5656854249491344300, -9.400000000000028777 ) ) ;
#10174 = CARTESIAN_POINT ( 'NONE',  ( 5.732770654554920853, -8.437361858085479227, -13.22012726655399106 ) ) ;
#10175 = DIRECTION ( 'NONE',  ( -0.7071067811865522357, 0.7071067811865429098, -1.818814781641097311E-15 ) ) ;
#10176 = EDGE_CURVE ( 'NONE', #10343, #3992, #3621, .T. ) ;
#10177 = LINE ( 'NONE', #6165, #6334 ) ;
#10178 = ORIENTED_EDGE ( 'NONE', *, *, #503, .T. ) ;
#10179 = AXIS2_PLACEMENT_3D ( 'NONE', #1326, #3069, #7884 ) ;
#10180 = CARTESIAN_POINT ( 'NONE',  ( 0.000000000000000000, 9.000000000000000000, 0.9999999999999991118 ) ) ;
#10181 = CARTESIAN_POINT ( 'NONE',  ( 6.578878888982376161, 6.578878888982485407, -23.79999999999997939 ) ) ;
#10182 = ADVANCED_FACE ( 'NONE', ( #4087 ), #7353, .T. ) ;
#10183 = CARTESIAN_POINT ( 'NONE',  ( 1.355497403577985871, -2.432350908723610150, 7.299999999999999822 ) ) ;
#10184 = LINE ( 'NONE', #7897, #1652 ) ;
#10185 = CARTESIAN_POINT ( 'NONE',  ( 4.493210294610836542, -9.157129687445662469, -11.17470578507899504 ) ) ;
#10186 = CARTESIAN_POINT ( 'NONE',  ( -6.000000000000000000, -3.336382002646370193, 6.935820234048780009 ) ) ;
#10187 = FACE_OUTER_BOUND ( 'NONE', #799, .T. ) ;
#10188 = DIRECTION ( 'NONE',  ( 0.000000000000000000, 0.000000000000000000, 1.000000000000000000 ) ) ;
#10189 = EDGE_LOOP ( 'NONE', ( #7688, #9908, #3011, #2962 ) ) ;
#10190 = CARTESIAN_POINT ( 'NONE',  ( -4.461459410936279291, 9.172606243505025958, -11.14789766688600814 ) ) ;
#10191 = EDGE_LOOP ( 'NONE', ( #9534 ) ) ;
#10192 = DIRECTION ( 'NONE',  ( 0.000000000000000000, 0.000000000000000000, -1.000000000000000000 ) ) ;
#10193 = VECTOR ( 'NONE', #8523, 1000.000000000000114 ) ;
#10194 = EDGE_CURVE ( 'NONE', #304, #1397, #3918, .T. ) ;
#10195 = ORIENTED_EDGE ( 'NONE', *, *, #7466, .F. ) ;
#10196 =( BOUNDED_CURVE ( )  B_SPLINE_CURVE ( 2, ( #236, #4183, #9891 ),
 .UNSPECIFIED., .F., .F. ) 
 B_SPLINE_CURVE_WITH_KNOTS ( ( 3, 3 ),
 ( 0.000000000000000000, 1.000000000000000000 ),
 .UNSPECIFIED. ) 
 CURVE ( )  GEOMETRIC_REPRESENTATION_ITEM ( )  RATIONAL_B_SPLINE_CURVE ( ( 1.000000000000000000, 1.021844029400719833, 1.000000000000000000 ) ) 
 REPRESENTATION_ITEM ( '' )  );
#10197 = DIRECTION ( 'NONE',  ( -0.7071067811865546782, 0.7071067811865404673, -1.734723475976807094E-15 ) ) ;
#10198 = DIRECTION ( 'NONE',  ( -0.7071067811865522357, 0.7071067811865429098, -1.885568995626963942E-15 ) ) ;
#10199 = DIRECTION ( 'NONE',  ( 0.000000000000000000, 0.000000000000000000, 1.000000000000000000 ) ) ;
#10200 = ADVANCED_FACE ( 'NONE', ( #4845 ), #10582, .F. ) ;
#10201 = ORIENTED_EDGE ( 'NONE', *, *, #4784, .F. ) ;
#10202 = CARTESIAN_POINT ( 'NONE',  ( 9.142011453396776233, 4.523898966855089299, -11.20241626194397710 ) ) ;
#10203 = ORIENTED_EDGE ( 'NONE', *, *, #6112, .T. ) ;
#10204 = CARTESIAN_POINT ( 'NONE',  ( 10.36109288696832387, -4.989777343360128015, -12.52606708392497836 ) ) ;
#10205 = PLANE ( 'NONE',  #98 ) ;
#10206 = CARTESIAN_POINT ( 'NONE',  ( 0.000000000000000000, 0.000000000000000000, 1.000000000000000000 ) ) ;
#10207 = EDGE_CURVE ( 'NONE', #920, #428, #1945, .T. ) ;
#10208 = EDGE_CURVE ( 'NONE', #5669, #8453, #2583, .T. ) ;
#10209 = ORIENTED_EDGE ( 'NONE', *, *, #1229, .F. ) ;
#10210 = EDGE_CURVE ( 'NONE', #5773, #5125, #2077, .T. ) ;
#10211 = ORIENTED_EDGE ( 'NONE', *, *, #1464, .T. ) ;
#10212 = EDGE_CURVE ( 'NONE', #445, #10316, #3452, .T. ) ;
#10213 = LINE ( 'NONE', #10358, #1271 ) ;
#10214 = DIRECTION ( 'NONE',  ( -0.7071067811865531239, 0.7071067811865417996, -7.442135623731059718E-16 ) ) ;
#10215 = CONICAL_SURFACE ( 'NONE', #815, 1.050000000000000044, 0.7853981633974574939 ) ;
#10216 = CARTESIAN_POINT ( 'NONE',  ( 1.850000000000000089, 9.000000000000000000, 3.000000000000000000 ) ) ;
#10217 = DIRECTION ( 'NONE',  ( 1.000000000000000000, 0.000000000000000000, 0.000000000000000000 ) ) ;
#10218 = EDGE_CURVE ( 'NONE', #1315, #4666, #1538, .T. ) ;
#10219 = ORIENTED_EDGE ( 'NONE', *, *, #7791, .T. ) ;
#10220 = CARTESIAN_POINT ( 'NONE',  ( 4.214434368943992427E-14, 4.241861156397902992E-15, -16.40000000000000568 ) ) ;
#10221 = DIRECTION ( 'NONE',  ( -0.7071067811865382469, -0.7071067811865567876, -4.336808689942017736E-15 ) ) ;
#10222 = VECTOR ( 'NONE', #8023, 1000.000000000000000 ) ;
#10223 = AXIS2_PLACEMENT_3D ( 'NONE', #6811, #6927, #9990 ) ;
#10224 = EDGE_LOOP ( 'NONE', ( #2007, #6074 ) ) ;
#10225 = ORIENTED_EDGE ( 'NONE', *, *, #1834, .T. ) ;
#10226 = CARTESIAN_POINT ( 'NONE',  ( 4.553509772130124311, 9.127278213359197423, -13.36901997670598696 ) ) ;
#10227 = UNCERTAINTY_MEASURE_WITH_UNIT (LENGTH_MEASURE( 1.000000000000000082E-05 ), #8585, 'distance_accuracy_value', 'NONE');
#10228 = AXIS2_PLACEMENT_3D ( 'NONE', #9141, #5746, #2492 ) ;
#10229 = CARTESIAN_POINT ( 'NONE',  ( -10.40169708268443927, -4.904570347089672211, -12.82726575090202736 ) ) ;
#10230 = AXIS2_PLACEMENT_3D ( 'NONE', #6216, #9455, #2110 ) ;
#10231 = CARTESIAN_POINT ( 'NONE',  ( -6.363961030678885855, -6.363961030678983555, -22.40000000000001990 ) ) ;
#10232 = DIRECTION ( 'NONE',  ( 2.960024404117014106E-16, 3.403936626561898508E-16, -1.000000000000000000 ) ) ;
#10233 = EDGE_LOOP ( 'NONE', ( #278, #2591 ) ) ;
#10234 = CIRCLE ( 'NONE', #2042, 11.00000000000000000 ) ;
#10235 = CARTESIAN_POINT ( 'NONE',  ( 9.192388155425142315, -7.071067811865403563, -12.29999999999998295 ) ) ;
#10236 = CARTESIAN_POINT ( 'NONE',  ( 8.076770987746076713, -4.405198112628725404, -23.89363341178098210 ) ) ;
#10237 = CARTESIAN_POINT ( 'NONE',  ( -1.742104986499089277E-15, -3.313708498984701536E-15, -19.30000000000000071 ) ) ;
#10238 = CARTESIAN_POINT ( 'NONE',  ( 8.644746269442698861, -7.584086097662748216, -24.41324865405198352 ) ) ;
#10239 = CIRCLE ( 'NONE', #3786, 2.000000000000000000 ) ;
#10240 = DIRECTION ( 'NONE',  ( 0.000000000000000000, 0.000000000000000000, 1.000000000000000000 ) ) ;
#10241 = DIRECTION ( 'NONE',  ( -0.7071067811865535679, 0.7071067811865414665, 4.956352788505162282E-16 ) ) ;
#10242 = CARTESIAN_POINT ( 'NONE',  ( -1.158822509939087657E-14, -1.988225099390910694E-15, -22.50000000000000355 ) ) ;
#10243 = EDGE_CURVE ( 'NONE', #8896, #1719, #2705, .T. ) ;
#10244 = CARTESIAN_POINT ( 'NONE',  ( -7.438519677829961374, 3.766946802683825535, -24.39358317063190995 ) ) ;
#10245 = ORIENTED_EDGE ( 'NONE', *, *, #8251, .F. ) ;
#10246 = B_SPLINE_CURVE_WITH_KNOTS ( 'NONE', 6,
 ( #3900, #5795, #6548, #6385, #5696, #1520, #1407, #4068, #4769, #7965, #1568, #2282, #4829, #8082, #4884, #7224, #5603 ),
 .UNSPECIFIED., .F., .F.,
 ( 7, 5, 5, 7 ),
 ( 0.000000000000000000, 0.3658307286399999914, 0.5390908186060000551, 1.000000000000000000 ),
 .UNSPECIFIED. ) ;
#10247 = CONICAL_SURFACE ( 'NONE', #4476, 9.200000000000001066, 1.047197551196999754 ) ;
#10248 = ADVANCED_FACE ( 'NONE', ( #7808, #10187 ), #6175, .F. ) ;
#10249 = CARTESIAN_POINT ( 'NONE',  ( 0.8042429674091827740, -0.5943006388797020811, -12.35857864376269077 ) ) ;
#10250 = CARTESIAN_POINT ( 'NONE',  ( -9.496538698940852896, 3.725420555290178903, -10.81026181046802037 ) ) ;
#10251 = VERTEX_POINT ( 'NONE', #897 ) ;
#10252 = EDGE_CURVE ( 'NONE', #1688, #9329, #5199, .T. ) ;
#10253 = CARTESIAN_POINT ( 'NONE',  ( -5.824821486132611525, -4.767439941463637254, -26.70701141862001649 ) ) ;
#10254 = ORIENTED_EDGE ( 'NONE', *, *, #8932, .T. ) ;
#10255 = DIRECTION ( 'NONE',  ( -0.7071067811865531239, 0.7071067811865419106, 0.000000000000000000 ) ) ;
#10256 = CARTESIAN_POINT ( 'NONE',  ( 8.760262930798850434, -5.224729024866035410, -12.29999999999998295 ) ) ;
#10257 = ORIENTED_EDGE ( 'NONE', *, *, #1341, .F. ) ;
#10258 = EDGE_CURVE ( 'NONE', #1266, #10114, #1999, .T. ) ;
#10259 = ORIENTED_EDGE ( 'NONE', *, *, #1953, .F. ) ;
#10260 = CARTESIAN_POINT ( 'NONE',  ( -0.7363961030679176956, 0.7363961030678830566, -19.50000000000000355 ) ) ;
#10261 = CARTESIAN_POINT ( 'NONE',  ( -8.890261272790141334, 5.000325411076978810, -12.29295487513802065 ) ) ;
#10262 = ORIENTED_EDGE ( 'NONE', *, *, #6890, .T. ) ;
#10263 = ORIENTED_EDGE ( 'NONE', *, *, #6266, .T. ) ;
#10264 = CARTESIAN_POINT ( 'NONE',  ( -2.379416067773290067, 1.758285178163981444, -9.400000000000005684 ) ) ;
#10265 = LINE ( 'NONE', #1418, #4103 ) ;
#10266 = DIRECTION ( 'NONE',  ( -1.000000000000000000, 0.000000000000000000, 0.000000000000000000 ) ) ;
#10267 = LINE ( 'NONE', #6147, #5366 ) ;
#10268 = ORIENTED_EDGE ( 'NONE', *, *, #2729, .F. ) ;
#10269 = EDGE_CURVE ( 'NONE', #6255, #1502, #10011, .T. ) ;
#10270 = EDGE_LOOP ( 'NONE', ( #200, #7979, #7432, #3017, #6227, #5451, #7867, #3649 ) ) ;
#10271 = CARTESIAN_POINT ( 'NONE',  ( 5.868986283848379060, -4.808326112068475489, -24.79999999999999005 ) ) ;
#10272 = ORIENTED_EDGE ( 'NONE', *, *, #104, .F. ) ;
#10273 = EDGE_LOOP ( 'NONE', ( #10225 ) ) ;
#10274 = CARTESIAN_POINT ( 'NONE',  ( 4.461459410936051029, 9.172606243505102341, -13.45210233311398618 ) ) ;
#10275 = CC_DESIGN_SECURITY_CLASSIFICATION ( #194, ( #3303 ) ) ;
#10276 = CIRCLE ( 'NONE', #5719, 1.850000000000000089 ) ;
#10277 = CARTESIAN_POINT ( 'NONE',  ( -1.750786205429736800E-15, -1.422005728670131962E-15, -24.41324865405200129 ) ) ;
#10278 = DIRECTION ( 'NONE',  ( -0.7071067811865522357, 0.7071067811865429098, 0.000000000000000000 ) ) ;
#10279 = CARTESIAN_POINT ( 'NONE',  ( 2.545584412271585606, -5.939696961966984823, -12.29999999999999893 ) ) ;
#10280 = EDGE_CURVE ( 'NONE', #4738, #6573, #10099, .T. ) ;
#10281 = CARTESIAN_POINT ( 'NONE',  ( 4.596011983108330590, -5.456632533263107376, -26.93381371779399203 ) ) ;
#10282 = DIRECTION ( 'NONE',  ( -0.7071067811865413555, -0.7071067811865536790, -2.329999999999998024E-15 ) ) ;
#10283 = DIRECTION ( 'NONE',  ( 0.000000000000000000, -1.000000000000000000, 0.000000000000000000 ) ) ;
#10284 = CARTESIAN_POINT ( 'NONE',  ( 0.000000000000000000, 0.000000000000000000, -9.400000000000000355 ) ) ;
#10285 = CARTESIAN_POINT ( 'NONE',  ( -4.773571024243354444, 10.46249749765334691, -11.50602682622900730 ) ) ;
#10286 = DIRECTION ( 'NONE',  ( -1.000000000000000000, 0.000000000000000000, 0.000000000000000000 ) ) ;
#10287 = CONICAL_SURFACE ( 'NONE', #37, 11.50000000000000000, 0.7853981633974497223 ) ;
#10288 = DIRECTION ( 'NONE',  ( 0.000000000000000000, 0.000000000000000000, -1.000000000000000000 ) ) ;
#10289 = ORIENTED_EDGE ( 'NONE', *, *, #10212, .T. ) ;
#10290 = CARTESIAN_POINT ( 'NONE',  ( -3.725420603911047568, 9.496538687308836657, -10.81026177729900795 ) ) ;
#10291 = ORIENTED_EDGE ( 'NONE', *, *, #392, .F. ) ;
#10292 = CARTESIAN_POINT ( 'NONE',  ( -5.851782316809429396, -4.791450894971267971, -26.68618552639201624 ) ) ;
#10293 = VECTOR ( 'NONE', #9835, 1000.000000000000000 ) ;
#10294 = ORIENTED_EDGE ( 'NONE', *, *, #3344, .T. ) ;
#10295 = FACE_OUTER_BOUND ( 'NONE', #9942, .T. ) ;
#10296 = EDGE_CURVE ( 'NONE', #7777, #7171, #9256, .T. ) ;
#10297 = FACE_OUTER_BOUND ( 'NONE', #10110, .T. ) ;
#10298 = CARTESIAN_POINT ( 'NONE',  ( 4.569041772019953207, 10.55345073786147658, -11.24666862133798517 ) ) ;
#10299 = CARTESIAN_POINT ( 'NONE',  ( 6.828094255978105487, -9.254508101019835564, -13.28592724913498735 ) ) ;
#10300 = FACE_OUTER_BOUND ( 'NONE', #465, .T. ) ;
#10301 = EDGE_CURVE ( 'NONE', #2992, #5959, #739, .T. ) ;
#10302 = AXIS2_PLACEMENT_3D ( 'NONE', #2674, #9223, #7614 ) ;
#10303 = VERTEX_POINT ( 'NONE', #3629 ) ;
#10304 = ORIENTED_EDGE ( 'NONE', *, *, #264, .T. ) ;
#10305 = CARTESIAN_POINT ( 'NONE',  ( 7.014059722449577983, -5.953399550669656648, -23.79999999999998650 ) ) ;
#10306 = ORIENTED_EDGE ( 'NONE', *, *, #3735, .T. ) ;
#10307 = CARTESIAN_POINT ( 'NONE',  ( -8.891214607772743861, -4.998630425066699523, -12.23109183074502404 ) ) ;
#10308 = CARTESIAN_POINT ( 'NONE',  ( 5.085786437626810930, 1.414213562372431454, -27.29999999999998650 ) ) ;
#10309 = EDGE_CURVE ( 'NONE', #2992, #10439, #9463, .T. ) ;
#10310 = DIRECTION ( 'NONE',  ( -1.000000000000000000, 0.000000000000000000, 0.000000000000000000 ) ) ;
#10311 = ORIENTED_EDGE ( 'NONE', *, *, #8128, .T. ) ;
#10312 = DIRECTION ( 'NONE',  ( 0.000000000000000000, 0.000000000000000000, -1.000000000000000000 ) ) ;
#10313 = LINE ( 'NONE', #4735, #2499 ) ;
#10314 = DIRECTION ( 'NONE',  ( 0.7071067811703316552, 0.7071067812027634902, 2.779999999967579208E-15 ) ) ;
#10315 = EDGE_LOOP ( 'NONE', ( #4151, #8815 ) ) ;
#10316 = VERTEX_POINT ( 'NONE', #8554 ) ;
#10317 = AXIS2_PLACEMENT_3D ( 'NONE', #9281, #9325, #7734 ) ;
#10318 = CARTESIAN_POINT ( 'NONE',  ( 4.291558287228957269, 9.253521240151703964, -13.57643061476098723 ) ) ;
#10319 = EDGE_CURVE ( 'NONE', #6471, #6471, #6055, .T. ) ;
#10320 = CARTESIAN_POINT ( 'NONE',  ( -0.1499999999999999944, -2.200000000000000178, 7.299999999999999822 ) ) ;
#10321 = AXIS2_PLACEMENT_3D ( 'NONE', #9255, #2929, #1843 ) ;
#10322 = VERTEX_POINT ( 'NONE', #4688 ) ;
#10323 = CARTESIAN_POINT ( 'NONE',  ( 1.355497403577985871, -2.040864225982059743, 7.700000000000000178 ) ) ;
#10324 = CARTESIAN_POINT ( 'NONE',  ( 4.647279604265444064, -5.046756922887595032, -27.09186954811299231 ) ) ;
#10325 = DIRECTION ( 'NONE',  ( -2.491995308303619233E-15, -4.919953083036274587E-16, 1.000000000000000000 ) ) ;
#10326 = ORIENTED_EDGE ( 'NONE', *, *, #1363, .T. ) ;
#10327 = EDGE_LOOP ( 'NONE', ( #2697, #351, #8612, #95 ) ) ;
#10328 = CIRCLE ( 'NONE', #7809, 11.00000000000000000 ) ;
#10329 = EDGE_CURVE ( 'NONE', #8768, #10303, #4495, .T. ) ;
#10330 = CARTESIAN_POINT ( 'NONE',  ( 0.05000000000000060646, -2.049324200890695113, 7.700000000000000178 ) ) ;
#10331 = DIRECTION ( 'NONE',  ( -0.7071067812027626021, 0.7071067811703325434, -1.304213562418953313E-15 ) ) ;
#10332 = CYLINDRICAL_SURFACE ( 'NONE', #1185, 4.000000000000000000 ) ;
#10333 = CARTESIAN_POINT ( 'NONE',  ( -7.014059722449493606, -5.953399550669776552, -23.80000000000001847 ) ) ;
#10334 = CARTESIAN_POINT ( 'NONE',  ( 3.499999999994523048, -10.95445115009787962, -13.79999999999999716 ) ) ;
#10335 = DIRECTION ( 'NONE',  ( 6.110912703474026124E-16, 4.919953083036111885E-16, -1.000000000000000000 ) ) ;
#10336 = CARTESIAN_POINT ( 'NONE',  ( 9.189418128223628912, -6.914949359528887562, -13.29999998935498340 ) ) ;
#10337 = EDGE_LOOP ( 'NONE', ( #4176 ) ) ;
#10338 = CARTESIAN_POINT ( 'NONE',  ( 0.1499999999999999944, -3.299999999999999822, 7.700000000000000178 ) ) ;
#10339 = CARTESIAN_POINT ( 'NONE',  ( -0.8042429674092549385, 0.5943006388796895356, -12.30000000000000426 ) ) ;
#10340 = CARTESIAN_POINT ( 'NONE',  ( -0.1423076923076916078, -2.044518506469930053, 7.700000000000000178 ) ) ;
#10341 =( BOUNDED_CURVE ( )  B_SPLINE_CURVE ( 2, ( #883, #3477, #8142 ),
 .UNSPECIFIED., .F., .F. ) 
 B_SPLINE_CURVE_WITH_KNOTS ( ( 3, 3 ),
 ( 0.000000000000000000, 1.000000000000000000 ),
 .UNSPECIFIED. ) 
 CURVE ( )  GEOMETRIC_REPRESENTATION_ITEM ( )  RATIONAL_B_SPLINE_CURVE ( ( 1.000000000000000000, 1.021844029402295906, 1.000000000000000000 ) ) 
 REPRESENTATION_ITEM ( '' )  );
#10342 = CARTESIAN_POINT ( 'NONE',  ( -2.121320343559671251, 2.121320343559624177, -22.45857864376269575 ) ) ;
#10343 = VERTEX_POINT ( 'NONE', #8452 ) ;
#10344 = DIRECTION ( 'NONE',  ( 0.000000000000000000, 0.000000000000000000, -1.000000000000000000 ) ) ;
#10345 = ORIENTED_EDGE ( 'NONE', *, *, #7736, .F. ) ;
#10346 = CIRCLE ( 'NONE', #8501, 10.20000000000000107 ) ;
#10347 = CARTESIAN_POINT ( 'NONE',  ( 0.000000000000000000, 0.000000000000000000, 6.799999999999999822 ) ) ;
#10348 = CARTESIAN_POINT ( 'NONE',  ( 4.491741413304294106, 10.58663180925019809, -13.42717370112498898 ) ) ;
#10349 = LINE ( 'NONE', #10405, #6232 ) ;
#10350 = ORIENTED_EDGE ( 'NONE', *, *, #1773, .F. ) ;
#10351 = ORIENTED_EDGE ( 'NONE', *, *, #1542, .F. ) ;
#10352 = AXIS2_PLACEMENT_3D ( 'NONE', #1039, #3581, #6183 ) ;
#10353 = CARTESIAN_POINT ( 'NONE',  ( -1.850000000000000089, 9.000000000000000000, 3.000000000000000000 ) ) ;
#10354 = LINE ( 'NONE', #8574, #6801 ) ;
#10355 = CARTESIAN_POINT ( 'NONE',  ( -9.231280351169452558, 4.339082334305171429, -11.05459733344701867 ) ) ;
#10356 = ORIENTED_EDGE ( 'NONE', *, *, #3073, .T. ) ;
#10357 = CARTESIAN_POINT ( 'NONE',  ( -8.946641378701505332, -4.899622735904785031, -11.71487171443702380 ) ) ;
#10358 = CARTESIAN_POINT ( 'NONE',  ( 11.49999999999391420, -3.499999999994370281, -10.79999999999997584 ) ) ;
#10359 = EDGE_CURVE ( 'NONE', #5908, #6053, #5887, .T. ) ;
#10360 = CARTESIAN_POINT ( 'NONE',  ( -0.6888520379748439559, 10.97840985160318006, 0.9999999999999991118 ) ) ;
#10361 = CARTESIAN_POINT ( 'NONE',  ( 10.46249749764907300, 4.773571024239066318, -11.50602682622897355 ) ) ;
#10362 = AXIS2_PLACEMENT_3D ( 'NONE', #10127, #335, #6965 ) ;
#10363 = CARTESIAN_POINT ( 'NONE',  ( -0.9491055452343960530, -3.412740055467500255, 7.700000000000000178 ) ) ;
#10364 = DIRECTION ( 'NONE',  ( 1.000000000000000000, 0.000000000000000000, 0.000000000000000000 ) ) ;
#10365 = VERTEX_POINT ( 'NONE', #5429 ) ;
#10366 = EDGE_LOOP ( 'NONE', ( #2990 ) ) ;
#10367 = DIRECTION ( 'NONE',  ( 0.000000000000000000, 0.000000000000000000, 1.000000000000000000 ) ) ;
#10368 = EDGE_CURVE ( 'NONE', #4508, #10548, #5543, .T. ) ;
#10369 = CARTESIAN_POINT ( 'NONE',  ( 7.584086097662747328, 8.644746269442705966, -27.29999999999998295 ) ) ;
#10370 = ORIENTED_EDGE ( 'NONE', *, *, #9953, .F. ) ;
#10371 = ADVANCED_FACE ( 'NONE', ( #10133 ), #7765, .F. ) ;
#10372 = ORIENTED_EDGE ( 'NONE', *, *, #805, .F. ) ;
#10373 = CARTESIAN_POINT ( 'NONE',  ( 4.899622735904593185, 8.946641378701544411, -12.88512828556198464 ) ) ;
#10374 = AXIS2_PLACEMENT_3D ( 'NONE', #245, #1689, #5008 ) ;
#10375 = FACE_OUTER_BOUND ( 'NONE', #2759, .T. ) ;
#10376 = CARTESIAN_POINT ( 'NONE',  ( 0.000000000000000000, -0.2000000000000000111, 7.299999999999999822 ) ) ;
#10377 = CARTESIAN_POINT ( 'NONE',  ( -2.332304605486769766, 1.723471852751111477, -12.40000000000000391 ) ) ;
#10378 = VECTOR ( 'NONE', #5364, 1000.000000000000000 ) ;
#10379 = CARTESIAN_POINT ( 'NONE',  ( 4.670617836566522740, -4.997270754621350619, -27.10363736790099054 ) ) ;
#10380 = FACE_BOUND ( 'NONE', #1298, .T. ) ;
#10381 = EDGE_CURVE ( 'NONE', #807, #807, #7556, .T. ) ;
#10382 = ORIENTED_EDGE ( 'NONE', *, *, #6709, .T. ) ;
#10383 = DIRECTION ( 'NONE',  ( -0.7071067811865474617, 0.7071067811865474617, 0.000000000000000000 ) ) ;
#10384 = CARTESIAN_POINT ( 'NONE',  ( -2.092031021678331548, 2.092031021678276037, -19.50000000000000711 ) ) ;
#10385 = AXIS2_PLACEMENT_3D ( 'NONE', #5192, #1270, #7743 ) ;
#10386 = CARTESIAN_POINT ( 'NONE',  ( 0.000000000000000000, 0.000000000000000000, 1.199999999999999956 ) ) ;
#10387 = VECTOR ( 'NONE', #853, 1000.000000000000114 ) ;
#10388 = DIRECTION ( 'NONE',  ( -0.7071067811865522357, 0.7071067811865429098, 0.000000000000000000 ) ) ;
#10389 = DIRECTION ( 'NONE',  ( 0.000000000000000000, 0.000000000000000000, 1.000000000000000000 ) ) ;
#10390 = CARTESIAN_POINT ( 'NONE',  ( -0.7071067811865647812, 0.7071067811865398012, -22.45857864376269575 ) ) ;
#10391 = FACE_OUTER_BOUND ( 'NONE', #4960, .T. ) ;
#10392 = ADVANCED_FACE ( 'NONE', ( #2065, #3203 ), #6028, .F. ) ;
#10393 = CARTESIAN_POINT ( 'NONE',  ( 0.000000000000000000, 0.000000000000000000, 5.000000000000000000 ) ) ;
#10394 = CARTESIAN_POINT ( 'NONE',  ( 9.551922297933140626, -6.404082294806589637, -12.99015042061798120 ) ) ;
#10395 = ORIENTED_EDGE ( 'NONE', *, *, #3407, .F. ) ;
#10396 = EDGE_CURVE ( 'NONE', #6063, #1577, #874, .T. ) ;
#10397 = AXIS2_PLACEMENT_3D ( 'NONE', #3218, #9541, #8089 ) ;
#10398 = CARTESIAN_POINT ( 'NONE',  ( -4.773030996250818170, 5.831348142085838404, -26.70205091019501253 ) ) ;
#10399 = DIRECTION ( 'NONE',  ( 0.000000000000000000, 0.000000000000000000, 1.000000000000000000 ) ) ;
#10400 = ORIENTED_EDGE ( 'NONE', *, *, #3146, .F. ) ;
#10401 = CARTESIAN_POINT ( 'NONE',  ( 1.355497403577985871, -2.432350908723610150, 7.700000000000000178 ) ) ;
#10402 = DIRECTION ( 'NONE',  ( 0.000000000000000000, 0.000000000000000000, 1.000000000000000000 ) ) ;
#10403 = CARTESIAN_POINT ( 'NONE',  ( 4.641636258039261165, 10.52175953570188760, -13.27522473130698621 ) ) ;
#10404 = CARTESIAN_POINT ( 'NONE',  ( 4.874526289364351506, 4.748169116304388204, -27.12405566886198827 ) ) ;
#10405 = CARTESIAN_POINT ( 'NONE',  ( -0.1503006114785185032, -3.495393274921485105, 7.700000000000000178 ) ) ;
#10406 = AXIS2_PLACEMENT_3D ( 'NONE', #3486, #9991, #9161 ) ;
#10407 = PLANE ( 'NONE',  #8764 ) ;
#10408 = ORIENTED_EDGE ( 'NONE', *, *, #4822, .F. ) ;
#10409 =( BOUNDED_CURVE ( )  B_SPLINE_CURVE ( 2, ( #10144, #667, #1631 ),
 .UNSPECIFIED., .F., .F. ) 
 B_SPLINE_CURVE_WITH_KNOTS ( ( 3, 3 ),
 ( 0.000000000000000000, 1.000000000000000000 ),
 .UNSPECIFIED. ) 
 CURVE ( )  GEOMETRIC_REPRESENTATION_ITEM ( )  RATIONAL_B_SPLINE_CURVE ( ( 1.000000000000000000, 1.004847937625862109, 1.000000000000000000 ) ) 
 REPRESENTATION_ITEM ( '' )  );
#10410 = ADVANCED_FACE ( 'NONE', ( #1295 ), #486, .T. ) ;
#10411 = CARTESIAN_POINT ( 'NONE',  ( -4.523888436608217489, 9.142016692789358245, -13.39759389478400919 ) ) ;
#10412 = CARTESIAN_POINT ( 'NONE',  ( 0.7071067811865345831, -0.7071067811865451302, -19.60000000000000142 ) ) ;
#10413 = CARTESIAN_POINT ( 'NONE',  ( 8.911871283231995733, -4.961876225946312502, -11.89878340595498152 ) ) ;
#10414 = ORIENTED_EDGE ( 'NONE', *, *, #7466, .T. ) ;
#10415 = CARTESIAN_POINT ( 'NONE',  ( -1.137154288554780290, -6.517117313710497406, -9.400000000000011013 ) ) ;
#10416 = CARTESIAN_POINT ( 'NONE',  ( -6.049441401588648404, -2.377868526379541603, -27.30000000000002203 ) ) ;
#10417 = CARTESIAN_POINT ( 'NONE',  ( 10.45334966346037397, 4.793568885020818904, -11.53886372287197482 ) ) ;
#10418 = CARTESIAN_POINT ( 'NONE',  ( -0.6099076439117319115, -2.750000000000000444, 7.700000000000000178 ) ) ;
#10419 = ORIENTED_EDGE ( 'NONE', *, *, #7737, .F. ) ;
#10420 = DIRECTION ( 'NONE',  ( -0.7071067811865480168, -0.7071067811865470176, 0.000000000000000000 ) ) ;
#10421 = EDGE_LOOP ( 'NONE', ( #89, #9206 ) ) ;
#10422 = CARTESIAN_POINT ( 'NONE',  ( 5.796685582895932498, -2.125112707673964874, -24.79999999999999005 ) ) ;
#10423 = VECTOR ( 'NONE', #6057, 1000.000000000000000 ) ;
#10424 = FACE_BOUND ( 'NONE', #870, .T. ) ;
#10425 = ORIENTED_EDGE ( 'NONE', *, *, #9356, .F. ) ;
#10426 = EDGE_LOOP ( 'NONE', ( #10150, #919, #7740, #6352 ) ) ;
#10427 = EDGE_LOOP ( 'NONE', ( #7646, #336, #3866, #8633 ) ) ;
#10428 = CARTESIAN_POINT ( 'NONE',  ( 4.384818667895004296, 9.209545823984969459, -13.51252348596698738 ) ) ;
#10429 = DIRECTION ( 'NONE',  ( 0.000000000000000000, 0.000000000000000000, -1.000000000000000000 ) ) ;
#10430 = VECTOR ( 'NONE', #9696, 1000.000000000000000 ) ;
#10431 = CARTESIAN_POINT ( 'NONE',  ( 0.000000000000000000, 0.000000000000000000, 5.000000000000000000 ) ) ;
#10432 = CARTESIAN_POINT ( 'NONE',  ( 4.691990631649288979, 5.725227855668098442, -26.77909808926398583 ) ) ;
#10433 = CARTESIAN_POINT ( 'NONE',  ( -10.51126777101101695, -4.665286445088226763, -13.24641988505902646 ) ) ;
#10434 = EDGE_CURVE ( 'NONE', #7629, #1195, #6034, .T. ) ;
#10435 = VERTEX_POINT ( 'NONE', #3141 ) ;
#10437 = EDGE_CURVE ( 'NONE', #3104, #9706, #5029, .T. ) ;
#10436 = CARTESIAN_POINT ( 'NONE',  ( 4.723799586481154833, -5.771848379881747704, -26.74663709335199258 ) ) ;
#10438 = DIRECTION ( 'NONE',  ( -6.110912703474027111E-16, -4.919953083036113857E-16, 1.000000000000000000 ) ) ;
#10439 = VERTEX_POINT ( 'NONE', #7378 ) ;
#10440 = LINE ( 'NONE', #106, #7997 ) ;
#10441 = DIRECTION ( 'NONE',  ( -1.000000000000000000, 0.000000000000000000, 0.000000000000000000 ) ) ;
#10442 = CIRCLE ( 'NONE', #5207, 1.850000000000000089 ) ;
#10443 = CARTESIAN_POINT ( 'NONE',  ( 0.1496993885214814302, -3.496295113431885149, 7.299999999999999822 ) ) ;
#10444 = EDGE_CURVE ( 'NONE', #6338, #8244, #9828, .T. ) ;
#10445 = CARTESIAN_POINT ( 'NONE',  ( -4.969337436532899943, 10.37096205663991277, -11.96181140037001001 ) ) ;
#10446 = CARTESIAN_POINT ( 'NONE',  ( 0.000000000000000000, 0.000000000000000000, 5.000000000000000000 ) ) ;
#10447 = CARTESIAN_POINT ( 'NONE',  ( 0.7363961030678866093, -0.7363961030678888298, -22.50000000000000355 ) ) ;
#10448 = FACE_OUTER_BOUND ( 'NONE', #4166, .T. ) ;
#10449 = AXIS2_PLACEMENT_3D ( 'NONE', #2214, #3087, #7014 ) ;
#10450 = ORIENTED_EDGE ( 'NONE', *, *, #1697, .T. ) ;
#10451 = CARTESIAN_POINT ( 'NONE',  ( -4.713913591005573167, -4.922667785323101342, -27.11776946302201807 ) ) ;
#10452 = ADVANCED_FACE ( 'NONE', ( #873 ), #4171, .T. ) ;
#10453 = ORIENTED_EDGE ( 'NONE', *, *, #4650, .F. ) ;
#10454 = ORIENTED_EDGE ( 'NONE', *, *, #10368, .T. ) ;
#10455 = CARTESIAN_POINT ( 'NONE',  ( -0.9601601107035830918, 1.500000000000000000, 31.92463053613946755 ) ) ;
#10456 = AXIS2_PLACEMENT_3D ( 'NONE', #5575, #4804, #1437 ) ;
#10457 = ADVANCED_FACE ( 'NONE', ( #7528 ), #353, .T. ) ;
#10458 = CARTESIAN_POINT ( 'NONE',  ( -4.808326112068476377, -5.868986283848385277, -26.67232776209101530 ) ) ;
#10459 = CARTESIAN_POINT ( 'NONE',  ( 0.000000000000000000, -9.000000000000000000, 0.000000000000000000 ) ) ;
#10460 = CARTESIAN_POINT ( 'NONE',  ( -4.745553208473888951, -10.47522870118170424, -11.46315796662101683 ) ) ;
#10461 = ORIENTED_EDGE ( 'NONE', *, *, #2316, .F. ) ;
#10462 = CARTESIAN_POINT ( 'NONE',  ( 1.050000000000037792, -9.000000000000000000, 0.9999999999999991118 ) ) ;
#10463 = CARTESIAN_POINT ( 'NONE',  ( -4.582026060027012626, 9.112956821424500475, -13.33965359689700669 ) ) ;
#10464 = FACE_OUTER_BOUND ( 'NONE', #1455, .T. ) ;
#10465 = ORIENTED_EDGE ( 'NONE', *, *, #8077, .F. ) ;
#10466 = CARTESIAN_POINT ( 'NONE',  ( 2.192128669685430520, 1.115603825532607951, -9.399999999999996803 ) ) ;
#10467 = CARTESIAN_POINT ( 'NONE',  ( 0.000000000000000000, -0.2000000000000000111, 7.299999999999999822 ) ) ;
#10468 = EDGE_CURVE ( 'NONE', #6633, #6633, #2941, .T. ) ;
#10469 = CARTESIAN_POINT ( 'NONE',  ( 10.91292892193558473, 3.629958060373064122, -10.80000001056797387 ) ) ;
#10470 = CONICAL_SURFACE ( 'NONE', #1235, 6.500000000000000000, 1.047197551196999754 ) ;
#10471 = DIRECTION ( 'NONE',  ( 0.000000000000000000, 0.000000000000000000, 1.000000000000000000 ) ) ;
#10472 = DIRECTION ( 'NONE',  ( 0.000000000000000000, 0.000000000000000000, -1.000000000000000000 ) ) ;
#10473 = ORIENTED_EDGE ( 'NONE', *, *, #5859, .T. ) ;
#10474 = DIRECTION ( 'NONE',  ( -0.7071067811865535679, 0.7071067811865415775, -1.414213562373106900E-15 ) ) ;
#10475 = ORIENTED_EDGE ( 'NONE', *, *, #8862, .T. ) ;
#10476 = CARTESIAN_POINT ( 'NONE',  ( 0.05000000000000070360, -2.200000000000000178, 7.700000000000000178 ) ) ;
#10477 = CYLINDRICAL_SURFACE ( 'NONE', #10057, 3.000000000000000000 ) ;
#10478 = EDGE_LOOP ( 'NONE', ( #519 ) ) ;
#10479 = VECTOR ( 'NONE', #1875, 1000.000000000000000 ) ;
#10480 = CARTESIAN_POINT ( 'NONE',  ( 5.868986283848298235, 4.808326112068572300, -24.79999999999998650 ) ) ;
#10481 = ORIENTED_EDGE ( 'NONE', *, *, #8212, .F. ) ;
#10482 = DIRECTION ( 'NONE',  ( 0.000000000000000000, 0.000000000000000000, 1.000000000000000000 ) ) ;
#10483 = CARTESIAN_POINT ( 'NONE',  ( 0.9601601107035757643, 1.500000000000000000, 31.92463053613946755 ) ) ;
#10484 = DIRECTION ( 'NONE',  ( 0.000000000000000000, 0.000000000000000000, -1.000000000000000000 ) ) ;
#10485 = CARTESIAN_POINT ( 'NONE',  ( 0.05000000000000080075, -3.200000000000000178, 7.700000000000000178 ) ) ;
#10486 = CARTESIAN_POINT ( 'NONE',  ( -7.212489168102836246, 7.212489168102736770, -22.91324865405201905 ) ) ;
#10487 = CARTESIAN_POINT ( 'NONE',  ( 4.691214343689621202, -4.959808227258722724, -27.11124587704098943 ) ) ;
#10488 = DIRECTION ( 'NONE',  ( 2.515591529716012086E-16, 3.848369500962892639E-16, -1.000000000000000000 ) ) ;
#10489 = VERTEX_POINT ( 'NONE', #5850 ) ;
#10490 = ADVANCED_FACE ( 'NONE', ( #4875 ), #9081, .T. ) ;
#10491 = DIRECTION ( 'NONE',  ( -1.000000000000000000, 0.000000000000000000, 0.000000000000000000 ) ) ;
#10492 = CARTESIAN_POINT ( 'NONE',  ( 6.363961030678891184, 2.121320343559689015, -19.54142135623730780 ) ) ;
#10493 = CARTESIAN_POINT ( 'NONE',  ( -9.000000000000000000, -3.142335024998445122E-14, 0.000000000000000000 ) ) ;
#10494 = CIRCLE ( 'NONE', #7293, 1.850000000000000089 ) ;
#10495 = CARTESIAN_POINT ( 'NONE',  ( 0.000000000000000000, 0.000000000000000000, 1.000000000000000000 ) ) ;
#10496 = CARTESIAN_POINT ( 'NONE',  ( 7.001597576483850283, -9.122917920097144417, -11.29999999999998650 ) ) ;
#10497 = CARTESIAN_POINT ( 'NONE',  ( 4.488262884146016596, -10.58810457441687802, -13.43017601638399583 ) ) ;
#10498 = CARTESIAN_POINT ( 'NONE',  ( -2.788373029032428409E-15, -5.343354954612831246E-15, -14.40000000000000213 ) ) ;
#10499 = VERTEX_POINT ( 'NONE', #4222 ) ;
#10500 = DIRECTION ( 'NONE',  ( 1.000000000000000000, 0.000000000000000000, 0.000000000000000000 ) ) ;
#10501 = ADVANCED_FACE ( 'NONE', ( #7479 ), #116, .T. ) ;
#10502 = EDGE_LOOP ( 'NONE', ( #5394 ) ) ;
#10503 = CARTESIAN_POINT ( 'NONE',  ( -5.093865147111840539E-13, -9.000000000000000000, 0.8000000000000003775 ) ) ;
#10504 = ORIENTED_EDGE ( 'NONE', *, *, #636, .F. ) ;
#10505 = CARTESIAN_POINT ( 'NONE',  ( -1.322875655532296024, 1.500000000000000000, 10.00000000000000000 ) ) ;
#10506 = ORIENTED_EDGE ( 'NONE', *, *, #9577, .F. ) ;
#10507 = CARTESIAN_POINT ( 'NONE',  ( -3.613257764340302103, -9.539334752914056637, -10.80000000871001298 ) ) ;
#10508 = CARTESIAN_POINT ( 'NONE',  ( 4.829212496709224922, 10.43691013647491239, -11.60369799986898975 ) ) ;
#10509 = AXIS2_PLACEMENT_3D ( 'NONE', #8707, #5527, #9666 ) ;
#10510 = DIRECTION ( 'NONE',  ( -0.7071067811865532349, 0.7071067811865416886, -1.508455196501571232E-15 ) ) ;
#10511 = VERTEX_POINT ( 'NONE', #2588 ) ;
#10512 = CARTESIAN_POINT ( 'NONE',  ( -4.493195736987826372, 9.157136858707664473, -13.42530735610000825 ) ) ;
#10513 = ORIENTED_EDGE ( 'NONE', *, *, #8970, .T. ) ;
#10514 = EDGE_CURVE ( 'NONE', #754, #754, #3973, .T. ) ;
#10515 = EDGE_CURVE ( 'NONE', #10542, #10542, #518, .T. ) ;
#10516 = CARTESIAN_POINT ( 'NONE',  ( 9.000000000000000000, 9.427005074995329055E-14, 1.000000000000000000 ) ) ;
#10517 = ORIENTED_EDGE ( 'NONE', *, *, #6243, .F. ) ;
#10518 = CARTESIAN_POINT ( 'NONE',  ( -9.580709785814637058, -3.500000000000125233, -10.80000000000002558 ) ) ;
#10519 = AXIS2_PLACEMENT_3D ( 'NONE', #8379, #5992, #9236 ) ;
#10520 = CARTESIAN_POINT ( 'NONE',  ( 1.850000000000000089, -0.1999999999999997891, 7.700000000000000178 ) ) ;
#10521 = CARTESIAN_POINT ( 'NONE',  ( 10.46490192071888181, 4.768311880335428299, -13.10255079437897585 ) ) ;
#10522 = DIRECTION ( 'NONE',  ( 0.000000000000000000, 0.000000000000000000, -1.000000000000000000 ) ) ;
#10523 = B_SPLINE_CURVE_WITH_KNOTS ( 'NONE', 6,
 ( #5732, #4921, #808, #3879, #9603, #8811, #3142, #694, #6472, #1655, #9369, #8466, #1860, #1048, #6085, #6931, #6873, #3299, #10149, #2022, #8222, #9863, #9218, #6818, #9818, #2723, #1256, #504, #3700, #2893, #1307, #3799, #7919, #10202, #9528, #5496, #4560, #9582, #2234, #3750, #7037, #5549, #4719, #7972, #2450, #7391, #10571 ),
 .UNSPECIFIED., .F., .F.,
 ( 7, 5, 5, 5, 5, 5, 5, 5, 5, 7 ),
 ( 0.000000000000000000, 0.1289863425369999761, 0.1997478923880000035, 0.2526862812750000353, 0.4869572614349999551, 0.5213667381059999828, 0.7473419890560000223, 0.8002681945500000893, 0.8710281006229999567, 1.000000000000000000 ),
 .UNSPECIFIED. ) ;
#10524 = VECTOR ( 'NONE', #1952, 1000.000000000000000 ) ;
#10525 = CARTESIAN_POINT ( 'NONE',  ( 0.3686723107219799789, -3.496953374145139737, 7.299999999999999822 ) ) ;
#10526 = ORIENTED_EDGE ( 'NONE', *, *, #10269, .F. ) ;
#10527 = EDGE_CURVE ( 'NONE', #863, #863, #4840, .T. ) ;
#10528 = EDGE_LOOP ( 'NONE', ( #9478, #7910, #3526, #10001 ) ) ;
#10529 = CARTESIAN_POINT ( 'NONE',  ( 10.95445115009789916, -3.499999999994375610, -13.79999999999997762 ) ) ;
#10530 = CARTESIAN_POINT ( 'NONE',  ( 10.43691013647488042, -4.829212496709270219, -11.60369799986898265 ) ) ;
#10531 = EDGE_CURVE ( 'NONE', #3806, #4396, #6729, .T. ) ;
#10532 = CARTESIAN_POINT ( 'NONE',  ( -0.8554974035779859820, -2.918570247845604815, 7.700000000000000178 ) ) ;
#10533 = ORIENTED_EDGE ( 'NONE', *, *, #3727, .T. ) ;
#10534 = DIRECTION ( 'NONE',  ( 0.000000000000000000, -1.000000000000000000, 0.000000000000000000 ) ) ;
#10535 = ORIENTED_EDGE ( 'NONE', *, *, #5880, .T. ) ;
#10536 = CARTESIAN_POINT ( 'NONE',  ( -8.076770987746094477, 4.405198112628722740, -23.80000000000001847 ) ) ;
#10537 = ORIENTED_EDGE ( 'NONE', *, *, #9163, .T. ) ;
#10538 = PLANE ( 'NONE',  #2314 ) ;
#10539 = CARTESIAN_POINT ( 'NONE',  ( 3.111269837220818513, -5.374011537017741702, -12.29999999999999716 ) ) ;
#10540 = CIRCLE ( 'NONE', #6301, 0.1000000000000000056 ) ;
#10541 = FACE_OUTER_BOUND ( 'NONE', #1530, .T. ) ;
#10542 = VERTEX_POINT ( 'NONE', #8221 ) ;
#10543 = CARTESIAN_POINT ( 'NONE',  ( 6.363961030679580411, -6.363961030678660258, 1.000000000000000000 ) ) ;
#10544 = CARTESIAN_POINT ( 'NONE',  ( -3.886864499436928158E-14, -1.470176474832373608E-14, -9.390000000000002345 ) ) ;
#10545 = AXIS2_PLACEMENT_3D ( 'NONE', #2073, #344, #4503 ) ;
#10546 = EDGE_LOOP ( 'NONE', ( #5331, #3654, #6011, #6852 ) ) ;
#10547 = ORIENTED_EDGE ( 'NONE', *, *, #5920, .T. ) ;
#10548 = VERTEX_POINT ( 'NONE', #1019 ) ;
#10549 = FACE_BOUND ( 'NONE', #2534, .T. ) ;
#10550 = CIRCLE ( 'NONE', #2372, 0.7999999999999996003 ) ;
#10551 = PLANE ( 'NONE',  #3951 ) ;
#10552 = AXIS2_PLACEMENT_3D ( 'NONE', #9405, #7708, #1186 ) ;
#10553 = DIRECTION ( 'NONE',  ( -0.7071067811865535679, 0.7071067811865414665, 0.000000000000000000 ) ) ;
#10554 = CARTESIAN_POINT ( 'NONE',  ( 4.491741429293566235, -10.58663180238271373, -11.17282631419799444 ) ) ;
#10555 = DIRECTION ( 'NONE',  ( -6.110912703474027111E-16, -4.919953083036113857E-16, 1.000000000000000000 ) ) ;
#10556 = VERTEX_POINT ( 'NONE', #7580 ) ;
#10557 = LINE ( 'NONE', #6436, #8162 ) ;
#10558 = VECTOR ( 'NONE', #2251, 1000.000000000000000 ) ;
#10559 = CIRCLE ( 'NONE', #8543, 11.50000000000000000 ) ;
#10560 = DIRECTION ( 'NONE',  ( 1.000000000000000000, 0.000000000000000000, 0.000000000000000000 ) ) ;
#10561 = ORIENTED_EDGE ( 'NONE', *, *, #5142, .F. ) ;
#10562 = CARTESIAN_POINT ( 'NONE',  ( -9.000000000000005329, -9.887923813067800438E-14, -9.400000000000027001 ) ) ;
#10563 = CARTESIAN_POINT ( 'NONE',  ( -4.726508297589429475, -9.039764345786533539, -13.18086969105801742 ) ) ;
#10564 = DIRECTION ( 'NONE',  ( 0.000000000000000000, 0.000000000000000000, 1.000000000000000000 ) ) ;
#10565 = CARTESIAN_POINT ( 'NONE',  ( 4.677164644546034644, 4.984688990355823357, -27.10635783477598793 ) ) ;
#10566 = EDGE_CURVE ( 'NONE', #8244, #9803, #184, .T. ) ;
#10567 = CIRCLE ( 'NONE', #5670, 10.20000000000000107 ) ;
#10568 = CARTESIAN_POINT ( 'NONE',  ( -5.895986424101256063, -3.000546957382504765, -12.40000000000001812 ) ) ;
#10569 = ORIENTED_EDGE ( 'NONE', *, *, #4587, .F. ) ;
#10570 = ADVANCED_FACE ( 'NONE', ( #6955 ), #2051, .F. ) ;
#10571 = CARTESIAN_POINT ( 'NONE',  ( 9.580709785814589097, 3.500000000000122125, -10.79999999999997584 ) ) ;
#10572 = CARTESIAN_POINT ( 'NONE',  ( 0.000000000000000000, 0.000000000000000000, 7.299999999999999822 ) ) ;
#10573 = ORIENTED_EDGE ( 'NONE', *, *, #10019, .F. ) ;
#10574 = EDGE_CURVE ( 'NONE', #891, #2618, #6901, .T. ) ;
#10575 = CARTESIAN_POINT ( 'NONE',  ( -9.209545823985008539, 4.384818667895030941, -13.51252348596702291 ) ) ;
#10576 = ORIENTED_EDGE ( 'NONE', *, *, #6538, .F. ) ;
#10577 = CARTESIAN_POINT ( 'NONE',  ( -1.992844245168653439, -1.014185295938750286, -9.500000000000008882 ) ) ;
#10578 = CARTESIAN_POINT ( 'NONE',  ( -4.939260491653553409, 4.702521083254507239, -27.11541424699501235 ) ) ;
#10579 = CARTESIAN_POINT ( 'NONE',  ( 7.163961030679579345, -6.363961030678660258, 5.000000000000000000 ) ) ;
#10580 = AXIS2_PLACEMENT_3D ( 'NONE', #1476, #5558, #6405 ) ;
#10581 = EDGE_CURVE ( 'NONE', #4800, #1706, #3628, .T. ) ;
#10582 = CYLINDRICAL_SURFACE ( 'NONE', #9938, 1.850000000000000089 ) ;
#10583 = ORIENTED_EDGE ( 'NONE', *, *, #1424, .F. ) ;
#10584 = VERTEX_POINT ( 'NONE', #4533 ) ;
#10585 = CARTESIAN_POINT ( 'NONE',  ( 1.050000000000000044, 9.000000000000000000, -9.200000000000006395 ) ) ;
#10586 = CARTESIAN_POINT ( 'NONE',  ( 10.82572612941464918, -3.883880206033424987, -10.84001357849897751 ) ) ;
#10587 = CARTESIAN_POINT ( 'NONE',  ( 4.000000000000000000, 0.000000000000000000, 6.799999999999999822 ) ) ;
#10588 = ORIENTED_EDGE ( 'NONE', *, *, #9578, .T. ) ;
#10589 = CARTESIAN_POINT ( 'NONE',  ( 7.163961030679579345, -6.363961030678660258, 1.000000000000000000 ) ) ;
#10590 = CARTESIAN_POINT ( 'NONE',  ( -6.578878888982385931, -6.578878888982496953, -23.80000000000001847 ) ) ;
#10591 = ORIENTED_EDGE ( 'NONE', *, *, #4822, .T. ) ;
#10592 = VECTOR ( 'NONE', #8884, 1000.000000000000114 ) ;
#10593 = ORIENTED_EDGE ( 'NONE', *, *, #1695, .T. ) ;
#10594 = DIRECTION ( 'NONE',  ( 0.000000000000000000, 0.000000000000000000, -1.000000000000000000 ) ) ;
#10595 = DIRECTION ( 'NONE',  ( -1.318198051533960105E-15, 6.818019484660514888E-16, 1.000000000000000000 ) ) ;
#10596 = EDGE_CURVE ( 'NONE', #10556, #2176, #1895, .T. ) ;
#10597 = CARTESIAN_POINT ( 'NONE',  ( -10.46249749765339132, -4.773571024243323357, -11.50602682622902861 ) ) ;
ENDSEC;
END-ISO-10303-21;
